,N,k1,k2,theta,intercept,coefs,accuracy,auroc,aupr,process_time,wall_time,size_G,size_H,avg_G,avg_H,avg_R_G,avg_R_H
0,1000,5.0,5.0,,,,,,,,,,,,,,
1,1000,5.0,5.0,0.225,0.0,9.852192379638343,0.40374263009484745,0.3630141921368672,0.3975537277756058,0.03173419000086142,0.03173494338989258,2447.0,2565.0,4.894,5.13,8.876,8.95
2,1000,5.0,5.0,0.45,0.0,5.892573339465842,0.3628478496566679,0.28969569430810677,0.3625120279452694,0.028817368000090937,0.028818130493164062,2447.0,2565.0,4.894,5.13,7.722,7.836
3,1000,5.0,5.0,0.675,0.0,4.258766331807541,0.28375149342891276,0.1820673492572719,0.32354101871316865,0.027729735998946126,0.027730464935302734,2447.0,2565.0,4.894,5.13,6.624,6.748
4,1000,5.0,5.0,0.9,0.0,2.598408223554157,0.14285714285714285,0.047336647727272724,0.2820456578539153,0.025935953000953305,0.025936126708984375,2447.0,2565.0,4.894,5.13,5.406,5.57
5,1000,7.777777777777778,5.0,,,,,,,,,,,,,,
6,1000,7.777777777777778,5.0,0.225,0.0,8.976462544128733,0.4470640569395018,0.3809172557582179,0.5086139096599247,0.03609830499954114,0.03609943389892578,3439.0,2394.0,6.878,4.788,10.572,10.086
7,1000,7.777777777777778,5.0,0.45,0.0,5.322298888844934,0.43622920517560076,0.31888265887582723,0.4780884386272005,0.032567065998591715,0.032567739486694336,3439.0,2394.0,6.878,4.788,9.514,8.644
8,1000,7.777777777777778,5.0,0.675,0.0,2.6817635418037087,0.44398766700924974,0.23026416495409435,0.42550245712519763,0.03292506500110903,0.03292536735534668,3439.0,2394.0,6.878,4.788,8.504,7.054
9,1000,7.777777777777778,5.0,0.9,0.0,1.4644116303775014,0.5016891891891891,0.10969470796130952,0.3786172123461271,0.03158903799885593,0.03158974647521973,3439.0,2394.0,6.878,4.788,7.39,5.46
10,1000,7.777777777777778,7.777777777777778,,,,,,,,,,,,,,
11,1000,7.777777777777778,7.777777777777778,0.225,0.0,10.204110905346715,0.41950668424025606,0.3862665984700004,0.41147181326175836,0.042683143001340795,0.04268479347229004,3330.0,3444.0,6.66,6.888,12.048,12.122
12,1000,7.777777777777778,7.777777777777778,0.45,0.0,6.147550599871865,0.36674816625916873,0.30016217250336125,0.374000020171236,0.03840540800047165,0.038405418395996094,3330.0,3444.0,6.66,6.888,10.376,10.534
13,1000,7.777777777777778,7.777777777777778,0.675,0.0,4.02890934359766,0.29078947368421054,0.20597079814554758,0.3420790680615911,0.03596636899965233,0.03596663475036621,3330.0,3444.0,6.66,6.888,8.95,9.158
14,1000,7.777777777777778,7.777777777777778,0.9,0.0,2.579290611861053,0.1777150916784203,0.06115096445082098,0.29698194250187093,0.03553916100099741,0.03553962707519531,3330.0,3444.0,6.66,6.888,7.398,7.568
15,1000,10.555555555555555,5.0,,,,,,,,,,,,,,
16,1000,10.555555555555555,5.0,0.225,0.0,8.698888095238686,0.5872199170124481,0.4306778218252749,0.6356424096318397,0.046470621000480605,0.04647183418273926,5309.0,2485.0,10.618,4.97,14.444,13.194
17,1000,10.555555555555555,5.0,0.45,0.0,4.059655361426152,0.6406652611852893,0.3905969030969031,0.603047609333893,0.04215192900119291,0.04215240478515625,5309.0,2485.0,10.618,4.97,13.348,10.778
18,1000,10.555555555555555,5.0,0.675,0.0,2.347932399355786,0.6798125732135885,0.3428764643252585,0.5781116465781057,0.07596745900082169,0.07596778869628906,5309.0,2485.0,10.618,4.97,12.222,8.488
19,1000,10.555555555555555,5.0,0.9,0.0,1.484205375884951,0.6790450928381963,0.31327882877066116,0.5473855006469474,0.04025169899978209,0.0402522087097168,5309.0,2485.0,10.618,4.97,11.102,5.994
20,1000,10.555555555555555,7.777777777777778,,,,,,,,,,,,,,
21,1000,10.555555555555555,7.777777777777778,0.225,0.0,8.955989620255137,0.4871716554673183,0.41136487031690516,0.5326180988750717,0.05136358699928678,0.05136442184448242,5060.0,3397.0,10.12,6.794,15.41,14.6
22,1000,10.555555555555555,7.777777777777778,0.45,0.0,4.488580242435094,0.5018205183122725,0.35735425670116155,0.5006207922924977,0.04596136899999692,0.045961618423461914,5060.0,3397.0,10.12,6.794,13.874,12.378
23,1000,10.555555555555555,7.777777777777778,0.675,0.0,2.4369167031738024,0.5504553734061931,0.29306377913109394,0.4725805770482011,0.04597388199908892,0.0459744930267334,5060.0,3397.0,10.12,6.794,12.284,10.12
24,1000,10.555555555555555,7.777777777777778,0.9,0.0,1.4394161096909188,0.5771495877502945,0.1431663326653307,0.4047234050260001,0.042889147998721455,0.04288959503173828,5060.0,3397.0,10.12,6.794,10.82,7.792
25,1000,10.555555555555555,10.555555555555555,,,,,,,,,,,,,,
26,1000,10.555555555555555,10.555555555555555,0.225,0.0,10.298256559021633,0.4316463805253043,0.40270303919536854,0.42692817441496567,0.060952756999540725,0.06095409393310547,5014.0,5079.0,10.028,10.158,17.892,17.904
27,1000,10.555555555555555,10.555555555555555,0.45,0.0,6.178870185500042,0.3862815884476534,0.33722277090565356,0.3856717331698237,0.054860381000253255,0.05486106872558594,5014.0,5079.0,10.028,10.158,15.678,15.588
28,1000,10.555555555555555,10.555555555555555,0.675,0.0,3.950859896624797,0.3203463203463203,0.2564820948313053,0.3597736788061868,0.054898321999644395,0.054898738861083984,5014.0,5079.0,10.028,10.158,13.272,13.382
29,1000,10.555555555555555,10.555555555555555,0.9,0.0,2.499807337575431,0.157,0.0784993858796324,0.309896395645442,0.05043275599928165,0.05043339729309082,5014.0,5079.0,10.028,10.158,11.042,11.144
30,1000,13.333333333333332,5.0,,,,,,,,,,,,,,
31,1000,13.333333333333332,5.0,0.225,0.0,9.015912828841794,0.6539011146041727,0.4880645764511688,0.7134620142733399,0.053307027999835555,0.05330777168273926,6433.0,2497.0,12.866,4.994,16.76,15.096
32,1000,13.333333333333332,5.0,0.45,0.0,4.149729792206264,0.707915729187973,0.4624476585355834,0.6943169546931969,0.04828827799974533,0.048288583755493164,6433.0,2497.0,12.866,4.994,15.56,12.078
33,1000,13.333333333333332,5.0,0.675,0.0,2.4466273099504603,0.7079615648593,0.46259636033846974,0.6630173648110764,0.048612202999720466,0.048613548278808594,6433.0,2497.0,12.866,4.994,14.564,9.124
34,1000,13.333333333333332,5.0,0.9,0.0,1.6502773428658764,0.7286995515695067,0.42368722186904,0.6508353577042463,0.04496830300013244,0.044968605041503906,6433.0,2497.0,12.866,4.994,13.35,6.294
35,1000,13.333333333333332,7.777777777777778,,,,,,,,,,,,,,
36,1000,13.333333333333332,7.777777777777778,0.225,0.0,9.712156194458224,0.5506538105930524,0.44425248995162636,0.6042392774890747,0.058011240000269026,0.05801224708557129,6232.0,3448.0,12.464,6.896,17.866,16.636
37,1000,13.333333333333332,7.777777777777778,0.45,0.0,4.376671457114567,0.5950289665483087,0.41177944808371936,0.5870962190692346,0.05316480199871876,0.05316519737243652,6232.0,3448.0,12.464,6.896,16.222,13.84
38,1000,13.333333333333332,7.777777777777778,0.675,0.0,2.4038207875204334,0.6440894568690095,0.38395705302288663,0.5703107686860331,0.08923576599954686,0.08923625946044922,6232.0,3448.0,12.464,6.896,14.59,11.03
39,1000,13.333333333333332,7.777777777777778,0.9,0.0,1.4755466285808492,0.6412459720730398,0.3637425050468529,0.5345286802293496,0.04798182600097789,0.04798269271850586,6232.0,3448.0,12.464,6.896,13.13,8.092
40,1000,13.333333333333332,10.555555555555555,,,,,,,,,,,,,,
41,1000,13.333333333333332,10.555555555555555,0.225,0.0,10.20380913827468,0.4577787719494464,0.4204910118364628,0.4978642211143874,0.07138150799983123,0.07138276100158691,6406.0,5147.0,12.812,10.294,20.762,20.226
42,1000,13.333333333333332,10.555555555555555,0.45,0.0,5.550650968318732,0.4447569932802,0.37139436343890764,0.467620583426387,0.06330542399882688,0.06330633163452148,6406.0,5147.0,12.812,10.294,18.5,17.404
43,1000,13.333333333333332,10.555555555555555,0.675,0.0,3.0563308985265736,0.4396958573675931,0.3082413001102857,0.44626867788324887,0.06138253100107249,0.06138324737548828,6406.0,5147.0,12.812,10.294,16.102,14.632
44,1000,13.333333333333332,10.555555555555555,0.9,0.0,1.5198564996421038,0.5038759689922481,0.1919628154845663,0.38052970075634845,0.05946763199972338,0.05946826934814453,6406.0,5147.0,12.812,10.294,13.864,11.564
45,1000,13.333333333333332,13.333333333333332,,,,,,,,,,,,,,
46,1000,13.333333333333332,13.333333333333332,0.225,0.0,10.93086127363836,0.4445551459599482,0.42047093312461836,0.4395950250623427,0.0779918420012109,0.07799315452575684,6442.0,6472.0,12.884,12.944,22.942,22.96
47,1000,13.333333333333332,13.333333333333332,0.45,0.0,6.207521121630459,0.40347436256654523,0.36163797357072364,0.40646247651861633,0.06872935100000177,0.06872987747192383,6442.0,6472.0,12.884,12.944,20.046,20.058
48,1000,13.333333333333332,13.333333333333332,0.675,0.0,3.717967373066403,0.3379936227618347,0.27583149439172944,0.3688142269132612,0.10306647600009455,0.10306739807128906,6442.0,6472.0,12.884,12.944,16.954,17.028
49,1000,13.333333333333332,13.333333333333332,0.9,0.0,2.4119148528488186,0.22580645161290322,0.13012770897832818,0.32805333447447155,0.06629573299869662,0.06629633903503418,6442.0,6472.0,12.884,12.944,14.176,14.256
50,1000,16.11111111111111,5.0,,,,,,,,,,,,,,
51,1000,16.11111111111111,5.0,0.225,0.0,8.751521714370464,0.7612629477099713,0.497639571827943,0.7794074668715946,0.06169059700005164,0.061691999435424805,8131.0,2266.0,16.262,4.532,19.736,17.084
52,1000,16.11111111111111,5.0,0.45,0.0,4.295807644153349,0.784803583735355,0.4997822291603865,0.7783625878171998,0.05977164899923082,0.05977225303649902,8131.0,2266.0,16.262,4.532,18.756,13.646
53,1000,16.11111111111111,5.0,0.675,0.0,2.6111389694978078,0.7728613569321534,0.4897992465549718,0.7464883841750984,0.05557958500139648,0.05558013916015625,8131.0,2266.0,16.262,4.532,17.802,9.772
54,1000,16.11111111111111,5.0,0.9,0.0,1.8022282246861876,0.8083416087388282,0.47664256343012823,0.762745524261669,0.0868410210005095,0.08684134483337402,8131.0,2266.0,16.262,4.532,16.648,6.16
55,1000,16.11111111111111,7.777777777777778,,,,,,,,,,,,,,
56,1000,16.11111111111111,7.777777777777778,0.225,0.0,9.445379977135694,0.669973544973545,0.488545642391543,0.6996274646729661,0.06907799299915496,0.06907916069030762,8288.0,3341.0,16.576,6.682,21.794,19.608
57,1000,16.11111111111111,7.777777777777778,0.45,0.0,4.064794892745066,0.7092676807276148,0.47337415153182905,0.6915407405072899,0.06173923700043815,0.06173992156982422,8288.0,3341.0,16.576,6.682,20.21,15.802
58,1000,16.11111111111111,7.777777777777778,0.675,0.0,2.41338561080981,0.7175754367390154,0.4489650957180096,0.6702895299290084,0.0608930850012257,0.06089425086975098,8288.0,3341.0,16.576,6.682,18.708,12.106
59,1000,16.11111111111111,7.777777777777778,0.9,0.0,1.59790140771021,0.721830985915493,0.4543529957659068,0.6582810026502838,0.05924483600028907,0.05924534797668457,8288.0,3341.0,16.576,6.682,17.206,8.324
60,1000,16.11111111111111,10.555555555555555,,,,,,,,,,,,,,
61,1000,16.11111111111111,10.555555555555555,0.225,0.0,9.783258093454732,0.5449911782003529,0.44012983326882776,0.5770776458766831,0.07753304399921035,0.07753396034240723,8183.0,4961.0,16.366,9.922,24.114,22.578
62,1000,16.11111111111111,10.555555555555555,0.45,0.0,4.251569787886985,0.5821727019498607,0.40973246596087026,0.5567220431477982,0.07314261999999871,0.07314348220825195,8183.0,4961.0,16.366,9.922,21.8,18.848
63,1000,16.11111111111111,10.555555555555555,0.675,0.0,2.34732116892878,0.615348619560131,0.3743814145858665,0.5376995387426768,0.07039394099956553,0.07039451599121094,8183.0,4961.0,16.366,9.922,19.552,15.284
64,1000,16.11111111111111,10.555555555555555,0.9,0.0,1.426724276567174,0.6029757243539546,0.29834720064799575,0.46717789353813055,0.07830635000027542,0.0783071517944336,8183.0,4961.0,16.366,9.922,17.378,11.464
65,1000,16.11111111111111,13.333333333333332,,,,,,,,,,,,,,
66,1000,16.11111111111111,13.333333333333332,0.225,0.0,10.577795720146211,0.4712961312176859,0.4274971639579571,0.49984777379246303,0.08490071399864974,0.08490157127380371,8023.0,6419.0,16.046,12.838,26.062,25.258
67,1000,16.11111111111111,13.333333333333332,0.45,0.0,5.387776709553128,0.4587387842790345,0.38155437627013755,0.47635454335541794,0.07571548799933225,0.07571601867675781,8023.0,6419.0,16.046,12.838,23.024,21.686
68,1000,16.11111111111111,13.333333333333332,0.675,0.0,2.7093312674462844,0.47788175244576775,0.33169186716358046,0.43846280458743103,0.07718901199950778,0.07719039916992188,8023.0,6419.0,16.046,12.838,20.28,18.008
69,1000,16.11111111111111,13.333333333333332,0.9,0.0,1.5022646875503265,0.526896551724138,0.21095943769730302,0.4045265134702022,0.08545688500089454,0.08545804023742676,8023.0,6419.0,16.046,12.838,17.3,14.484
70,1000,16.11111111111111,16.11111111111111,,,,,,,,,,,,,,
71,1000,16.11111111111111,16.11111111111111,0.225,0.0,11.388646745065072,0.44685258964143426,0.4230690031536845,0.44255918602560707,0.09606427900143899,0.09606552124023438,8025.0,8157.0,16.05,16.314,28.654,28.81
72,1000,16.11111111111111,16.11111111111111,0.45,0.0,6.140412827359743,0.4110478359908884,0.373600601021425,0.4061926324587819,0.0876392330010276,0.08763980865478516,8025.0,8157.0,16.05,16.314,24.97,24.954
73,1000,16.11111111111111,16.11111111111111,0.675,0.0,3.8062521582465845,0.35904654654654655,0.3098014015267658,0.3803170488859091,0.08971837799981586,0.08971905708312988,8025.0,8157.0,16.05,16.314,21.394,21.626
74,1000,16.11111111111111,16.11111111111111,0.9,0.0,2.3853109801753765,0.2510612492419648,0.15368212150456645,0.3264976426329708,0.1164386979999108,0.1164391040802002,8025.0,8157.0,16.05,16.314,17.714,17.948
75,1000,18.88888888888889,5.0,,,,,,,,,,,,,,
76,1000,18.88888888888889,5.0,0.225,0.0,9.251758877074883,0.7773099933525371,0.5268318922050625,0.805177906988064,0.06789843899969128,0.06790018081665039,9200.0,2449.0,18.4,4.898,22.114,19.236
77,1000,18.88888888888889,5.0,0.45,0.0,4.2728646772292835,0.7867797142408541,0.527192561161709,0.7907041220031137,0.06406516399874818,0.06406593322753906,9200.0,2449.0,18.4,4.898,21.118,14.918
78,1000,18.88888888888889,5.0,0.675,0.0,2.638504164605578,0.7887323943661971,0.5106390140794976,0.7743052791653932,0.06730253500063554,0.06730318069458008,9200.0,2449.0,18.4,4.898,19.992,10.832
79,1000,18.88888888888889,5.0,0.9,0.0,1.8671060960941452,0.7928748964374482,0.5117680250783699,0.7627751056835423,0.07666014300048118,0.0766606330871582,9200.0,2449.0,18.4,4.898,18.9,6.812
80,1000,18.88888888888889,7.777777777777778,,,,,,,,,,,,,,
81,1000,18.88888888888889,7.777777777777778,0.225,0.0,9.098203887404901,0.6976458546571136,0.5019313320314891,0.72137702047931,0.07236542700047721,0.07236647605895996,9138.0,3492.0,18.276,6.984,23.694,21.106
82,1000,18.88888888888889,7.777777777777778,0.45,0.0,4.275389364526596,0.719668855266914,0.5053800303275959,0.7154639776175893,0.0672062650010048,0.06720662117004395,9138.0,3492.0,18.276,6.984,22.178,17.094
83,1000,18.88888888888889,7.777777777777778,0.675,0.0,2.39911757807288,0.7318786054677703,0.5138927313037698,0.7193790180146631,0.0666779380007938,0.06667852401733398,9138.0,3492.0,18.276,6.984,20.418,12.816
84,1000,18.88888888888889,7.777777777777778,0.9,0.0,1.660431582547827,0.6969943135662063,0.4947536824212428,0.6551432136348798,0.07613406099881104,0.07613515853881836,9138.0,3492.0,18.276,6.984,19.022,8.7
85,1000,18.88888888888889,10.555555555555555,,,,,,,,,,,,,,
86,1000,18.88888888888889,10.555555555555555,0.225,0.0,9.47941920900546,0.5878110349801658,0.4687792403397329,0.624137374374993,0.0850670159998117,0.0850682258605957,9291.0,5079.0,18.582,10.158,26.412,24.512
87,1000,18.88888888888889,10.555555555555555,0.45,0.0,4.1766716110119555,0.6258138644197625,0.4526654300676977,0.6052267577779114,0.07607073200051673,0.07607150077819824,9291.0,5079.0,18.582,10.158,24.158,20.248
88,1000,18.88888888888889,10.555555555555555,0.675,0.0,2.3748912125958013,0.6421960454354227,0.4432117747041747,0.5924470042876245,0.07613729700096883,0.07613778114318848,9291.0,5079.0,18.582,10.158,21.954,16.294
89,1000,18.88888888888889,10.555555555555555,0.9,0.0,1.481128670220897,0.6568767908309455,0.4083624758476422,0.5766714003338453,0.07355922799979453,0.07355976104736328,9291.0,5079.0,18.582,10.158,19.536,11.996
90,1000,18.88888888888889,13.333333333333332,,,,,,,,,,,,,,
91,1000,18.88888888888889,13.333333333333332,0.225,0.0,10.169395290517874,0.5011858377096392,0.43829061504634637,0.5401986849838516,0.09405039500052226,0.09405159950256348,8939.0,6320.0,17.878,12.64,27.658,26.472
92,1000,18.88888888888889,13.333333333333332,0.45,0.0,4.710900655443829,0.5178994784257942,0.40162859920888583,0.5186120601675406,0.0799546010002814,0.0799558162689209,8939.0,6320.0,17.878,12.64,24.86,22.53
93,1000,18.88888888888889,13.333333333333332,0.675,0.0,2.464060297813965,0.5640565849770871,0.37575802530063973,0.4905138720655444,0.09175509499982581,0.09175610542297363,8939.0,6320.0,17.878,12.64,22.072,18.484
94,1000,18.88888888888889,13.333333333333332,0.9,0.0,1.431388436264261,0.5874125874125874,0.3019860398879447,0.4602876224393855,0.10420286000044143,0.10420346260070801,8939.0,6320.0,17.878,12.64,19.166,14.498
95,1000,18.88888888888889,16.11111111111111,,,,,,,,,,,,,,
96,1000,18.88888888888889,16.11111111111111,0.225,0.0,10.699711550175836,0.4518781113290089,0.42743298736351537,0.46890094500506035,0.09721335699941847,0.09721517562866211,8961.0,8177.0,17.922,16.354,30.668,30.124
97,1000,18.88888888888889,16.11111111111111,0.45,0.0,6.067205432541601,0.4258671742808799,0.38313572580556876,0.4446720301402962,0.10033861699957924,0.10033988952636719,8961.0,8177.0,17.922,16.354,26.87,26.318
98,1000,18.88888888888889,16.11111111111111,0.675,0.0,3.41843717478755,0.3963381798599892,0.32182000685286544,0.41049735282779626,0.12126148099923739,0.12126302719116211,8961.0,8177.0,17.922,16.354,23.216,22.202
99,1000,18.88888888888889,16.11111111111111,0.9,0.0,1.8673697355044654,0.3544378698224852,0.18333694441005327,0.366674948697748,0.11747321099937835,0.11747407913208008,8961.0,8177.0,17.922,16.354,19.498,18.158
100,1000,18.88888888888889,18.88888888888889,,,,,,,,,,,,,,
101,1000,18.88888888888889,18.88888888888889,0.225,0.0,11.261735139097043,0.4529202279202279,0.42963206557566724,0.44087828288292596,0.10303150000072492,0.10303282737731934,8945.0,9197.0,17.89,18.394,32.2,32.164
102,1000,18.88888888888889,18.88888888888889,0.45,0.0,6.246318840966411,0.41679160419790107,0.38150018356300636,0.4064807632275512,0.09812415899978078,0.09812498092651367,8945.0,9197.0,17.89,18.394,28.136,28.158
103,1000,18.88888888888889,18.88888888888889,0.675,0.0,3.816976272765912,0.36936483995307523,0.3116913836642901,0.3846067107216823,0.134047236000697,0.1340479850769043,8945.0,9197.0,17.89,18.394,23.836,24.382
104,1000,18.88888888888889,18.88888888888889,0.9,0.0,2.2926788741738444,0.25136612021857924,0.14898969687919963,0.33363771282744936,0.13682147300096403,0.13682246208190918,8945.0,9197.0,17.89,18.394,19.7,20.244
105,1000,21.666666666666664,5.0,,,,,,,,,,,,,,
106,1000,21.666666666666664,5.0,0.225,0.0,9.436280367104949,0.8174233604967016,0.5535421195991382,0.8419795864910569,0.08014925400129869,0.08015084266662598,11004.0,2391.0,22.008,4.782,25.676,21.73
107,1000,21.666666666666664,5.0,0.45,0.0,4.480461629200177,0.8241157995357095,0.5917504757425889,0.8528209177924663,0.07517006800117088,0.07517075538635254,11004.0,2391.0,22.008,4.782,24.588,16.848
108,1000,21.666666666666664,5.0,0.675,0.0,2.8503273163577996,0.8262548262548263,0.5765913288934228,0.8369287472205786,0.07265364500017313,0.07265424728393555,11004.0,2391.0,22.008,4.782,23.54,12.056
109,1000,21.666666666666664,5.0,0.9,0.0,2.030447286982713,0.7993897787948131,0.582235717040584,0.8077832488070013,0.1038542590013094,0.10385489463806152,11004.0,2391.0,22.008,4.782,22.532,6.88
110,1000,21.666666666666664,7.777777777777778,,,,,,,,,,,,,,
111,1000,21.666666666666664,7.777777777777778,0.225,0.0,9.142094788640245,0.7415498022294139,0.5302879515560862,0.7716589385098114,0.08723738200023945,0.08723998069763184,10860.0,3505.0,21.72,7.01,27.172,23.806
112,1000,21.666666666666664,7.777777777777778,0.45,0.0,4.3930210963674465,0.7604323780794369,0.5532526749959733,0.7785588061599533,0.12204059699979553,0.12204098701477051,10860.0,3505.0,21.72,7.01,25.528,19.114
113,1000,21.666666666666664,7.777777777777778,0.675,0.0,2.524322348417679,0.7614135206321334,0.5552608884167854,0.7742401579535432,0.07436956399942574,0.0743706226348877,10860.0,3505.0,21.72,7.01,23.896,13.946
114,1000,21.666666666666664,7.777777777777778,0.9,0.0,1.7842011176872266,0.7406417112299465,0.5480270013770516,0.7316283460656613,0.0957155159994727,0.09571599960327148,10860.0,3505.0,21.72,7.01,22.496,9.226
115,1000,21.666666666666664,10.555555555555555,,,,,,,,,,,,,,
116,1000,21.666666666666664,10.555555555555555,0.225,0.0,9.358183054359547,0.6388684490229745,0.4903359606302512,0.6681765756300726,0.09092369199970562,0.09092473983764648,10708.0,5155.0,21.416,10.31,29.354,26.834
117,1000,21.666666666666664,10.555555555555555,0.45,0.0,4.177745469034323,0.6642260610914084,0.4820730133911839,0.6511483110560816,0.0888244180005131,0.08882498741149902,10708.0,5155.0,21.416,10.31,27.2,22.008
118,1000,21.666666666666664,10.555555555555555,0.675,0.0,2.4011627834413605,0.6703638840241292,0.4823322613592732,0.647102757567908,0.12314916899958916,0.12315034866333008,10708.0,5155.0,21.416,10.31,24.79,17.214
119,1000,21.666666666666664,10.555555555555555,0.9,0.0,1.5662544322160843,0.655840099937539,0.4652009333679026,0.6068453827580929,0.10707218300012755,0.10707259178161621,10708.0,5155.0,21.416,10.31,22.518,12.41
120,1000,21.666666666666664,13.333333333333332,,,,,,,,,,,,,,
121,1000,21.666666666666664,13.333333333333332,0.225,0.0,9.603275123338356,0.5795156332008697,0.46211915405148635,0.6003503832543201,0.09873542100103805,0.09873676300048828,10832.0,6358.0,21.664,12.716,31.602,29.452
122,1000,21.666666666666664,13.333333333333332,0.45,0.0,4.310761067500799,0.6063215373306731,0.45004886727082666,0.5918405210408377,0.09689924900158076,0.09690046310424805,10832.0,6358.0,21.664,12.716,28.744,24.682
123,1000,21.666666666666664,13.333333333333332,0.675,0.0,2.3564257842805034,0.6191066997518611,0.4372571443093305,0.5682038745014191,0.09800077799991413,0.09800195693969727,10832.0,6358.0,21.664,12.716,25.918,19.746
124,1000,21.666666666666664,13.333333333333332,0.9,0.0,1.4602362343201416,0.6276722090261283,0.4162788763909048,0.5509331664384597,0.11518308299855562,0.11518430709838867,10832.0,6358.0,21.664,12.716,22.912,14.836
125,1000,21.666666666666664,16.11111111111111,,,,,,,,,,,,,,
126,1000,21.666666666666664,16.11111111111111,0.225,0.0,10.444135868277003,0.49428472462764117,0.4408508417996818,0.5307894307252962,0.10842509999929462,0.10842728614807129,10733.0,8013.0,21.466,16.026,33.812,32.55
127,1000,21.666666666666664,16.11111111111111,0.45,0.0,4.7177574880801645,0.5175251742835012,0.40923515190499693,0.5013863775342288,0.10424720199989679,0.1042485237121582,10733.0,8013.0,21.466,16.026,30.376,27.772
128,1000,21.666666666666664,16.11111111111111,0.675,0.0,2.56445328627362,0.5360131255127153,0.3719940304338709,0.4863360560855494,0.11186026999894239,0.1118614673614502,10733.0,8013.0,21.466,16.026,26.588,23.094
129,1000,21.666666666666664,16.11111111111111,0.9,0.0,1.42829436551127,0.5597855227882037,0.31096848450218717,0.4410362833492316,0.12228805999984615,0.12228870391845703,10733.0,8013.0,21.466,16.026,23.082,18.14
130,1000,21.666666666666664,18.88888888888889,,,,,,,,,,,,,,
131,1000,21.666666666666664,18.88888888888889,0.225,0.0,11.393871556048868,0.4666535639412998,0.4359526576652971,0.5037582036847121,0.11446617100045842,0.11446738243103027,10813.0,8949.0,21.626,17.898,35.366,34.686
132,1000,21.666666666666664,18.88888888888889,0.45,0.0,5.350938985283639,0.46795580110497237,0.3976336092804998,0.47878931619797016,0.10776348499894084,0.10776495933532715,10813.0,8949.0,21.626,17.898,31.412,29.832
133,1000,21.666666666666664,18.88888888888889,0.675,0.0,2.843987243152382,0.47131467875566674,0.34897773683129524,0.44802913204792094,0.11057088099914836,0.11057233810424805,10813.0,8949.0,21.626,17.898,27.38,24.938
134,1000,21.666666666666664,18.88888888888889,0.9,0.0,1.4864034367742263,0.5208655332302936,0.25504668316288903,0.40797255841531294,0.1255186969992792,0.1255195140838623,10813.0,8949.0,21.626,17.898,23.352,20.054
135,1000,21.666666666666664,21.666666666666664,,,,,,,,,,,,,,
136,1000,21.666666666666664,21.666666666666664,0.225,0.0,11.255058898233704,0.45396081259766796,0.43272281346867913,0.4526090456221328,0.1255113529987284,0.12551355361938477,10813.0,10734.0,21.626,21.468,38.2,38.17
137,1000,21.666666666666664,21.666666666666664,0.45,0.0,6.058871497313217,0.42309653297076816,0.3919616877028739,0.4222798762857237,0.11788303599860228,0.11788439750671387,10813.0,10734.0,21.626,21.468,33.422,33.208
138,1000,21.666666666666664,21.666666666666664,0.675,0.0,3.8490873012094204,0.37903905591458276,0.3292204691170244,0.3919895315134348,0.11691677199996775,0.11691761016845703,10813.0,10734.0,21.626,21.468,28.74,28.59
139,1000,21.666666666666664,21.666666666666664,0.9,0.0,2.3879041873304065,0.2539081004263382,0.17394519883608148,0.34504204866099497,0.140876430001299,0.14087772369384766,10813.0,10734.0,21.626,21.468,23.688,23.628
140,1000,24.444444444444443,5.0,,,,,,,,,,,,,,
141,1000,24.444444444444443,5.0,0.225,0.0,9.516928093600058,0.8354418940900055,0.577940387516692,0.8647481443144909,0.08250542799942195,0.08250641822814941,12014.0,2349.0,24.028,4.698,27.636,23.222
142,1000,24.444444444444443,5.0,0.45,0.0,4.739797105494516,0.8344564526382708,0.5925689261233816,0.8621757876933762,0.07632838300014555,0.07632923126220703,12014.0,2349.0,24.028,4.698,26.628,17.828
143,1000,24.444444444444443,5.0,0.675,0.0,2.8975152004651052,0.8280533100284029,0.6059723810066616,0.854781900984876,0.07577262599988899,0.07577347755432129,12014.0,2349.0,24.028,4.698,25.602,12.278
144,1000,24.444444444444443,5.0,0.9,0.0,2.103985705813328,0.8361344537815126,0.5998063680224485,0.8404970349111027,0.07380840299992997,0.07380890846252441,12014.0,2349.0,24.028,4.698,24.496,7.086
145,1000,24.444444444444443,7.777777777777778,,,,,,,,,,,,,,
146,1000,24.444444444444443,7.777777777777778,0.225,0.0,9.291570179911426,0.7734525102330633,0.5424995228686103,0.8014028936031847,0.08643629399921338,0.08643746376037598,12014.0,3392.0,24.028,6.784,29.334,25.42
147,1000,24.444444444444443,7.777777777777778,0.45,0.0,4.224019575825233,0.7822812051649928,0.5625958721170409,0.8077840737200594,0.08277256699875579,0.08277344703674316,12014.0,3392.0,24.028,6.784,27.672,19.868
148,1000,24.444444444444443,7.777777777777778,0.675,0.0,2.621048454452315,0.7793912870499303,0.5566752225802519,0.7920889415481961,0.08455474899892579,0.08455538749694824,12014.0,3392.0,24.028,6.784,26.248,14.618
149,1000,24.444444444444443,7.777777777777778,0.9,0.0,1.8437705459173517,0.7726130653266332,0.5425043794636841,0.7685041961569097,0.11925197499840579,0.11925268173217773,12014.0,3392.0,24.028,6.784,24.752,9.244
150,1000,24.444444444444443,10.555555555555555,,,,,,,,,,,,,,
151,1000,24.444444444444443,10.555555555555555,0.225,0.0,9.487530844775552,0.6775014979029359,0.5139733635000002,0.7105271290433582,0.09836780399928102,0.09836912155151367,11990.0,5117.0,23.98,10.234,31.988,28.93
152,1000,24.444444444444443,10.555555555555555,0.45,0.0,4.2297756039009995,0.7003625506504585,0.5248163245216224,0.7071959066112599,0.09530008100045961,0.09530091285705566,11990.0,5117.0,23.98,10.234,29.574,23.396
153,1000,24.444444444444443,10.555555555555555,0.675,0.0,2.44171328260996,0.6937556561085972,0.5199628677494257,0.6924791201074965,0.09237174699956086,0.09237265586853027,11990.0,5117.0,23.98,10.234,27.358,17.906
154,1000,24.444444444444443,10.555555555555555,0.9,0.0,1.6277872378538631,0.7,0.5067572297663014,0.6714415483672178,0.135314177001419,0.1353151798248291,11990.0,5117.0,23.98,10.234,24.982,12.572
155,1000,24.444444444444443,13.333333333333332,,,,,,,,,,,,,,
156,1000,24.444444444444443,13.333333333333332,0.225,0.0,9.540640632750783,0.6102267925059868,0.4810690940965451,0.6435981227180444,0.10259377200054587,0.10259532928466797,11983.0,6377.0,23.966,12.754,33.732,31.384
157,1000,24.444444444444443,13.333333333333332,0.45,0.0,4.332592092567641,0.6403267073410746,0.47845095388802883,0.6365658346983165,0.10528640499978792,0.10528779029846191,11983.0,6377.0,23.966,12.754,30.96,26.084
158,1000,24.444444444444443,13.333333333333332,0.675,0.0,2.3628399498051205,0.6435346979530704,0.4668414223525833,0.6134499577914738,0.10412500399979763,0.1041259765625,11983.0,6377.0,23.966,12.754,28.222,20.516
159,1000,24.444444444444443,13.333333333333332,0.9,0.0,1.4985816910363874,0.6776905829596412,0.45590247060092787,0.6249980431395552,0.12329553199924703,0.12329649925231934,11983.0,6377.0,23.966,12.754,25.116,15.172
160,1000,24.444444444444443,16.11111111111111,,,,,,,,,,,,,,
161,1000,24.444444444444443,16.11111111111111,0.225,0.0,9.702408073241191,0.5391152049818371,0.45935209897765317,0.5617451683617285,0.11625036600162275,0.11625170707702637,11838.0,8078.0,23.676,16.156,36.308,34.356
162,1000,24.444444444444443,16.11111111111111,0.45,0.0,4.488768118614993,0.5627705627705628,0.44056186752727367,0.5501594747408791,0.10903515000063635,0.10903596878051758,11838.0,8078.0,23.676,16.156,32.484,29.062
163,1000,24.444444444444443,16.11111111111111,0.675,0.0,2.4248293417259164,0.5849056603773585,0.4120367558945459,0.5293997352301018,0.11379094000039913,0.11379170417785645,11838.0,8078.0,23.676,16.156,28.822,23.836
164,1000,24.444444444444443,16.11111111111111,0.9,0.0,1.4481613857346822,0.5867810292633703,0.38641990760997613,0.49954046077899394,0.13773875500010035,0.1377401351928711,11838.0,8078.0,23.676,16.156,25.304,18.492
165,1000,24.444444444444443,18.88888888888889,,,,,,,,,,,,,,
166,1000,24.444444444444443,18.88888888888889,0.225,0.0,10.906677564134267,0.48697382329167443,0.4398366361576685,0.5295450827007506,0.15573634300017147,0.15573787689208984,11812.0,9002.0,23.624,18.004,37.408,36.386
167,1000,24.444444444444443,18.88888888888889,0.45,0.0,4.877022727527279,0.5128895061192604,0.4218461960902252,0.5098191847561883,0.11992777800151089,0.11992907524108887,11812.0,9002.0,23.624,18.004,33.582,31.088
168,1000,24.444444444444443,18.88888888888889,0.675,0.0,2.5222666645242264,0.5311673037341959,0.3794487906080598,0.48300320470984304,0.1242485040002066,0.12424921989440918,11812.0,9002.0,23.624,18.004,29.508,25.724
169,1000,24.444444444444443,18.88888888888889,0.9,0.0,1.4267611892189749,0.5416263310745402,0.34340697558875155,0.4385378300485626,0.1406812949990126,0.14068222045898438,11812.0,9002.0,23.624,18.004,25.486,20.274
170,1000,24.444444444444443,21.666666666666664,,,,,,,,,,,,,,
171,1000,24.444444444444443,21.666666666666664,0.225,0.0,10.980678243474097,0.46556011798045227,0.4367575277262788,0.4741041846646136,0.1296954839999671,0.12969684600830078,11770.0,10682.0,23.54,21.364,40.088,39.398
172,1000,24.444444444444443,21.666666666666664,0.45,0.0,5.903376028675001,0.44412144702842377,0.3991818284608625,0.4518917983222016,0.12775901399982104,0.1277604103088379,11770.0,10682.0,23.54,21.364,35.386,34.286
173,1000,24.444444444444443,21.666666666666664,0.675,0.0,3.176823824396362,0.4214246873300707,0.3432158931220922,0.4156411437174088,0.1568565759989724,0.15685772895812988,11770.0,10682.0,23.54,21.364,30.63,28.986
174,1000,24.444444444444443,21.666666666666664,0.9,0.0,1.7124193554141562,0.4106830122591944,0.2248499372098114,0.36767198983273675,0.1475290739999764,0.14753055572509766,11770.0,10682.0,23.54,21.364,25.73,23.742
175,1000,24.444444444444443,24.444444444444443,,,,,,,,,,,,,,
176,1000,24.444444444444443,24.444444444444443,0.225,0.0,11.282633028227739,0.4522112821628679,0.43410061291217267,0.45570725178623944,0.13376204300038808,0.13376331329345703,11903.0,11801.0,23.806,23.602,42.026,42.148
177,1000,24.444444444444443,24.444444444444443,0.45,0.0,6.399995508941855,0.42123339948099525,0.3943384405657959,0.42927988146152424,0.1468495039989648,0.1468513011932373,11903.0,11801.0,23.806,23.602,36.806,36.806
178,1000,24.444444444444443,24.444444444444443,0.675,0.0,3.782476467063749,0.38716029933044505,0.3388936534098525,0.39029428276843803,0.16234848000021884,0.16234946250915527,11903.0,11801.0,23.806,23.602,31.504,31.138
179,1000,24.444444444444443,24.444444444444443,0.9,0.0,2.3323218599555955,0.27043217800599056,0.19414270336542128,0.3557035690144188,0.15296805999969365,0.1529691219329834,11903.0,11801.0,23.806,23.602,26.062,26.02
180,1000,27.22222222222222,5.0,,,,,,,,,,,,,,
181,1000,27.22222222222222,5.0,0.225,0.0,10.044173549095909,0.8514716496912342,0.6183658916256137,0.8901793656789649,0.10008476300026814,0.10008645057678223,13692.0,2438.0,27.384,4.876,31.076,26.122
182,1000,27.22222222222222,5.0,0.45,0.0,4.919036791015119,0.8536834924965894,0.6388426841173818,0.8922398816214111,0.09090114900027402,0.09090161323547363,13692.0,2438.0,27.384,4.876,29.97,19.882
183,1000,27.22222222222222,5.0,0.675,0.0,3.043615051831458,0.8435321456235476,0.656564662148033,0.8892334024373718,0.09152429399910034,0.09152531623840332,13692.0,2438.0,27.384,4.876,29.0,13.588
184,1000,27.22222222222222,5.0,0.9,0.0,2.23539815758408,0.8524590163934426,0.6922041252398395,0.8967601373193059,0.11673918899941782,0.11673974990844727,13692.0,2438.0,27.384,4.876,27.888,7.788
185,1000,27.22222222222222,7.777777777777778,,,,,,,,,,,,,,
186,1000,27.22222222222222,7.777777777777778,0.225,0.0,9.556736544136859,0.7961474290914606,0.5870440253107558,0.836029828980305,0.09764698599974508,0.09764790534973145,13641.0,3452.0,27.282,6.904,32.566,27.992
187,1000,27.22222222222222,7.777777777777778,0.45,0.0,4.5301893562721105,0.8022151898734177,0.5982016591765628,0.839081897625581,0.09903556199969898,0.09903645515441895,13641.0,3452.0,27.282,6.904,31.028,22.118
188,1000,27.22222222222222,7.777777777777778,0.675,0.0,2.753683566474309,0.7989895344640924,0.6083909477634573,0.834077974081563,0.10633269000027212,0.10633373260498047,13641.0,3452.0,27.282,6.904,29.51,15.76
189,1000,27.22222222222222,7.777777777777778,0.9,0.0,1.94399880236988,0.792222867092281,0.6040160026193546,0.8093158448467738,0.12441560499974003,0.12441635131835938,13641.0,3452.0,27.282,6.904,27.998,9.634
190,1000,27.22222222222222,10.555555555555555,,,,,,,,,,,,,,
191,1000,27.22222222222222,10.555555555555555,0.225,0.0,9.400993198790221,0.7195298997580366,0.5430151218167696,0.7503507418216161,0.10795017300006293,0.10795140266418457,13547.0,5084.0,27.094,10.168,34.948,31.244
192,1000,27.22222222222222,10.555555555555555,0.45,0.0,4.166147431043035,0.7253716551040634,0.55023361479169,0.7468372203320262,0.10054303999822878,0.10054492950439453,13547.0,5084.0,27.094,10.168,32.602,24.84
193,1000,27.22222222222222,10.555555555555555,0.675,0.0,2.510021718763283,0.7272126816380449,0.5679489040339731,0.7516039043329228,0.11078509199978726,0.11078619956970215,13547.0,5084.0,27.094,10.168,30.398,18.976
194,1000,27.22222222222222,10.555555555555555,0.9,0.0,1.6910093733135154,0.733043950081389,0.571111131170527,0.7552132417381128,0.1220648730013636,0.12206554412841797,13547.0,5084.0,27.094,10.168,28.078,12.87
195,1000,27.22222222222222,13.333333333333332,,,,,,,,,,,,,,
196,1000,27.22222222222222,13.333333333333332,0.225,0.0,9.13124963528418,0.6667325688678002,0.5144177622990624,0.6920195573277392,0.11419500500051072,0.1141965389251709,13452.0,6271.0,26.904,12.542,36.536,33.258
197,1000,27.22222222222222,13.333333333333332,0.45,0.0,4.2533987519676755,0.6810415714938328,0.5114289639794092,0.6868732645339191,0.10891958399952273,0.10892081260681152,13452.0,6271.0,26.904,12.542,33.798,27.538
198,1000,27.22222222222222,13.333333333333332,0.675,0.0,2.4180074098156665,0.679728478864548,0.5202794194390833,0.6768322233256165,0.10815734000061639,0.10815811157226562,13452.0,6271.0,26.904,12.542,31.062,21.348
199,1000,27.22222222222222,13.333333333333332,0.9,0.0,1.573195746316136,0.6733167082294265,0.5234110858992207,0.6696304517409495,0.13405254700046498,0.13405394554138184,13452.0,6271.0,26.904,12.542,28.216,15.24
200,1000,27.22222222222222,16.11111111111111,,,,,,,,,,,,,,
201,1000,27.22222222222222,16.11111111111111,0.225,0.0,9.52518124846597,0.5968013468013468,0.4868442437427005,0.6181099310020116,0.12181852199864807,0.12181997299194336,13580.0,7952.0,27.16,15.904,39.52,36.808
202,1000,27.22222222222222,16.11111111111111,0.45,0.0,4.15488361107263,0.6166638239808971,0.4795963765676815,0.6118651960070651,0.12094689299919992,0.12094831466674805,13580.0,7952.0,27.16,15.904,35.86,30.656
203,1000,27.22222222222222,16.11111111111111,0.675,0.0,2.3518996944633996,0.6275356063875701,0.46205905057675245,0.5889455515233273,0.12688463999984378,0.12688541412353516,13580.0,7952.0,27.16,15.904,32.312,24.654
204,1000,27.22222222222222,16.11111111111111,0.9,0.0,1.4778410615765214,0.6212765957446809,0.45228769890856646,0.56956802893058,0.14616330900025787,0.1461641788482666,13580.0,7952.0,27.16,15.904,28.746,18.548
205,1000,27.22222222222222,18.88888888888889,,,,,,,,,,,,,,
206,1000,27.22222222222222,18.88888888888889,0.225,0.0,9.878221517742318,0.5559406226534974,0.4677847855409196,0.5777074977009482,0.12925842700133217,0.12925982475280762,13433.0,8874.0,26.866,17.748,40.698,38.542
207,1000,27.22222222222222,18.88888888888889,0.45,0.0,4.562014943678099,0.5718584790565271,0.44942752487638865,0.5626085738190776,0.136691478001012,0.13669252395629883,13433.0,8874.0,26.866,17.748,36.642,32.562
208,1000,27.22222222222222,18.88888888888889,0.675,0.0,2.3593746458685354,0.5925207756232687,0.4394931505478561,0.5510825855919236,0.14747487299973727,0.1474757194519043,13433.0,8874.0,26.866,17.748,32.616,26.438
209,1000,27.22222222222222,18.88888888888889,0.9,0.0,1.4516383463778728,0.5947888589398024,0.419220814774506,0.5251143200337454,0.1488767619994178,0.14887785911560059,13433.0,8874.0,26.866,17.748,28.654,20.412
210,1000,27.22222222222222,21.666666666666664,,,,,,,,,,,,,,
211,1000,27.22222222222222,21.666666666666664,0.225,0.0,10.352065606098373,0.4969622681730974,0.45111584868139,0.5230966181813476,0.13833082299970556,0.13833189010620117,13509.0,10688.0,27.018,21.376,43.654,42.268
212,1000,27.22222222222222,21.666666666666664,0.45,0.0,4.797448079339739,0.4999622099614542,0.42098862269177717,0.49736189967717104,0.14848988000085228,0.14849138259887695,13509.0,10688.0,27.018,21.376,38.792,36.064
213,1000,27.22222222222222,21.666666666666664,0.675,0.0,2.512064640123419,0.5209061488673139,0.3858725070983743,0.4706888047411761,0.15828025700102444,0.15828156471252441,13509.0,10688.0,27.018,21.376,33.938,29.906
214,1000,27.22222222222222,21.666666666666664,0.9,0.0,1.4633073440875437,0.5497512437810945,0.3471853431873959,0.4525062518647238,0.1580193789995974,0.1580202579498291,13509.0,10688.0,27.018,21.376,29.132,24.086
215,1000,27.22222222222222,24.444444444444443,,,,,,,,,,,,,,
216,1000,27.22222222222222,24.444444444444443,0.225,0.0,11.039200585916724,0.4706243602865916,0.44242513187989163,0.4928669591560292,0.15612464799960435,0.1561260223388672,13484.0,11705.0,26.968,23.41,45.12,44.338
217,1000,27.22222222222222,24.444444444444443,0.45,0.0,5.458898851926275,0.4643168604651163,0.40792228729826635,0.46912330796959945,0.18862605300091673,0.1886272430419922,13484.0,11705.0,26.968,23.41,39.772,38.126
218,1000,27.22222222222222,24.444444444444443,0.675,0.0,2.9748430151978082,0.4613166746756367,0.36077562615517017,0.4429683992411583,0.15850349399988772,0.15850496292114258,13484.0,11705.0,26.968,23.41,34.642,32.384
219,1000,27.22222222222222,24.444444444444443,0.9,0.0,1.5074977272512056,0.48854041013269,0.2754319022912337,0.39401708388958046,0.17145494900069025,0.17145609855651855,13484.0,11705.0,26.968,23.41,29.306,26.046
220,1000,27.22222222222222,27.22222222222222,,,,,,,,,,,,,,
221,1000,27.22222222222222,27.22222222222222,0.225,0.0,11.808707306555451,0.45536058619359815,0.4386451793447638,0.4553125217254545,0.19229102099961892,0.1922926902770996,13394.0,13383.0,26.788,26.766,47.486,47.556
222,1000,27.22222222222222,27.22222222222222,0.45,0.0,6.2501178901651135,0.43190767141887304,0.4027038215371597,0.43130124609825854,0.15878882800097927,0.15879082679748535,13394.0,13383.0,26.788,26.766,41.518,41.496
223,1000,27.22222222222222,27.22222222222222,0.675,0.0,3.738692742550976,0.3892865389055645,0.34806761379145623,0.399938216899307,0.17189461199996003,0.17189550399780273,13394.0,13383.0,26.788,26.766,35.492,35.386
224,1000,27.22222222222222,27.22222222222222,0.9,0.0,2.347812956873094,0.28056188306757784,0.20266935502935038,0.34008300246617396,0.1670054939986585,0.1670060157775879,13394.0,13383.0,26.788,26.766,29.442,29.38
225,1000,30.0,5.0,,,,,,,,,,,,,,
226,1000,30.0,5.0,0.225,0.0,10.32254787405201,0.8626657675882221,0.616318110166209,0.8948886231817474,0.10110472999986087,0.1011056900024414,14861.0,2360.0,29.722,4.72,33.396,27.74
227,1000,30.0,5.0,0.45,0.0,5.012806041133199,0.8649042464612823,0.6589967416171618,0.9100693198346567,0.09540429499975289,0.09540510177612305,14861.0,2360.0,29.722,4.72,32.32,21.338
228,1000,30.0,5.0,0.675,0.0,3.1052800029818775,0.8583198996955043,0.6434928156704495,0.8922773939874126,0.10639172999981383,0.10639238357543945,14861.0,2360.0,29.722,4.72,31.304,14.304
229,1000,30.0,5.0,0.9,0.0,2.2753034947066793,0.8465703971119134,0.6789762671237649,0.8855803221491124,0.1239222130006965,0.12392306327819824,14861.0,2360.0,29.722,4.72,30.232,7.534
230,1000,30.0,7.777777777777778,,,,,,,,,,,,,,
231,1000,30.0,7.777777777777778,0.225,0.0,9.724294918704599,0.8084517045454546,0.5902981742038182,0.844466394359271,0.10875289199975668,0.10875487327575684,14844.0,3423.0,29.688,6.846,35.018,29.676
232,1000,30.0,7.777777777777778,0.45,0.0,4.50679429906948,0.8160113786447222,0.6353736099373641,0.8632683880956605,0.10126160199979495,0.10126233100891113,14844.0,3423.0,29.688,6.846,33.328,22.892
233,1000,30.0,7.777777777777778,0.675,0.0,2.8464335368862086,0.8147524418996295,0.6246688050523765,0.8508931350232959,0.10713261399905605,0.10713362693786621,14844.0,3423.0,29.688,6.846,31.896,16.514
234,1000,30.0,7.777777777777778,0.9,0.0,2.0204856356638627,0.8057874234835838,0.6327371812123035,0.8446698162781788,0.1462169400001585,0.14621877670288086,14844.0,3423.0,29.688,6.846,30.386,9.742
235,1000,30.0,10.555555555555555,,,,,,,,,,,,,,
236,1000,30.0,10.555555555555555,0.225,0.0,9.417567037243186,0.7380843412880026,0.5564784307025727,0.7784297492742687,0.11386111899992102,0.1138620376586914,14718.0,5063.0,29.436,10.126,37.198,32.954
237,1000,30.0,10.555555555555555,0.45,0.0,4.202266336777622,0.7486205929112504,0.5760009051243966,0.7827552740684096,0.11426337200100534,0.11426472663879395,14718.0,5063.0,29.436,10.126,34.822,26.126
238,1000,30.0,10.555555555555555,0.675,0.0,2.5636600961273386,0.7421019705974351,0.5876309747389772,0.7792802587814212,0.11321296899950539,0.11321377754211426,14718.0,5063.0,29.436,10.126,32.734,19.616
239,1000,30.0,10.555555555555555,0.9,0.0,1.759383807612283,0.7481146304675717,0.5738992445217093,0.767236434870296,0.13122764800027653,0.13122868537902832,14718.0,5063.0,29.436,10.126,30.438,13.102
240,1000,30.0,13.333333333333332,,,,,,,,,,,,,,
241,1000,30.0,13.333333333333332,0.225,0.0,9.349465656385156,0.6897756528135344,0.5361940367566768,0.7217036178646612,0.12031566499899782,0.12031698226928711,14707.0,6357.0,29.414,12.714,39.212,35.544
242,1000,30.0,13.333333333333332,0.45,0.0,4.209004117129571,0.694647306469628,0.5511603062662163,0.7224691312845365,0.12219572799949674,0.12219738960266113,14707.0,6357.0,29.414,12.714,36.474,28.932
243,1000,30.0,13.333333333333332,0.675,0.0,2.4647890738453264,0.6958052214725726,0.5563066472941569,0.7265222082101619,0.1169686270004604,0.11696934700012207,14707.0,6357.0,29.414,12.714,33.554,22.21
244,1000,30.0,13.333333333333332,0.9,0.0,1.6377147411751176,0.6912878787878788,0.5582592357779481,0.714446186940917,0.1383282879996841,0.13832902908325195,14707.0,6357.0,29.414,12.714,30.716,15.636
245,1000,30.0,16.11111111111111,,,,,,,,,,,,,,
246,1000,30.0,16.11111111111111,0.225,0.0,9.76540018834581,0.6154765971984968,0.49945934438092954,0.6452051788649192,0.14057002700064913,0.14057135581970215,14687.0,8050.0,29.374,16.1,41.73,38.868
247,1000,30.0,16.11111111111111,0.45,0.0,4.285740880483097,0.6407099456347938,0.5045443359538064,0.6494123212451299,0.12853469500078063,0.12853646278381348,14687.0,8050.0,29.374,16.1,38.158,32.332
248,1000,30.0,16.11111111111111,0.675,0.0,2.37816603018675,0.6418012592389817,0.5050355504287809,0.6367565303977656,0.16566772399892216,0.16566896438598633,14687.0,8050.0,29.374,16.1,34.56,25.526
249,1000,30.0,16.11111111111111,0.9,0.0,1.527138874247795,0.6305506216696269,0.495254519907909,0.6097176116779985,0.14600529600102163,0.14600658416748047,14687.0,8050.0,29.374,16.1,31.038,18.94
250,1000,30.0,18.88888888888889,,,,,,,,,,,,,,
251,1000,30.0,18.88888888888889,0.225,0.0,10.103609657909342,0.580765434806448,0.4905458247535056,0.6155196970933818,0.13501287199869694,0.13501477241516113,14612.0,8870.0,29.224,17.74,42.976,40.464
252,1000,30.0,18.88888888888889,0.45,0.0,4.289556146137054,0.6084615384615385,0.4852548229023317,0.605831842531876,0.137052334001055,0.1370537281036377,14612.0,8870.0,29.224,17.74,39.03,33.934
253,1000,30.0,18.88888888888889,0.675,0.0,2.3952815375180485,0.6162881754111198,0.47654345954428523,0.5951692431613997,0.14761164800074766,0.1476128101348877,14612.0,8870.0,29.224,17.74,35.052,27.236
254,1000,30.0,18.88888888888889,0.9,0.0,1.4884675520320292,0.6230899830220713,0.48400580013669997,0.5933364603567624,0.14832552100051544,0.14832687377929688,14612.0,8870.0,29.224,17.74,30.99,20.686
255,1000,30.0,21.666666666666664,,,,,,,,,,,,,,
256,1000,30.0,21.666666666666664,0.225,0.0,9.951433049086011,0.5210671291573148,0.4614109000997029,0.5541804378736632,0.1463090640008886,0.14631104469299316,14632.0,10610.0,29.264,21.22,45.698,43.994
257,1000,30.0,21.666666666666664,0.45,0.0,4.57702875243614,0.5435997967036956,0.43891567944281035,0.5323370927772905,0.14434062399959657,0.14434194564819336,14632.0,10610.0,29.264,21.22,40.83,37.2
258,1000,30.0,21.666666666666664,0.675,0.0,2.4694092315423197,0.5612816764132553,0.41862516104925446,0.5224530312898079,0.16577189100098622,0.1657729148864746,14632.0,10610.0,29.264,21.22,36.09,30.81
259,1000,30.0,21.666666666666664,0.9,0.0,1.450569514042681,0.5701823949246629,0.400557764875606,0.49256865310431464,0.16260303399940312,0.16260433197021484,14632.0,10610.0,29.264,21.22,31.41,24.118
260,1000,30.0,24.444444444444443,,,,,,,,,,,,,,
261,1000,30.0,24.444444444444443,0.225,0.0,10.790246628246582,0.49125805821449503,0.45476670713554357,0.5197477586951178,0.15465913000116416,0.15466094017028809,14581.0,11798.0,29.162,23.596,47.446,46.264
262,1000,30.0,24.444444444444443,0.45,0.0,5.006763965692501,0.49713060914056556,0.4265789464937323,0.4976185684588895,0.15258205700047256,0.15258359909057617,14581.0,11798.0,29.162,23.596,42.146,39.538
263,1000,30.0,24.444444444444443,0.675,0.0,2.6199557439995336,0.5060046189376444,0.3938837155506781,0.47038137054941864,0.16892083399943658,0.16892218589782715,14581.0,11798.0,29.162,23.596,37.022,33.056
264,1000,30.0,24.444444444444443,0.9,0.0,1.4745427331889376,0.5368380660015349,0.3356765449115553,0.4458285811160245,0.2046204240014049,0.2046215534210205,14581.0,11798.0,29.162,23.596,31.472,26.498
265,1000,30.0,27.22222222222222,,,,,,,,,,,,,,
266,1000,30.0,27.22222222222222,0.225,0.0,11.159604730377115,0.4655188373599926,0.444455976816015,0.47665659211079237,0.1625088400014647,0.16251063346862793,14462.0,13292.0,28.924,26.584,49.746,48.974
267,1000,30.0,27.22222222222222,0.45,0.0,5.980250026225981,0.441662330905307,0.4076695793196216,0.4571604934155108,0.15971409699886863,0.1597154140472412,14462.0,13292.0,28.924,26.584,43.644,42.616
268,1000,30.0,27.22222222222222,0.675,0.0,3.348756785439188,0.4247288023024131,0.3592791772878313,0.4323358018432961,0.1668259380003292,0.16682696342468262,14462.0,13292.0,28.924,26.584,37.48,36.096
269,1000,30.0,27.22222222222222,0.9,0.0,1.7195753259715032,0.40904198062432723,0.2433459722686889,0.3785608164120366,0.1746136439996917,0.17461490631103516,14462.0,13292.0,28.924,26.584,31.57,29.512
270,1000,30.0,30.0,,,,,,,,,,,,,,
271,1000,30.0,30.0,0.225,0.0,11.369951719660232,0.4602336302197556,0.4447386746225427,0.45721959271864293,0.16700904099889158,0.16701078414916992,14430.0,14414.0,28.86,28.828,51.278,51.096
272,1000,30.0,30.0,0.45,0.0,6.137078595360516,0.43725850383226705,0.40983227931483723,0.4392538079870042,0.17733634199976223,0.1773390769958496,14430.0,14414.0,28.86,28.828,44.508,44.754
273,1000,30.0,30.0,0.675,0.0,3.7646892457624936,0.393633785061456,0.3520487783817154,0.4064879488093787,0.18164567600069859,0.18164730072021484,14430.0,14414.0,28.86,28.828,38.324,38.402
274,1000,30.0,30.0,0.9,0.0,2.397364180644252,0.2778940027894003,0.1999945534722587,0.34228579399835857,0.17516832899855217,0.1751689910888672,14430.0,14414.0,28.86,28.828,31.728,31.696
