,T2,theta,dim,intercept,coefs,accuracy,auroc,aupr
0,1.0,0.05,10,-1.6869161513422573,[-42.19997167 174.30720854],0.5659770114942528,0.5916593191464714,0.5799996564874806
1,1.0,0.05,19,12.640343507358141,[-105.04267039  432.30496913],0.5501149425287356,0.5884377547894875,0.6048792323083124
2,1.0,0.05,28,1.657062393149562,[-42.51753405 102.19881774],0.5680459770114943,0.6115323971208009,0.6134139361503161
3,1.0,0.05,37,0.142785553493318,[-31.85800257  61.25032102],0.5855172413793104,0.6320406982508215,0.627544992345017
4,1.0,0.05,46,1.7878379750699243,[-43.67419728  76.72659962],0.6048275862068966,0.6567578548355492,0.6572463858536153
5,1.0,0.05,55,1.5377066537970583,[-45.3354665   71.47702035],0.6057471264367816,0.6613704627785654,0.6595362368297183
6,1.0,0.05,64,1.2566357952728935,[-41.86901257  71.60246233],0.6119540229885058,0.6819747343953362,0.6903669074746581
7,1.0,0.05,73,0.7947804684512005,[-48.01775856  73.25766264],0.5958620689655172,0.6691316002698164,0.683102109487522
8,1.0,0.05,82,0.9244853133352965,[-51.40990525  61.18905215],0.6094252873563218,0.6754292935324981,0.6848748186681413
9,1.0,0.05,91,-0.2675705860175324,[-55.53038105  55.29950455],0.5885057471264368,0.6602712413444239,0.6683573279642402
10,1.0,0.05,100,-0.33376440038045596,[-58.4163401   42.19522627],0.5891954022988506,0.6561356320872037,0.6594828054713029
11,1.0,0.14,10,0.468534088593361,[-7.8939741  32.17391697],0.6135670731707317,0.6717491737074631,0.6559222631316026
12,1.0,0.14,19,0.32553562382004175,[-21.92111278  50.52339862],0.6138211382113821,0.6744604924886839,0.6653704790189001
13,1.0,0.14,28,0.2702387306774931,[-29.93285882  59.13663729],0.6346544715447154,0.6981827889997039,0.697318991490952
14,1.0,0.14,37,-0.546010353935667,[-34.45508255  57.94840138],0.6539634146341463,0.7283287499196365,0.731187020400022
15,1.0,0.14,46,1.3309112178061935,[-473.71309499  740.89661977],0.6869918699186992,0.7373946656139145,0.7617750674671081
16,1.0,0.14,55,6.083102694834361,[-257.66357765  352.26660168],0.6925813008130082,0.7589576669180638,0.7764980711989284
17,1.0,0.14,64,2.3726080785669863,[-43.93437581  56.78565815],0.6814024390243902,0.7762747600517736,0.7911238643265952
18,1.0,0.14,73,4.618280433047718,[-115.92941677  109.93453871],0.6758130081300813,0.7699220996105626,0.7866688009130767
19,1.0,0.14,82,4.440766835757712,[-102.83724802   94.86015385],0.6758130081300813,0.7655008761889615,0.7809187967908929
20,1.0,0.14,91,4.57150466320179,[-105.8342946    90.73251493],0.665650406504065,0.7574827208617145,0.7735411340662323
21,1.0,0.14,100,3.023258752948091,[-76.36570224  68.2844983 ],0.6615853658536586,0.7487092124162444,0.7588289339627421
22,1.0,0.22999999999999998,10,0.3170062956835017,[-8.78787435 23.3063967 ],0.6312785388127854,0.6903832170055721,0.6698475589604465
23,1.0,0.22999999999999998,19,0.08071050980182484,[-13.28882248  23.4422663 ],0.651541095890411,0.7097962266019611,0.6955587450987187
24,1.0,0.22999999999999998,28,0.06938225468757311,[-17.21144107  26.06076474],0.6666666666666666,0.7294978836861391,0.7232494203451235
25,1.0,0.22999999999999998,37,-0.021397404430025427,[-17.70505143  26.53904585],0.6843607305936074,0.7575429517887022,0.7484104826847696
26,1.0,0.22999999999999998,46,-0.09025589640525992,[-21.5670552   27.68993811],0.709189497716895,0.7837469962417185,0.7824597324321201
27,1.0,0.22999999999999998,55,-0.0639538794036434,[-23.86145019  27.60351219],0.7220319634703196,0.7991570581152296,0.8025443282283176
28,1.0,0.22999999999999998,64,0.32906255752415825,[-31.80463631  32.73813442],0.7180365296803652,0.8068225059032648,0.8136391879235246
29,1.0,0.22999999999999998,73,0.08213492065671403,[-39.28722694  32.57598702],0.7194634703196348,0.810482399670564,0.8180305578485312
30,1.0,0.22999999999999998,82,0.2624514993565232,[-45.65033114  34.02975919],0.7146118721461188,0.8088576987432432,0.8177411113685531
31,1.0,0.22999999999999998,91,0.8718052746903359,[-54.06881     33.40459336],0.7123287671232876,0.8046785001277086,0.8127503059894513
32,1.0,0.22999999999999998,100,0.10025831805527255,[-44.82663428  25.86341143],0.71175799086758,0.795788418133578,0.7990838837026089
33,1.0,0.32,10,0.06358689800880976,[-9.97188665 16.15455487],0.6507481693728112,0.6989413935007806,0.6913485990293741
34,1.0,0.32,19,-0.012538621738522968,[-12.18049631  17.95553276],0.6669850366125438,0.7215864907052647,0.7177733508108715
35,1.0,0.32,28,-0.1402182505548273,[-14.41541803  19.28572054],0.6752626552053486,0.7494252873563219,0.7447819421921509
36,1.0,0.32,37,-0.09902316681660514,[-16.54252581  20.79493207],0.6953199617956065,0.7754582497111233,0.7732055313970438
37,1.0,0.32,46,-0.11184168135661328,[-19.16331352  21.4184771 ],0.7153772683858644,0.8049419205741046,0.8073743840065561
38,1.0,0.32,55,-0.06997196434189304,[-20.51597837  21.22847754],0.7281120662209487,0.8223669646658153,0.8272197963574004
39,1.0,0.32,64,-0.07785322809570971,[-25.05120398  21.54549579],0.7418019738936644,0.8314265442234792,0.8365846360674705
40,1.0,0.32,73,0.028809726569546636,[-32.73474904  23.34775102],0.7446673034065584,0.8336889051065297,0.8370347078363941
41,1.0,0.32,82,0.08305269760738584,[-36.50719534  21.26996099],0.7357529449219994,0.8283155952887753,0.8320864056751095
42,1.0,0.32,91,0.15668014427451213,[-41.17359962  19.7322167 ],0.7325692454632283,0.8189778831924426,0.8203455021667502
43,1.0,0.32,100,0.14958854921316614,[-42.20240446  16.67269919],0.7217446673034066,0.8082328853210079,0.8055082575853014
44,1.0,0.41,10,-0.1440007781782756,[-7.44215347 11.52329308],0.6434815659445078,0.6999693737214973,0.6789558213097815
45,1.0,0.41,19,-0.1820180843530885,[-8.78171636 12.07933949],0.6666666666666666,0.7304038045927861,0.7167159586222385
46,1.0,0.41,28,-0.2165527327941007,[-10.9337638   13.28853936],0.6735081717977955,0.7527708114230239,0.7490940955962663
47,1.0,0.41,37,-0.17644361221951363,[-11.61651867  14.19598983],0.6909920182440137,0.7762311186103761,0.7767221834479311
48,1.0,0.41,46,-0.08756383774143858,[-12.58386709  14.58865734],0.7092360319270239,0.799885006992037,0.8040600031802297
49,1.0,0.41,55,-0.022617771824155364,[-14.55091553  14.36866743],0.7274800456100342,0.8268794711477342,0.8329551425742263
50,1.0,0.41,64,0.06663030398770245,[-17.41431871  13.97368832],0.741543139490688,0.8427352155974435,0.8504530702703924
51,1.0,0.41,73,0.12510886902958374,[-19.51855983  13.32287314],0.7525655644241733,0.8458377153951946,0.8513853225026162
52,1.0,0.41,82,0.25253706542294185,[-22.63689227  12.69147669],0.7540858988977575,0.8440527234273696,0.8492188841990274
53,1.0,0.41,91,0.3452858155073223,[-23.61724213  11.82529503],0.7434435575826682,0.8348659955851931,0.8396718682906521
54,1.0,0.41,100,0.20853780244298079,[-23.0275804   10.66694737],0.733561383504371,0.8274035850081478,0.8324975414514056
55,1.0,0.49999999999999994,10,0.1660572812491851,[-8.45393523  9.83577556],0.6545936395759717,0.7146506010933227,0.7038545340600504
56,1.0,0.49999999999999994,19,0.2742802718290717,[-10.56781019  11.11671982],0.6625441696113075,0.7275902030177578,0.7278639932451753
57,1.0,0.49999999999999994,28,0.15908783468534465,[-10.74661316  11.55102446],0.6634275618374559,0.7501184237737188,0.756920168516777
58,1.0,0.49999999999999994,37,0.10657020155348701,[-11.8141726   11.84105892],0.6890459363957597,0.7801750408727851,0.7887076462070364
59,1.0,0.49999999999999994,46,0.0703676725935848,[-14.20197828  12.15509505],0.7080388692579506,0.8037848784351674,0.8139582433495989
60,1.0,0.49999999999999994,55,0.11687055655255399,[-16.06921786  12.20540662],0.7217314487632509,0.8204313200641478,0.830988524012545
61,1.0,0.49999999999999994,64,0.20084124749236823,[-17.6326986   11.65932433],0.7424911660777385,0.8345329186875446,0.8468223001386822
62,1.0,0.49999999999999994,73,0.25499387526260303,[-19.43831076  10.89592716],0.7566254416961131,0.8461513249025492,0.8581906984336268
63,1.0,0.49999999999999994,82,0.3304402826723265,[-20.12303464   9.99901229],0.7575088339222615,0.8453764003074726,0.8552222649283157
64,1.0,0.49999999999999994,91,0.32191724246508535,[-20.37174957   9.34941408],0.7526501766784452,0.8412629788163866,0.8504325345763302
65,1.0,0.49999999999999994,100,0.27237036394244624,[-20.93726086   8.82574377],0.7486749116607774,0.8356871115134442,0.8429275484238152
66,1.0,0.5900000000000001,10,0.022399378374442593,[-7.2171374   8.62906343],0.6759116589625064,0.7369288563408818,0.7325981506368135
67,1.0,0.5900000000000001,19,0.14314058857091935,[-9.04658288  9.88490918],0.6887519260400616,0.7592184960850938,0.7480019289947402
68,1.0,0.5900000000000001,28,0.047538310278061505,[-10.22726569  10.60008838],0.6974833076527992,0.782975961842855,0.7735638742596338
69,1.0,0.5900000000000001,37,-0.009424167707717236,[-10.90919607  11.02043621],0.7139188495120699,0.8062237511343731,0.8004708269695182
70,1.0,0.5900000000000001,46,0.03014393534067358,[-12.36176828  11.41991769],0.7318952234206472,0.8256653230061414,0.8236787344824328
71,1.0,0.5900000000000001,55,0.12442539880772316,[-13.59846806  11.38854798],0.7473035439137135,0.8439545828672731,0.8455461016472541
72,1.0,0.5900000000000001,64,0.036237953916318726,[-14.48353391  10.77237907],0.7611710323574731,0.8573064179135976,0.861709771136215
73,1.0,0.5900000000000001,73,0.0710957569751752,[-14.6050747    9.63630776],0.7642526964560863,0.8642107929004073,0.8688683970109381
74,1.0,0.5900000000000001,82,0.15523075906727893,[-15.83756788   9.17136507],0.7627118644067796,0.8662389464575903,0.870650176522916
75,1.0,0.5900000000000001,91,0.2038425814492914,[-16.40345418   8.20185127],0.7621982537236774,0.8610968068716629,0.8642916851047484
76,1.0,0.5900000000000001,100,0.12854875100408342,[-16.66446283   7.42908055],0.7524396507447355,0.8499250786146929,0.8514314014963171
77,1.0,0.68,10,0.18882956863412204,[-9.99301722  7.52793083],0.679771265189421,0.756667770974695,0.7620504270037581
78,1.0,0.68,19,0.2101283863165851,[-10.53586931   8.7884942 ],0.6997855611150822,0.7826783150713505,0.7820849030186392
79,1.0,0.68,28,0.18260167307358793,[-11.70307432  10.06020517],0.7083631165117942,0.7960772524816255,0.7997224097730293
80,1.0,0.68,37,0.10935511117677349,[-12.83083787  10.66601157],0.7169406719085061,0.8108074945704855,0.8201737861357784
81,1.0,0.68,46,0.17220455593705575,[-14.05044051  11.09278932],0.7283774124374554,0.8327668642151028,0.8433843638520491
82,1.0,0.68,55,0.22370966069203962,[-13.67294227  10.28675068],0.7519656897784132,0.849812063133699,0.8632382340312452
83,1.0,0.68,64,0.2864857746248638,[-13.35622168   9.2185829 ],0.7641172265904217,0.8625586408013187,0.876865316190143
84,1.0,0.68,73,0.2707425453324184,[-14.67922673   8.71658464],0.7741243745532523,0.8740516243553091,0.8853131019376822
85,1.0,0.68,82,0.3005085366515893,[-15.2852228   8.1544553],0.7805575411007862,0.8734626600735387,0.8840928189123186
86,1.0,0.68,91,0.2668190154913324,[-14.83575175   7.45988174],0.7741243745532523,0.8691067784062789,0.8769931021563894
87,1.0,0.68,100,0.1821809823179665,[-14.53459814   6.69138716],0.7662616154395997,0.8588285336834399,0.8665819874564368
88,1.0,0.77,10,0.13862616776266365,[-8.41537564  5.97218355],0.6583564173591875,0.7320720597768604,0.7106142671346598
89,1.0,0.77,19,-0.023748857048659325,[-9.23407265  6.78032878],0.6740535549399815,0.7456890374970145,0.7465292467580209
90,1.0,0.77,28,-0.12824754521691856,[-10.7482849    8.06034386],0.6786703601108033,0.7705346480603228,0.77088151078187
91,1.0,0.77,37,-0.2600467007123504,[-11.99260895   9.06757747],0.6989843028624192,0.8004981405029171,0.804400803386279
92,1.0,0.77,46,-0.20315286427018972,[-13.58578756   9.88337106],0.7229916897506925,0.8218942986795865,0.8240426637358976
93,1.0,0.77,55,-0.1238486049977742,[-15.02274766  10.38585225],0.7516158818097877,0.8498379337404893,0.8517145397891968
94,1.0,0.77,64,-0.10159119139928967,[-15.01179598   9.6654664 ],0.7636195752539243,0.8611484526937119,0.8581402417542694
95,1.0,0.77,73,-0.025023279440187444,[-14.8713558    8.84442807],0.775623268698061,0.8721894298679587,0.8738921547095297
96,1.0,0.77,82,0.07465008286509457,[-15.07204244   8.00583236],0.7774699907663897,0.8721518987341772,0.8723262664253095
97,1.0,0.77,91,0.06858167690007583,[-14.60769672   7.16175535],0.7710064635272391,0.8656419529837251,0.8635448932376545
98,1.0,0.77,100,-0.035040134910531,[-14.22918805   6.49808492],0.7673130193905817,0.8584393872189431,0.8560318711031624
99,1.0,0.86,10,0.0597695429380819,[-8.26912312  4.6314369 ],0.6759689922480621,0.7426914737086656,0.6932352273398346
100,1.0,0.86,19,-0.23318967348107963,[-9.39829509  5.69980674],0.7317829457364341,0.7891853171222798,0.7628979237662091
101,1.0,0.86,28,-0.1887348202378896,[-11.05326513   6.59277706],0.7178294573643411,0.7947901339735151,0.7827172593552014
102,1.0,0.86,37,-0.08737933722910175,[-12.62010896   7.64777035],0.7364341085271318,0.8181967784403315,0.8107956002110015
103,1.0,0.86,46,0.01863999683544794,[-13.15442438   7.82240452],0.7348837209302326,0.8344981801285525,0.8275847005949578
104,1.0,0.86,55,-0.0010902880366609967,[-14.14927883   8.05920927],0.7612403100775194,0.8567916053589406,0.8518362561841486
105,1.0,0.86,64,-0.0889980351071569,[-14.01354637   7.64305508],0.7767441860465116,0.8796464802911794,0.8748564055800006
106,1.0,0.86,73,-0.03226001726883797,[-13.33295498   7.00616858],0.8046511627906977,0.8955413149539224,0.891854516031019
107,1.0,0.86,82,0.02469829407975647,[-12.80874212   6.49787998],0.8,0.8981452799504376,0.8924324744273839
108,1.0,0.86,91,0.031087263739256403,[-12.08295232   5.75119235],0.7891472868217054,0.8922500580810037,0.8852302718063749
109,1.0,0.86,100,0.011295299451865982,[-11.85530385   5.36634591],0.7891472868217054,0.8798110431348254,0.8708603098906249
110,1.0,0.95,10,0.5695695214283762,[-7.86322327  4.01391385],0.6150234741784038,0.6713274336283186,0.6820539960582357
111,1.0,0.95,19,0.14687892934090682,[-9.96744475  4.92566467],0.6384976525821596,0.7033628318584071,0.7314683938232933
112,1.0,0.95,28,0.16081587311203627,[-10.25184865   5.34726486],0.6384976525821596,0.7353097345132743,0.7797861072745662
113,1.0,0.95,37,0.22408228900314892,[-11.92925697   6.2669339 ],0.6666666666666666,0.7836283185840709,0.8249502495551094
114,1.0,0.95,46,0.13520546176727583,[-12.98111018   6.86927904],0.704225352112676,0.8164601769911506,0.8501987672934127
115,1.0,0.95,55,0.07429252343907156,[-13.50891348   7.30213118],0.7230046948356808,0.8439823008849558,0.8749758975589377
116,1.0,0.95,64,0.16947541564399007,[-13.69648578   7.19139368],0.784037558685446,0.8831858407079646,0.9029198703151055
117,1.0,0.95,73,0.06682616330324584,[-12.75151689   6.25825908],0.7934272300469484,0.8778761061946903,0.8910405770811465
118,1.0,0.95,82,0.041330380115800584,[-12.36908643   5.86221685],0.7981220657276995,0.871504424778761,0.8869798766194362
119,1.0,0.95,91,0.04029867428816527,[-11.27411387   5.25381382],0.7887323943661971,0.8659292035398231,0.886672005451021
120,1.0,0.95,100,0.06168359971309882,[-11.2641443    5.13503327],0.7699530516431925,0.8525663716814159,0.8770381656108293
121,2.0,0.05,10,-0.5768563710697879,[-94.93523286 187.10799177],0.5625425652667423,0.5931693465264893,0.5845724538577606
122,2.0,0.05,19,-2.5684750850206854,[-72.78524772 217.66824913],0.5673098751418842,0.6113799216656359,0.5895779572528149
123,2.0,0.05,28,-0.059650997126053526,[-59.47646396 133.86084471],0.5854710556186152,0.6221559472273758,0.6112883409648429
124,2.0,0.05,37,-0.7563815459011605,[-59.81872139 102.49947778],0.5877412031782066,0.6408576582148011,0.6304931298242658
125,2.0,0.05,46,0.5102202568743462,[-67.19736612  87.39093853],0.6104426787741203,0.6705019583591012,0.6707160280481379
126,2.0,0.05,55,-0.35781346565902705,[-53.34210055  61.14244272],0.6338251986379114,0.694902700474129,0.699362757866487
127,2.0,0.05,64,-0.3129119580277086,[-59.57333358  82.75283616],0.6538024971623155,0.7195905998763141,0.7191785675422198
128,2.0,0.05,73,0.10291580946863232,[-68.01033603  78.42704267],0.6733257661748013,0.7457101628530199,0.7493926910386084
129,2.0,0.05,82,-0.4401599261874699,[-62.71813957  62.28831011],0.6678774120317821,0.7471890331890332,0.7525000212079501
130,2.0,0.05,91,-0.3297767101424478,[-55.11400191  63.72232637],0.6687854710556186,0.748062049062049,0.7493886567778953
131,2.0,0.05,100,-1.024183537519348,[-50.52920527  76.82879283],0.6615209988649262,0.7477555143269429,0.7469200579174063
132,2.0,0.14,10,0.013420668307563952,[-17.19490082  32.7883863 ],0.5988941945212365,0.6321511945185545,0.6146424336073589
133,2.0,0.14,19,0.5519575275818012,[-24.38115259  38.44571304],0.6117114852978135,0.6633211051823106,0.6540694878751949
134,2.0,0.14,28,0.9634034737734537,[-25.63979366  39.88138987],0.6473988439306358,0.713071994502385,0.7057177419664905
135,2.0,0.14,37,0.9002892921426568,[-33.01686376  43.90053403],0.6692636340789143,0.7433677439566658,0.7476458994132819
136,2.0,0.14,46,0.6568911256316783,[-38.02322771  44.89311877],0.6848454385524001,0.7702679076724069,0.7821713277343146
137,2.0,0.14,55,0.18852064346786587,[-120.81089557  118.90872853],0.7034430761497864,0.7935295648395182,0.7999607245685119
138,2.0,0.14,64,1.7284376331147078,[-95.7506279   76.46190992],0.7232973108821312,0.8133425802409249,0.8177402786564332
139,2.0,0.14,73,1.022001350856702,[-108.38809839   74.25203026],0.7456647398843931,0.8366978433988196,0.8385611748313226
140,2.0,0.14,82,1.5325035587454436,[-126.03068594   68.051198  ],0.7532043226941443,0.8468683048346674,0.8515113586840837
141,2.0,0.14,91,0.47895492814562074,[-118.14659095   62.16390693],0.7680321688866549,0.8609855030721967,0.8637481213902962
142,2.0,0.14,100,0.8247460232679544,[-199.85660121   81.88450102],0.7720532797185222,0.8636141765704584,0.8672557038031294
143,2.0,0.22999999999999998,10,-0.14426271420847522,[-17.60125782  25.38950382],0.6287793952967525,0.6734362472630859,0.6393830576141337
144,2.0,0.22999999999999998,19,-0.5002732475616651,[-19.14535256  26.81059838],0.6480963045912654,0.7008855012766257,0.6728785426575427
145,2.0,0.22999999999999998,28,-0.6977286779790401,[-24.13468527  30.36172975],0.6732922732362822,0.7399352264956179,0.7177935284592276
146,2.0,0.22999999999999998,37,-0.6446403268754831,[-24.65764875  30.2867084 ],0.6973684210526315,0.7777282366136169,0.7659883141637285
147,2.0,0.22999999999999998,46,-0.48554542865988554,[-27.38793413  29.02560799],0.7192049272116461,0.8114187366564167,0.8059767819337359
148,2.0,0.22999999999999998,55,-0.2691024700079787,[-32.29844805  27.77670058],0.7502799552071668,0.8405229163942687,0.8367258515050642
149,2.0,0.22999999999999998,64,-0.19208479938975687,[-45.43120565  31.59107673],0.7623180291153415,0.8614321096352234,0.8579903874208669
150,2.0,0.22999999999999998,73,-1.0350645480913516,[-89.4982537   59.76265585],0.7833146696528556,0.8781478628161268,0.8745672711986623
151,2.0,0.22999999999999998,82,-0.3675306009656209,[-81.4008488   46.53776754],0.7981522956326987,0.8897513127624623,0.8866685553443341
152,2.0,0.22999999999999998,91,-0.1195204657084524,[-66.13037958  37.46192027],0.8085106382978723,0.8989786681391052,0.8959998882834838
153,2.0,0.22999999999999998,100,0.5355684450659786,[-106.96715903   55.33274948],0.8152295632698768,0.9021348792684964,0.9003911621101734
154,2.0,0.32,10,-0.058798486727186225,[-10.78398833  16.63542683],0.6595062520038474,0.7127814249847244,0.6943643025202293
155,2.0,0.32,19,0.14898608508145725,[-13.8536693   18.89151486],0.6809874959923052,0.7392637658419127,0.73238790019444
156,2.0,0.32,28,0.10351917943536575,[-15.61159155  20.52799384],0.6979801218339211,0.770682788390451,0.7678233881076626
157,2.0,0.32,37,0.13948414358599087,[-17.82691531  22.69399487],0.7165758255851234,0.7985199823355118,0.8002204785985009
158,2.0,0.32,46,0.024705305504092445,[-21.56194847  23.35327251],0.7425456877204232,0.8241774869880649,0.8278117532290845
159,2.0,0.32,55,0.28571127227340587,[-28.46691543  24.86135686],0.7572940044886182,0.8443662371432871,0.8484289293514906
160,2.0,0.32,64,0.2835118017742175,[-29.23613111  23.28544509],0.7797370952228279,0.8653674879666841,0.8698361278708877
161,2.0,0.32,73,0.40970404086840456,[-30.38707416  21.9847524 ],0.7928823340814364,0.8845332109648116,0.8883102820889517
162,2.0,0.32,82,0.3727284121261648,[-32.48357311  20.46838808],0.8092337287592177,0.8993354435324371,0.903172092800641
163,2.0,0.32,91,0.20435781226505245,[-32.8124809   18.10689884],0.8175697338890671,0.9092359450953496,0.9123151303258602
164,2.0,0.32,100,0.045308191150520885,[-35.46084983  16.76663595],0.8249438922731644,0.9140940905379032,0.9165036081275824
165,2.0,0.41,10,-0.4121028717703513,[-9.99395505 12.44631255],0.6638345031400074,0.734721890079507,0.727428344490535
166,2.0,0.41,19,-0.3331182750028859,[-12.44897437  14.80880517],0.6752862947912819,0.7588949639156515,0.7599015566292707
167,2.0,0.41,28,-0.3183711555654337,[-14.39402923  15.80554097],0.7107499076468415,0.7950153477233938,0.7968198603730932
168,2.0,0.41,37,-0.26967712428631074,[-16.68509715  16.88759804],0.7366087920206871,0.8251986577430384,0.8303462165017784
169,2.0,0.41,46,-0.17429961683468198,[-18.57536212  17.58563978],0.7550794237162911,0.8450447764779624,0.8515552828772184
170,2.0,0.41,55,-0.16068033464435735,[-21.58283034  18.64983104],0.7765053564831917,0.8626676319734956,0.8680418904105625
171,2.0,0.41,64,0.17803517623415044,[-24.0867126   19.32927578],0.7923900997414112,0.8844432723901499,0.8890575395786867
172,2.0,0.41,73,0.32163315326097347,[-27.71300589  19.78332416],0.8104913188031031,0.9030947693255192,0.9064219607539503
173,2.0,0.41,82,0.21694124662124087,[-27.30227861  17.06571863],0.8311784263021795,0.916339346845445,0.9195398578001415
174,2.0,0.41,91,0.11128450353306592,[-28.58854297  15.44907998],0.842260805319542,0.9244024980044138,0.9277996963716383
175,2.0,0.41,100,0.10987750392282282,[-31.40314827  13.70586338],0.8418913926856298,0.9276047177733299,0.9304354421202942
176,2.0,0.49999999999999994,10,-0.22445961953337784,[-9.72551814 10.93423218],0.6767895878524945,0.7433179001653769,0.74484566692314
177,2.0,0.49999999999999994,19,-0.044882019646953625,[-12.62680536  13.08299929],0.7123644251626898,0.7857119188839922,0.7981962853929326
178,2.0,0.49999999999999994,28,0.0669382037402815,[-15.89522423  14.77261688],0.7327548806941432,0.816118372498637,0.8245268528772465
179,2.0,0.49999999999999994,37,0.23968125982228705,[-17.81110042  15.48332521],0.747939262472885,0.8441428265892297,0.8557886199016005
180,2.0,0.49999999999999994,46,0.28331321467993653,[-19.16218579  15.31539842],0.7700650759219089,0.8674492196560522,0.8785499912590796
181,2.0,0.49999999999999994,55,0.28478627115454286,[-21.01815721  15.32718938],0.782646420824295,0.8841239694067821,0.8948729228983245
182,2.0,0.49999999999999994,64,0.24906267493955003,[-21.58745981  14.55115293],0.8,0.8983150535140328,0.906895179459889
183,2.0,0.49999999999999994,73,0.25794781018487084,[-22.18889601  13.35709171],0.8225596529284165,0.9131191466673093,0.9188066081054047
184,2.0,0.49999999999999994,82,0.3019446222985292,[-22.88435545  12.16307421],0.8351409978308026,0.9233015733396793,0.9268985650704339
185,2.0,0.49999999999999994,91,0.3220013298004242,[-24.1441251  10.9342964],0.848590021691974,0.9302480050848122,0.9325259109790549
186,2.0,0.49999999999999994,100,0.28801307730237885,[-23.60199845   9.45478894],0.8581344902386118,0.9359119375604348,0.9377703764459665
187,2.0,0.5900000000000001,10,0.01607133592406494,[-8.33325322  6.94813943],0.6810526315789474,0.7343567684007221,0.7147385289477807
188,2.0,0.5900000000000001,19,0.14801935131437746,[-10.01018269   8.68067627],0.6947368421052632,0.7637722158876216,0.7536569136623341
189,2.0,0.5900000000000001,28,0.0595533466727852,[-12.5302198   10.23819822],0.7205263157894737,0.7937527910102598,0.7867437716493475
190,2.0,0.5900000000000001,37,0.0627971685037188,[-13.89051913  10.93451176],0.7336842105263158,0.8243683036530515,0.8182479004444869
191,2.0,0.5900000000000001,46,0.09431917966386966,[-15.93334662  11.57767087],0.758421052631579,0.8524241205339681,0.8527161846560951
192,2.0,0.5900000000000001,55,0.1503791185150506,[-17.85989606  11.93568361],0.781578947368421,0.8761594812349922,0.8782836420134053
193,2.0,0.5900000000000001,64,0.11325194451318263,[-21.15380853  12.57427724],0.7947368421052632,0.8931133103071524,0.8956356928327974
194,2.0,0.5900000000000001,73,0.09122641951247193,[-22.20199742  11.89452547],0.8194736842105264,0.9093834457494091,0.9119139659812122
195,2.0,0.5900000000000001,82,0.11472559304337235,[-22.5053739   11.32097695],0.8363157894736842,0.9228024568646941,0.9253562448897693
196,2.0,0.5900000000000001,91,0.15008921028773867,[-21.89220705  10.44414747],0.848421052631579,0.9330689422472799,0.9345875430433433
197,2.0,0.5900000000000001,100,0.18898708017691374,[-22.61501097   9.74693842],0.8563157894736843,0.9410272690705644,0.9419111862803522
198,2.0,0.68,10,-0.4725143997565237,[-10.01202586   6.75170944],0.7030048916841369,0.7636573666177191,0.7598903215461923
199,2.0,0.68,19,-0.2088006158528528,[-10.87636893   7.7399624 ],0.7197763801537387,0.7863338228095937,0.7861543102381374
200,2.0,0.68,28,-0.031816813166467554,[-12.9169823    9.00434395],0.7316561844863732,0.8103416544297601,0.8203067491362168
201,2.0,0.68,37,0.0736691120115947,[-13.40778119   9.2365098 ],0.7512229210342418,0.8347567302985806,0.8481853563144859
202,2.0,0.68,46,0.235190972906202,[-14.82482364   9.52498498],0.7617051013277428,0.8569006363191385,0.8669464352051803
203,2.0,0.68,55,0.29227030314107977,[-16.49304401   9.63569123],0.7889587700908456,0.878098874204601,0.8855048189845702
204,2.0,0.68,64,0.3736180931800691,[-17.3323287    9.42823858],0.803633822501747,0.8975819872736172,0.9029983332860079
205,2.0,0.68,73,0.3346614407987814,[-17.77160664   9.16554039],0.8134171907756813,0.9123543808125305,0.9164921074271906
206,2.0,0.68,82,0.3751816132430373,[-18.67468733   8.94394652],0.8336827393431167,0.928099853157122,0.9325058835414891
207,2.0,0.68,91,0.3097064699736673,[-18.83092356   8.44806181],0.8518518518518519,0.9400039158100832,0.943424762885599
208,2.0,0.68,100,0.3285828181506707,[-18.81343757   7.7217077 ],0.8721174004192872,0.9503906020558003,0.9528616786711954
209,2.0,0.77,10,0.46050778043981383,[-10.36961238   4.97234619],0.7029795158286778,0.7860694964627549,0.7855133752766517
210,2.0,0.77,19,0.20363106949888768,[-11.46212456   6.63530778],0.7374301675977654,0.8164412539880703,0.8274513254701281
211,2.0,0.77,28,0.11023458352167062,[-13.2558657    8.15760807],0.7532588454376163,0.8496462754889721,0.8591272108944152
212,2.0,0.77,37,0.10988785911123256,[-15.2935142    8.90067887],0.7802607076350093,0.8760091552226382,0.883555767212089
213,2.0,0.77,46,0.06956057309769148,[-17.25817052   9.55636373],0.7877094972067039,0.8942363712026634,0.8999456651475624
214,2.0,0.77,55,0.16113919163024484,[-17.46352136   9.47385819],0.8054003724394786,0.9081391316410043,0.9111638125054983
215,2.0,0.77,64,0.17058321169721222,[-17.19419933   8.98528605],0.8296089385474861,0.9258184214176722,0.9269229279099538
216,2.0,0.77,73,0.1975800297161437,[-17.44528105   8.63541816],0.8547486033519553,0.9386322652240255,0.9403804503290064
217,2.0,0.77,82,0.1950159087456457,[-17.74325058   7.92235363],0.8705772811918063,0.9504820363434596,0.9517307754220274
218,2.0,0.77,91,0.2662629780857544,[-17.74757806   7.16625675],0.8752327746741154,0.9573623248716883,0.9590087698327366
219,2.0,0.77,100,0.27319379087562423,[-17.57301798   6.66254888],0.88268156424581,0.9607296435011791,0.9628460105273119
220,2.0,0.86,10,0.5203894170343901,[-7.48651826  3.7735845 ],0.620583717357911,0.68932350718065,0.6758626132788833
221,2.0,0.86,19,0.3910777013407449,[-10.50538743   4.63391507],0.6835637480798771,0.7520219198790628,0.7320401059115457
222,2.0,0.86,28,0.29146377603049667,[-12.35815546   5.89725849],0.7112135176651305,0.7888227513227513,0.7792104952976382
223,2.0,0.86,37,0.24183165376638704,[-14.17014798   6.7928914 ],0.7250384024577573,0.8178193499622071,0.8120872306120458
224,2.0,0.86,46,0.28243704534224223,[-15.76479204   7.62463312],0.7542242703533026,0.8468442932728647,0.8427322609652768
225,2.0,0.86,55,0.4233640228380886,[-15.65878309   7.58462959],0.7772657450076805,0.87531179138322,0.8731126116146175
226,2.0,0.86,64,0.360215709614773,[-16.69937228   7.48272285],0.804915514592934,0.8973922902494331,0.8954300966472473
227,2.0,0.86,73,0.2288391654481547,[-16.65240675   7.28881855],0.8187403993855606,0.9142290249433107,0.9135477814420939
228,2.0,0.86,82,0.18066412006305851,[-16.6295205    7.16596903],0.8433179723502304,0.9296390778533635,0.9290598053036587
229,2.0,0.86,91,0.2136744171594708,[-16.17239388   6.73911755],0.8509984639016898,0.9400699168556311,0.9388509960053495
230,2.0,0.86,100,0.20322909294492061,[-16.33798457   6.62883172],0.8709677419354839,0.9483276643990931,0.9476558037863816
231,2.0,0.95,10,-0.26395990432427846,[-7.41221112  3.08238692],0.594488188976378,0.689132998200211,0.7287057488773554
232,2.0,0.95,19,-1.3385170024895925,[-9.18149364  3.49234547],0.6417322834645669,0.692484329423447,0.7021883167136946
233,2.0,0.95,28,-0.3268850088662925,[-11.32903977   4.15306602],0.6968503937007874,0.7462297523738598,0.7542059164772492
234,2.0,0.95,37,-0.040481163833710886,[-13.93142135   5.33808348],0.7007874015748031,0.7780673989946006,0.7994373545440301
235,2.0,0.95,46,0.16846881339141395,[-15.02483258   6.02853797],0.7125984251968503,0.8077949481784894,0.8307285574301637
236,2.0,0.95,55,0.08341033346847718,[-16.05175452   6.68198317],0.7637795275590551,0.8454043319059146,0.8616855834411753
237,2.0,0.95,64,0.200215850512202,[-16.35318881   6.95671715],0.7716535433070866,0.873021783652951,0.8878574387276524
238,2.0,0.95,73,0.07056787491905213,[-16.74693967   7.15936594],0.7992125984251969,0.8945571898467076,0.9095196627495854
239,2.0,0.95,82,0.10493056307187731,[-15.95571472   6.70136437],0.8267716535433071,0.9118724011667597,0.9257639765606418
240,2.0,0.95,91,0.1763929799106021,[-15.17872181   6.22893682],0.8503937007874016,0.9282566871470241,0.9378407727607295
241,2.0,0.95,100,0.10020787227045726,[-15.18861611   5.8520546 ],0.8622047244094488,0.9407931483894992,0.9487762975995413
242,3.0,0.05,10,9.351731030077856,[-112.78631228  429.0704484 ],0.6125608137992039,0.6731330758389189,0.6818025109854459
243,3.0,0.05,19,1.7274988410007674,[-55.5496117  187.25422841],0.6282618310482088,0.6911861794160309,0.6841083188565459
244,3.0,0.05,28,5.567835940770671,[-73.94168058 197.04626909],0.6337903582485626,0.7181587356235274,0.7187969952066597
245,3.0,0.05,37,1.7837298798343415,[-84.35755827 139.22813944],0.6581158779301194,0.7392611820812839,0.7329523765707442
246,3.0,0.05,46,2.2464285748665125,[-67.99740254 133.96568395],0.6678460858027422,0.7520417794305063,0.7500256860797753
247,3.0,0.05,55,1.589703544908013,[-81.39351747 182.70402105],0.679124281291464,0.7634692107036563,0.7609210270128746
248,3.0,0.05,64,2.4970539965737144,[-71.58435473 158.28729256],0.6831048208757187,0.7704376003137663,0.765000736528963
249,3.0,0.05,73,0.7863584685725207,[-61.41938034  84.16159883],0.7052189296771341,0.7916143804338152,0.7924008940700865
250,3.0,0.05,82,0.5899642635234298,[-63.13519705  74.32902127],0.7103051747014595,0.7997543076846335,0.796477157965787
251,3.0,0.05,91,1.4556104487889416,[-67.07994411  67.88837921],0.7231313578062805,0.8123082851713146,0.8030703982157856
252,3.0,0.05,100,0.8537812255373894,[-63.74386428  73.78802482],0.7313135780628041,0.8195728357411898,0.813771987049988
253,3.0,0.14,10,-0.2649582086212897,[-18.61964077  35.08625141],0.6652882510338117,0.7267127950042415,0.7152877559683659
254,3.0,0.14,19,1.5193959342359755,[-102.39225219  166.13409945],0.7136949647287765,0.7838728253377968,0.7836619226554805
255,3.0,0.14,28,4.836580671739539,[-240.35042279  423.22142698],0.7377766966674775,0.8109548016768662,0.8205743653544901
256,3.0,0.14,37,-2.1030512934270673,[-91.98684135 134.07957634],0.7630746776939917,0.8436437284143238,0.8390361887958364
257,3.0,0.14,46,-1.2397912804444582,[-126.18822086  126.81135427],0.7791291656531257,0.8590106233716069,0.8596709074284306
258,3.0,0.14,55,-4.358316067790119,[-111.14572134   77.82512449],0.7871564096326927,0.8717849886769874,0.872132084155776
259,3.0,0.14,64,-3.1945521541711033,[-100.23810663   73.2629645 ],0.7888591583556313,0.8844175796397843,0.8836875975585846
260,3.0,0.14,73,-1.9566449603541856,[-81.60598444  50.467536  ],0.8007783994162004,0.8953958604732186,0.8941440676765838
261,3.0,0.14,82,-4.552555731176948,[-119.59467077   61.14889027],0.8022378983215762,0.8994618728793019,0.8975222499307919
262,3.0,0.14,91,-12.57870162961343,[-305.27575008  125.60243294],0.807102894672829,0.9043575847143117,0.9033625956539839
263,3.0,0.14,100,-28.79563943969577,[-588.05747873  268.51063184],0.812454390659207,0.9145751598097431,0.9137198953323672
264,3.0,0.22999999999999998,10,0.2505563402405142,[-15.51908719  23.41701748],0.6899836690255852,0.74667034126335,0.7260205323068963
265,3.0,0.22999999999999998,19,0.3092899994387873,[-20.52664762  21.04629661],0.7346216657593904,0.8072116923295758,0.7837511029962564
266,3.0,0.22999999999999998,28,0.17576943573094783,[-25.95379484  26.79392216],0.7593903102885139,0.8380418548415774,0.8278258444110098
267,3.0,0.22999999999999998,37,0.48032985600251593,[-27.34184038  25.6586595 ],0.786336418072945,0.8585117290755425,0.8501837956429661
268,3.0,0.22999999999999998,46,0.5003326684387208,[-28.71201266  26.51608253],0.7999455634186173,0.8826271588255514,0.8780500392373038
269,3.0,0.22999999999999998,55,0.6639834890428749,[-34.82482797  32.37568661],0.8108328796951552,0.8957626566148668,0.8950000057145762
270,3.0,0.22999999999999998,64,0.36915089212332214,[-34.70086967  31.12711905],0.826619488296135,0.9115530505079241,0.9113060268215417
271,3.0,0.22999999999999998,73,0.09877082792323869,[-34.77236152  31.56616229],0.8402286336418073,0.9194226141792018,0.9193202128112037
272,3.0,0.22999999999999998,82,0.11048879991489541,[-34.16204423  28.56128207],0.8478497550353837,0.9303536502969311,0.9299455470943221
273,3.0,0.22999999999999998,91,-0.13353627066202262,[-37.80581482  28.30774533],0.859553620032662,0.9416995602337518,0.941302901802836
274,3.0,0.22999999999999998,100,-0.4048380979423861,[-45.31133044  32.59008826],0.8633641807294502,0.9439864039922714,0.9435489493052984
275,3.0,0.32,10,-0.9048797861889392,[-15.54103395  17.21127643],0.6884944920440637,0.7542326540212649,0.7385324172962004
276,3.0,0.32,19,-0.3967641214009139,[-21.83735924  19.34413108],0.7457160342717258,0.8180734064531401,0.8094843177014556
277,3.0,0.32,28,-0.1951642798962715,[-26.22607148  21.03792417],0.7858017135862914,0.8619164510576205,0.8617491015529362
278,3.0,0.32,37,0.05166111460218241,[-29.29607324  23.63689067],0.802937576499388,0.8877352285955273,0.8891978983546254
279,3.0,0.32,46,-0.012262617084177642,[-29.35308304  22.66006918],0.822827417380661,0.9031347333064665,0.9037544735137114
280,3.0,0.32,55,-0.08855360308988292,[-32.0337832   24.29152439],0.8417992656058751,0.917740591979793,0.9192093509360192
281,3.0,0.32,64,-0.045229229127380796,[-43.86460509  31.04155424],0.8509791921664627,0.928044881638499,0.9285404140026523
282,3.0,0.32,73,0.10824395349248404,[-47.29449631  32.38530017],0.8577111383108935,0.9361888360707068,0.9392381601020952
283,3.0,0.32,82,0.2834929196314132,[-45.29327307  28.80632927],0.8629130966952264,0.9449975954659928,0.9476699638053525
284,3.0,0.32,91,-0.005318250883083376,[-34.77403648  19.95566222],0.8791309669522643,0.9504411308650779,0.9517950239648876
285,3.0,0.32,100,0.09123349132988028,[-37.81468447  19.39178603],0.8837209302325582,0.9546921372487037,0.9553407684896362
286,3.0,0.41,10,0.5619699425166098,[-11.42616987  10.82977683],0.7155203456967951,0.7831038025654864,0.7549680657708018
287,3.0,0.41,19,0.5549431167369113,[-17.60767714  14.16394313],0.7792581922938423,0.8528482917514217,0.8386742811441259
288,3.0,0.41,28,1.1789422366921605,[-24.68965697  18.51018656],0.8116672668347137,0.8884060151936568,0.8836068598845711
289,3.0,0.41,37,1.5175807156326238,[-26.61179158  19.92388789],0.8307526107310047,0.9064515961642242,0.9023257484003879
290,3.0,0.41,46,1.3813950919310922,[-25.23259806  18.0502932 ],0.8437162405473533,0.9164546058366889,0.913040639430193
291,3.0,0.41,55,1.057772066622022,[-25.93779793  17.56048594],0.8491177529708318,0.928507825148408,0.9254386598891287
292,3.0,0.41,64,0.9905896714133023,[-25.88984998  17.01411043],0.8548793662225423,0.9374444767321185,0.9362957783452337
293,3.0,0.41,73,0.6093874552936412,[-24.31230605  14.91240121],0.8664025927259633,0.9466571879280999,0.9472442030504009
294,3.0,0.41,82,0.5897187259483345,[-24.02287914  13.78342447],0.8793662225423119,0.9526142637718462,0.9543080416649575
295,3.0,0.41,91,0.5688584302373891,[-25.62557709  13.4192852 ],0.8854879366222542,0.956733882685043,0.957681770189159
296,3.0,0.41,100,0.38231249458424976,[-25.34412987  11.43299469],0.8966510622974433,0.9620495869483997,0.9634189353992336
297,3.0,0.49999999999999994,10,-0.2940786219925187,[-11.27989966   8.40775784],0.744370308590492,0.8188481456732375,0.8193219200570985
298,3.0,0.49999999999999994,19,0.12649593417855126,[-16.3228818   11.32219584],0.7919099249374478,0.8744995266733488,0.8751527346157592
299,3.0,0.49999999999999994,28,0.37197879513808374,[-17.30440552  11.84654181],0.8135946622185154,0.8963456398262613,0.8942942554324117
300,3.0,0.49999999999999994,37,0.503705585142165,[-18.4871611   12.68408941],0.8398665554628857,0.9171365129747187,0.9141530339222503
301,3.0,0.49999999999999994,46,0.5081186911216353,[-19.50163159  13.49803254],0.841534612176814,0.9273638489809555,0.926936790888982
302,3.0,0.49999999999999994,55,0.3264792118292703,[-20.26944303  13.1501771 ],0.8582151793160967,0.9384466533021495,0.9400145587803312
303,3.0,0.49999999999999994,64,0.35061450634532015,[-20.87199104  12.6517229 ],0.8757297748123436,0.9498023165163159,0.9519258029149178
304,3.0,0.49999999999999994,73,0.24522174367287808,[-22.11314211  12.61481435],0.8832360300250208,0.9567302873371198,0.9589166889915189
305,3.0,0.49999999999999994,82,0.19195637285809597,[-22.48980757  11.78400045],0.896580483736447,0.9636707873928054,0.96559302252474
306,3.0,0.49999999999999994,91,0.1857260968082534,[-24.611296    11.39424109],0.9007506255212677,0.9685279541151577,0.9701178391794826
307,3.0,0.49999999999999994,100,0.1745891716637446,[-26.14840214  10.79730154],0.9049207673060884,0.9713595611983517,0.9731920298597314
308,3.0,0.5900000000000001,10,-0.9853324170261758,[-12.67256914   6.26699542],0.7204580947423217,0.8036610819653636,0.7871324886275082
309,3.0,0.5900000000000001,19,-0.5470636242643886,[-16.00047153   8.87138341],0.784487246225924,0.8771788796750718,0.8689955980943773
310,3.0,0.5900000000000001,28,-0.611939284585704,[-19.07988358  10.15781999],0.8261322228006247,0.9082939540292729,0.9068486417204769
311,3.0,0.5900000000000001,37,-0.22968121528148236,[-19.31863062  10.3474577 ],0.8505986465382613,0.9273836954493581,0.928115160544017
312,3.0,0.5900000000000001,46,-0.14191582428372698,[-20.83422183  10.77733779],0.8630921395106715,0.9378230079279326,0.9391225874186959
313,3.0,0.5900000000000001,55,-0.2061914939469244,[-19.54737978  10.28361945],0.8709005726184279,0.9452551735509935,0.9474790950002601
314,3.0,0.5900000000000001,64,-0.10190258632013068,[-18.1176365    9.63749186],0.8719416970327954,0.9499058368156355,0.9526382301134617
315,3.0,0.5900000000000001,73,-0.06998079916136961,[-18.48991872   9.30961902],0.8917230609057782,0.9581754906682982,0.9611644129235114
316,3.0,0.5900000000000001,82,-0.0900370073966669,[-18.89361733   8.73186948],0.8958875585632483,0.9651834880299933,0.9680591976268367
317,3.0,0.5900000000000001,91,-0.025366815438382186,[-18.70355965   8.03487393],0.9057782404997398,0.971050244954459,0.9738259041985488
318,3.0,0.5900000000000001,100,-0.06165569349272611,[-18.90892769   7.20981342],0.9135866736074961,0.9749816663846111,0.9775462910677211
319,3.0,0.68,10,-0.12196790340550896,[-9.93020644  4.44330215],0.6916129032258065,0.7646317359935128,0.7362111085702308
320,3.0,0.68,19,0.11215846076206654,[-11.82218084   6.20858002],0.7509677419354839,0.8413932972670554,0.8350788135254958
321,3.0,0.68,28,0.2495702557420777,[-14.21305815   7.60104053],0.8064516129032258,0.8842548883460631,0.8849472653537709
322,3.0,0.68,37,-0.018330114961140894,[-17.09046987   8.28443617],0.832258064516129,0.9173439500733481,0.920242669102608
323,3.0,0.68,46,-0.009630510936248891,[-18.17527986   8.42372935],0.8535483870967742,0.935969868173258,0.9395963130272367
324,3.0,0.68,55,-0.016969019195619515,[-18.57119768   8.29365933],0.8683870967741936,0.9451795904162942,0.9487028732912193
325,3.0,0.68,64,-0.0386545997189619,[-19.74747323   8.26054188],0.8832258064516129,0.9555831963780531,0.9585317794531175
326,3.0,0.68,73,-0.124308358364179,[-20.88968461   8.25910466],0.8870967741935484,0.9615659358499802,0.9643228775007381
327,3.0,0.68,82,-0.16841677428545274,[-21.32704743   7.86896724],0.8980645161290323,0.9672273091326278,0.9698024854438987
328,3.0,0.68,91,-0.13206607333007303,[-21.41837846   7.37534216],0.9090322580645162,0.9716714871595059,0.9740471679110888
329,3.0,0.68,100,-0.024659116305270623,[-21.40796569   7.0607851 ],0.9141935483870968,0.9747735866964389,0.9768004373358056
330,3.0,0.77,10,0.36088583156804704,[-14.24486703   3.92928271],0.6462395543175488,0.7325093219168624,0.7263023027777342
331,3.0,0.77,19,0.7693902382217385,[-16.18839603   5.23888187],0.7845868152274837,0.8568291672420937,0.8392962639321077
332,3.0,0.77,28,0.3814202942233851,[-14.89275701   5.94074094],0.7957288765088208,0.8711642038392486,0.8457690772018259
333,3.0,0.77,37,0.7543201184609574,[-16.44504443   6.93645279],0.8040854224698236,0.8917380196105512,0.8781583171335726
334,3.0,0.77,46,0.7232710699468223,[-16.88352642   7.29920955],0.8217270194986073,0.9109411683469133,0.9031904517574444
335,3.0,0.77,55,0.61302363582736,[-17.19238943   7.28508033],0.8291550603528319,0.926080651843668,0.9209016867352031
336,3.0,0.77,64,0.4375011982638762,[-16.50261552   6.81068903],0.8430826369545033,0.9332481701422455,0.9297756254247304
337,3.0,0.77,73,0.38747845155688715,[-16.2120943    6.44559785],0.8560817084493965,0.9431466648253004,0.941073355711241
338,3.0,0.77,82,0.24719884193021435,[-15.91446866   5.99040845],0.8672237697307336,0.951633061731805,0.9505383523454007
339,3.0,0.77,91,0.2410531770709242,[-15.11759861   5.47828536],0.8802228412256268,0.9584138931086866,0.9573775926203476
340,3.0,0.77,100,0.12969251133098048,[-15.51939515   5.47745966],0.89322191272052,0.9621530175390139,0.9614313500959741
341,3.0,0.86,10,-0.04200912341189833,[-15.04799835   2.94622314],0.6676470588235294,0.7561408675166297,0.7429026050606743
342,3.0,0.86,19,0.002446677276461553,[-14.14012284   3.00610447],0.7397058823529412,0.808515798226164,0.7943966490247922
343,3.0,0.86,28,-0.2611825872269565,[-12.0244601    3.03779141],0.788235294117647,0.8601718403547671,0.8486781683193294
344,3.0,0.86,37,-0.07226594388881553,[-12.25694322   3.60565047],0.8044117647058824,0.8929808758314857,0.8866035644128875
345,3.0,0.86,46,0.064178454793256,[-12.60692222   3.7153266 ],0.8235294117647058,0.910121604767184,0.9031895490743241
346,3.0,0.86,55,0.27237034748292777,[-13.58540587   3.97856382],0.8382352941176471,0.9269332039911308,0.9187459830430786
347,3.0,0.86,64,0.3658227900459081,[-13.67157489   3.96852435],0.861764705882353,0.9376472422394679,0.9274926647742138
348,3.0,0.86,73,0.3167290548103789,[-13.58191656   3.87907144],0.8764705882352941,0.9434676413525499,0.9325193046663003
349,3.0,0.86,82,0.40329648467477275,[-14.10231754   3.93781473],0.8838235294117647,0.9502927522172949,0.9385381922509499
350,3.0,0.86,91,0.3514604136413845,[-14.26194792   3.72592369],0.8955882352941177,0.9590493348115299,0.9488164327189719
351,3.0,0.86,100,0.26586473041980213,[-13.96929805   3.5353413 ],0.9,0.9628603104212861,0.9537833845254002
352,3.0,0.95,10,0.1215793360521039,[-11.2673409    2.21050042],0.7454545454545455,0.8178717031367002,0.8090383975032134
353,3.0,0.95,19,0.1068723537944192,[-8.49656836  2.52789058],0.6318181818181818,0.7125384807388301,0.7195787854187299
354,3.0,0.95,28,-0.05067572580241562,[-11.03446512   2.36529622],0.8181818181818182,0.8719527414926367,0.8825893495879147
355,3.0,0.95,37,-0.09782419104871805,[-11.29836189   2.50702897],0.8136363636363636,0.8767784341459357,0.898588489484438
356,3.0,0.95,46,0.9698870440137668,[-12.87281147   2.71133124],0.8272727272727273,0.8885930609867709,0.9067248662143261
357,3.0,0.95,55,0.5434863827548694,[-13.77129583   2.90952165],0.8727272727272727,0.929112238954988,0.9447025708189442
358,3.0,0.95,64,0.20757802522723034,[-13.77803832   3.00461309],0.8909090909090909,0.9417588817705299,0.9573182097863787
359,3.0,0.95,73,0.20259651620090882,[-14.21843171   3.00369566],0.8772727272727273,0.9578167900823696,0.9703741534092419
360,3.0,0.95,82,0.44155300303849065,[-14.84939564   3.27054736],0.8954545454545455,0.9727930776270906,0.9798265545512548
361,3.0,0.95,91,0.1890371883643785,[-14.63184999   3.53937105],0.9136363636363637,0.9781179798652134,0.9828621337916197
362,3.0,0.95,100,0.4891241778417231,[-14.4925201    3.56104837],0.9045454545454545,0.9815292453615109,0.9851058282437829
363,4.0,0.05,10,-4.1449033931300665,[-65.76156055 229.49830549],0.6019155206286837,0.6374567549383382,0.6210003004089406
364,4.0,0.05,19,-3.018279422230335,[-49.70485694 210.66893856],0.6141944990176817,0.6637224683259552,0.6426166666958626
365,4.0,0.05,28,0.33068536104201546,[-38.23833721 133.60020304],0.6429273084479371,0.7029469243386018,0.6901330724514249
366,4.0,0.05,37,0.5984737886226552,[-40.32697166 123.40226447],0.6512770137524558,0.7249530850938334,0.7164123622598813
367,4.0,0.05,46,0.7234776031567668,[-43.92746839 113.01442117],0.6598722986247544,0.7283587731658557,0.7175098684986492
368,4.0,0.05,55,0.2858741459366555,[-47.2080423  111.48235852],0.6827111984282908,0.756082533566563,0.750757167028919
369,4.0,0.05,64,0.20971046468070118,[-44.71244456 103.77809158],0.7016208251473477,0.7799079963650144,0.7761067132456342
370,4.0,0.05,73,0.455101745186009,[-45.54120165  98.32400186],0.7173379174852652,0.7912804735806176,0.7840469524999385
371,4.0,0.05,82,0.4418381383571651,[-48.85697861  92.36479388],0.7180746561886051,0.7997583270189091,0.7926540915128136
372,4.0,0.05,91,0.9175873387256204,[-47.55058837  97.93897191],0.7143909626719057,0.8008880480914276,0.7980513545643966
373,4.0,0.05,100,1.0997539453797536,[-46.80512171 101.26580356],0.7271611001964636,0.8075585408046905,0.8057322083005245
374,4.0,0.14,10,0.0207034894130009,[-34.41571562  43.91268702],0.6663954434499593,0.7265538748002043,0.7249584717245258
375,4.0,0.14,19,1.1031488165668675,[-85.30033096 119.7940022 ],0.6880933007865473,0.7615532804154337,0.7608991471525391
376,4.0,0.14,28,-1.2508928677330025,[-61.17940388  79.48924768],0.7070789259560618,0.7906513574335761,0.7863137392947781
377,4.0,0.14,37,-4.203510544642622,[-265.19405426  268.52445505],0.7447789530783835,0.8188328460555214,0.8252333489684603
378,4.0,0.14,46,-0.5912016007832244,[-159.5597421   119.87039012],0.7618660157309466,0.8393061646528205,0.8391612511408658
379,4.0,0.14,55,-13.858149676234461,[-268.84280714  221.41698435],0.7534580960130187,0.8419080692734853,0.8440569873956119
380,4.0,0.14,64,-7.856247656545673,[-163.78487696  132.95534463],0.7789530783835096,0.8654267270702835,0.8653273696474358
381,4.0,0.14,73,-1.6908344027561257,[-65.19222138  50.12045493],0.7903444534852183,0.8743900199854523,0.8738607875104245
382,4.0,0.14,82,-0.9215574559324218,[-60.41257482  42.58321884],0.7987523732031462,0.8864448493322882,0.8871174677049445
383,4.0,0.14,91,-1.3942750535113415,[-63.04753503  39.26180491],0.8133984269053431,0.8963498890089427,0.8979083544344384
384,4.0,0.14,100,-2.56376063473585,[-81.56615013  47.28934917],0.8155682126390019,0.901942696600119,0.904831012822422
385,4.0,0.22999999999999998,10,-0.034506082948366754,[-20.24826588  23.86933216],0.6814024390243902,0.7534427963147438,0.7318218201159726
386,4.0,0.22999999999999998,19,-0.4343443264403968,[-26.88439608  25.76850092],0.7469512195121951,0.8263194550574477,0.805400936234357
387,4.0,0.22999999999999998,28,-0.245068279690543,[-35.0729253   30.59027154],0.7932926829268293,0.8678691307922364,0.8507688248952943
388,4.0,0.22999999999999998,37,0.046221680474769974,[-31.04558548  26.19128892],0.7987804878048781,0.8813469323555364,0.8673953889861634
389,4.0,0.22999999999999998,46,-0.08384979165022746,[-28.46944166  25.39596942],0.8198170731707317,0.9006154364445019,0.8883098231728335
390,4.0,0.22999999999999998,55,-0.2886619341517979,[-26.0039597   22.41056391],0.8338414634146342,0.9118625551302918,0.8997917653207091
391,4.0,0.22999999999999998,64,0.12417530649060893,[-38.37449021  29.81191962],0.8442073170731708,0.9207759905789996,0.9095542248043214
392,4.0,0.22999999999999998,73,0.40426859355743067,[-42.73268577  32.46046592],0.8463414634146341,0.9306266549313189,0.9211082958415581
393,4.0,0.22999999999999998,82,1.1306952352766761,[-62.14573308  36.5940441 ],0.8640243902439024,0.9392379683866983,0.9320322624912476
394,4.0,0.22999999999999998,91,1.1008076622773406,[-64.17659293  30.15881833],0.8719512195121951,0.9443459681680548,0.9388207149834344
395,4.0,0.22999999999999998,100,0.2822310230470682,[-58.1425668   23.86206936],0.874390243902439,0.9478609948793575,0.9450221891146671
396,4.0,0.32,10,-0.1268048525096129,[-13.83250004  14.54963724],0.7082056520258767,0.77665171468464,0.7527600429226642
397,4.0,0.32,19,-0.2549388967052761,[-17.06052451  15.8273135 ],0.7572352740892067,0.8276849785925344,0.8130112353257488
398,4.0,0.32,28,-0.0694398576511429,[-21.20095723  16.06400037],0.7885597548518897,0.8597753027892328,0.8464344902311522
399,4.0,0.32,37,-0.13326525525140115,[-25.18091046  16.89004849],0.8120531154239019,0.8870196076612287,0.8731774703744047
400,4.0,0.32,46,-0.000854710013065231,[-25.45299195  15.61650193],0.8205652025876745,0.9025252923522235,0.8910537203754203
401,4.0,0.32,55,-0.057347531807929474,[-26.70520354  16.50008322],0.8318011576438543,0.9128583952982433,0.903772855199004
402,4.0,0.32,64,-0.3722488057595673,[-29.02469005  16.04412124],0.8525706503234594,0.9238418398823633,0.9149506833721942
403,4.0,0.32,73,-0.4823117747321149,[-30.90578024  15.84004918],0.8590398365679265,0.9326794353809972,0.9249130545156209
404,4.0,0.32,82,-0.3620257262305733,[-30.49387241  14.78428804],0.8682328907048008,0.9404742576967144,0.9338005947457181
405,4.0,0.32,91,-0.40030668444772277,[-29.09304922  13.43292148],0.8712972420837589,0.9459163462118296,0.9413360653922845
406,4.0,0.32,100,-0.32249550713670155,[-27.74418196  11.94311088],0.8791283622744297,0.9524039911123068,0.9486311412927991
407,4.0,0.41,10,-0.19714615244783318,[-11.27111494  12.58512899],0.7066147859922179,0.783936531007752,0.7704202813326797
408,4.0,0.41,19,-0.05548550274925546,[-14.60705562  13.40190024],0.766147859922179,0.845170784883721,0.8362198144343838
409,4.0,0.41,28,-0.06652100225301827,[-17.87794932  14.94507208],0.7871595330739299,0.8727888808139534,0.8648650653624743
410,4.0,0.41,37,-0.12896149881136557,[-22.39562446  16.33555116],0.8124513618677043,0.8948031734496124,0.8863842856412522
411,4.0,0.41,46,-0.15680359574180613,[-22.62340393  15.45525903],0.8280155642023346,0.9094718992248062,0.9031377781841615
412,4.0,0.41,55,-0.20154950935904883,[-22.63251623  14.88502987],0.8408560311284047,0.9212536337209304,0.9145988302201483
413,4.0,0.41,64,-0.14616821948179234,[-21.91419922  12.69874925],0.8607003891050584,0.9373092296511628,0.9326178210131323
414,4.0,0.41,73,-0.24151488550077493,[-21.85896973  11.2263182 ],0.8719844357976654,0.9459835271317829,0.9422039933363344
415,4.0,0.41,82,-0.13033806572935375,[-22.44997306  10.58904395],0.8770428015564202,0.9521420784883721,0.947918165002886
416,4.0,0.41,91,-0.11732590424636849,[-23.01599217   9.60082764],0.8891050583657587,0.9584780765503875,0.9552788176838348
417,4.0,0.41,100,-0.08304675581066623,[-21.83676562   7.76063375],0.8964980544747082,0.9636234253875968,0.9613917185287987
418,4.0,0.49999999999999994,10,0.2955812638985113,[-11.95396876   9.53869622],0.713536701620591,0.7924456629901282,0.7768101809087934
419,4.0,0.49999999999999994,19,0.012268721084366026,[-13.12024959  10.50435152],0.7554814108674929,0.8325319588041087,0.8205180827993772
420,4.0,0.49999999999999994,28,-0.015576863970023832,[-14.53633932  10.74700453],0.7764537654909438,0.8590522909375763,0.848455854401541
421,4.0,0.49999999999999994,37,-0.008148175784713624,[-16.22713852  10.85149144],0.7969494756911344,0.8804335873922325,0.8711325831286495
422,4.0,0.49999999999999994,46,-0.09216623095366124,[-18.29941441  11.42346257],0.8136320305052431,0.900040076299458,0.8940128639839606
423,4.0,0.49999999999999994,55,-0.14832412069470724,[-18.21909624  10.79195465],0.8265014299332698,0.9119748164532748,0.9074642170183772
424,4.0,0.49999999999999994,64,-0.1414363818330791,[-17.5512925   10.15117409],0.8388941849380362,0.9227336216524702,0.9200885299354543
425,4.0,0.49999999999999994,73,-0.05407234969878027,[-17.19773594   9.82494913],0.847950428979981,0.9327263424878749,0.9304429635468695
426,4.0,0.49999999999999994,82,-0.08422040088165902,[-18.29868451   9.83647462],0.8632030505243089,0.9420065957773576,0.9407790822543033
427,4.0,0.49999999999999994,91,-0.059954237746738574,[-18.96910755   9.41708451],0.8684461391801716,0.9481270918510615,0.9473096144056554
428,4.0,0.49999999999999994,100,-0.06112444116422593,[-21.1544021    9.71463676],0.8775023832221163,0.9544466062826188,0.9546292923281331
429,4.0,0.5900000000000001,10,-0.5185423930135771,[-13.4000776    8.06607454],0.7300785634118967,0.813762386841127,0.8163445626114271
430,4.0,0.5900000000000001,19,-0.3782163029081843,[-14.64775102   8.90465387],0.7648709315375982,0.855990726799675,0.8571884086407426
431,4.0,0.5900000000000001,28,-0.3594226147495707,[-16.41906957   9.88439883],0.7901234567901234,0.8799082759533063,0.8818580297090545
432,4.0,0.5900000000000001,37,-0.37163932846876935,[-16.84782661  10.1175518 ],0.8035914702581369,0.898741944222204,0.8987556085882753
433,4.0,0.5900000000000001,46,-0.454932281559754,[-18.83788496  10.74924881],0.824354657687991,0.9146752174981259,0.9155913875207733
434,4.0,0.5900000000000001,55,-0.4020197761468466,[-19.19290183  10.34830108],0.8383838383838383,0.9269886667884614,0.9288971947738855
435,4.0,0.5900000000000001,64,-0.39972857394663985,[-19.38496617   9.69717623],0.8569023569023569,0.9392932964589226,0.9411655526819451
436,4.0,0.5900000000000001,73,-0.32484475279544,[-19.94761882   9.4516337 ],0.8658810325476992,0.9476694154481942,0.9492724291637096
437,4.0,0.5900000000000001,82,-0.25918202400684515,[-19.87494261   8.48285395],0.8742985409652076,0.9537877117496236,0.9557578941228511
438,4.0,0.5900000000000001,91,-0.21142971504142724,[-20.36325737   7.58195411],0.8911335578002245,0.9613221870137397,0.9630351491645608
439,4.0,0.5900000000000001,100,-0.168312762248442,[-20.77442415   6.87846042],0.8956228956228957,0.9676534141378508,0.9693176296321118
440,4.0,0.68,10,-0.08451427718983257,[-11.61495796   6.49479729],0.7144846796657381,0.8008871642788198,0.7698053559363353
441,4.0,0.68,19,-0.060602630650917755,[-12.89269596   7.54710092],0.7458217270194986,0.8444898902503211,0.8324044045229003
442,4.0,0.68,28,-0.05967925796593641,[-13.61901401   8.14399212],0.7632311977715878,0.8673681634650678,0.8617782102284911
443,4.0,0.68,37,0.09201302515541072,[-14.0612408    8.43247169],0.7785515320334262,0.8839092715270374,0.8793670650728517
444,4.0,0.68,46,0.10216042271930492,[-14.40191769   8.2605147 ],0.8022284122562674,0.9004329004329005,0.8968901429372836
445,4.0,0.68,55,0.09016448970617384,[-16.17137548   8.02692856],0.8133704735376045,0.9171740477258645,0.9150647183223731
446,4.0,0.68,64,-0.017190375973053743,[-17.43827989   7.74629216],0.841225626740947,0.9290346262082467,0.9271476519934673
447,4.0,0.68,73,-0.08195931251237487,[-18.08376719   7.29425836],0.8579387186629527,0.9410641698663234,0.9386270499023701
448,4.0,0.68,82,-0.22846291063259594,[-19.32094888   6.98255435],0.8746518105849582,0.9509534879656009,0.9490114953605489
449,4.0,0.68,91,-0.18053699887139282,[-19.63416353   6.39570601],0.8767409470752089,0.9575237085331298,0.9557931543069764
450,4.0,0.68,100,-0.2220079722943775,[-19.37104785   5.64872899],0.887883008356546,0.9637190983086005,0.9622999521915715
451,4.0,0.77,10,0.4585771887026954,[-11.09622204   4.07936598],0.7,0.7593352170874731,0.6986576601539577
452,4.0,0.77,19,0.24860910200406497,[-12.28868361   5.30917352],0.74375,0.8259089981813525,0.7976826652636284
453,4.0,0.77,28,0.35949897168250206,[-14.30250751   6.28778051],0.7875,0.8605370869521813,0.8488176680908883
454,4.0,0.77,37,0.38072205490211875,[-16.43811372   7.36243381],0.7989583333333333,0.8839103958053918,0.8840795775934023
455,4.0,0.77,46,0.475074340747583,[-17.81733832   7.5189083 ],0.8104166666666667,0.9016628253707827,0.9041765781899611
456,4.0,0.77,55,0.4029821937896615,[-17.03897938   6.87962646],0.81875,0.9171538818790665,0.9192962738877573
457,4.0,0.77,64,0.3075282973378192,[-16.80578534   6.61191541],0.8416666666666667,0.9280874686945236,0.9296840971038597
458,4.0,0.77,73,0.28257345437312575,[-16.12363836   5.94172906],0.859375,0.9367206184269351,0.9390207904229781
459,4.0,0.77,82,0.3030002948672637,[-17.00657388   5.74591528],0.8697916666666666,0.9467687539877859,0.9479638399309922
460,4.0,0.77,91,0.1631948756283176,[-17.06722595   5.13822703],0.8864583333333333,0.955406244167524,0.9564653321672263
461,4.0,0.77,100,0.14468650599853813,[-18.02341498   4.8931975 ],0.8875,0.9616608287650126,0.962958320201081
462,4.0,0.86,10,-0.5139644590965539,[-10.618653     2.88678489],0.7167721518987342,0.794963415001355,0.7264517123333554
463,4.0,0.86,19,-0.4141517200438401,[-12.0308132    3.18164793],0.754746835443038,0.8287480804167378,0.7905460868827212
464,4.0,0.86,28,-0.14856204758739283,[-12.52475601   3.74728033],0.7800632911392406,0.8548744868565005,0.8411357565062871
465,4.0,0.86,37,-0.10867715442798824,[-14.20290827   4.48791636],0.7943037974683544,0.8798466340797543,0.868771294997656
466,4.0,0.86,46,-0.05313551221286369,[-15.80261117   4.75572953],0.8117088607594937,0.9007337073802331,0.8862206225407192
467,4.0,0.86,55,-0.07088850166000436,[-17.39364712   5.16926161],0.8306962025316456,0.9157591512681795,0.9035334293684879
468,4.0,0.86,64,-0.17032496148142406,[-18.3213631    5.21016206],0.8512658227848101,0.9317481506759944,0.9232785402637465
469,4.0,0.86,73,-0.1404761141221411,[-18.46218617   5.1285561 ],0.8591772151898734,0.9414439280946694,0.9358193025139322
470,4.0,0.86,82,-0.15304554131604475,[-18.02097057   5.01283307],0.875,0.9489215204103141,0.9445739942138507
471,4.0,0.86,91,-0.15972442828003383,[-17.5437554    4.84627386],0.8781645569620253,0.9557567423793799,0.9523453677231675
472,4.0,0.86,100,-0.10564518532646645,[-16.65393737   4.38237656],0.8924050632911392,0.9605745199787215,0.9577922059067827
473,4.0,0.95,10,0.2337662272245225,[-8.5975261   2.05227198],0.6415094339622641,0.7053475935828877,0.6720789519977322
474,4.0,0.95,19,-0.34910963004059686,[-8.84525935  2.01354476],0.7028301886792453,0.7473262032085563,0.7198522815886866
475,4.0,0.95,28,-0.00850008453204919,[-9.58291814  2.04017733],0.7358490566037735,0.7828877005347594,0.769036866257738
476,4.0,0.95,37,-0.23463149406763376,[-9.6638752   2.05678452],0.75,0.8074866310160428,0.7920496227378397
477,4.0,0.95,46,-0.3230543594121809,[-11.28986879   2.18303864],0.75,0.837433155080214,0.8334564748625456
478,4.0,0.95,55,-0.4343839316088565,[-12.53671258   2.34107543],0.7783018867924528,0.8667557932263815,0.8661685038565441
479,4.0,0.95,64,-0.2968440112793622,[-13.81627921   2.8222292 ],0.8018867924528302,0.9023172905525847,0.9090476423186494
480,4.0,0.95,73,-0.29486866274901663,[-15.0487204    2.78887487],0.8490566037735849,0.9318181818181819,0.9375754766272556
481,4.0,0.95,82,-0.3400715868208189,[-15.54001267   2.64345398],0.8820754716981132,0.9492869875222816,0.9550947292951623
482,4.0,0.95,91,-0.2827706094425874,[-15.25468834   2.59651298],0.8679245283018868,0.9547237076648841,0.9588002397460296
483,4.0,0.95,100,-0.24128870071548086,[-14.83998405   2.56245327],0.8773584905660378,0.9683600713012478,0.9713210686381689
