,system,l1,l2,theta,accuracy,auroc,aupr,process_time,wall_time
0,arxiv,2,6,0.0,0.7137130549240158,0.5,0.8568565274620079,0.259606753999833,0.2596092224121094
1,arxiv,2,6,0.1,0.71388722853158,0.8749301180917867,0.9452191924320233,0.15797709799971926,0.15797877311706543
2,arxiv,2,6,0.2,0.7138698118841446,0.9429574901679797,0.9731296353343841,0.12562693600011698,0.12562823295593262
3,arxiv,2,6,0.30000000000000004,0.7135669821778801,0.9631332406815514,0.9821958482999407,0.22120535900012328,0.2212069034576416
4,arxiv,2,6,0.4,0.7180436087217443,0.9732604669891457,0.9872042461464324,0.09605544900023233,0.09605598449707031
5,arxiv,2,6,0.5,0.717847297135323,0.9766290237851809,0.9890073786704071,0.055513139000140654,0.05551409721374512
6,arxiv,2,6,0.6000000000000001,0.7120663650075415,0.9801737363977522,0.98953539642915,0.12451195999983611,0.1245126724243164
7,arxiv,2,6,0.7000000000000001,0.7151335311572701,0.9821476871061934,0.9919124783826296,0.05199976799940487,0.05200052261352539
8,arxiv,2,6,0.8,0.7211595935445307,0.9857006683607772,0.9939095327696909,0.04077920400050061,0.040780067443847656
9,arxiv,2,6,0.9,0.7294117647058823,0.9879128681626929,0.9950345491635674,0.11778850199971203,0.11778903007507324
10,arxiv,2,6,0.0,0.7137130549240158,0.5,0.8568565274620079,0.201534996999726,0.2015371322631836
11,arxiv,2,6,0.1,0.7125871803387579,0.8726659334491109,0.9418711754879887,0.1508395050004765,0.15084028244018555
12,arxiv,2,6,0.2,0.7146272224712386,0.944138093246916,0.9736191796857439,0.15761182200003532,0.15761303901672363
13,arxiv,2,6,0.30000000000000004,0.7146395626921763,0.9635652627855181,0.9830732043726043,0.10018202399987786,0.10018277168273926
14,arxiv,2,6,0.4,0.7151352958667856,0.9722911364873786,0.9868209693222976,0.0944739259994094,0.09447455406188965
15,arxiv,2,6,0.5,0.7106484235574063,0.9783657764766008,0.9888980357583104,0.09137678899969615,0.09137797355651855
16,arxiv,2,6,0.6000000000000001,0.7092103298999851,0.9815127000173312,0.9911604462794662,0.13813865700012684,0.1381397247314453
17,arxiv,2,6,0.7000000000000001,0.7169095627869835,0.9831699999096629,0.9926590112305858,0.05206399000053352,0.05206489562988281
18,arxiv,2,6,0.8,0.7166311948920645,0.9883050852087018,0.9949840656666781,0.042609512000126415,0.04261016845703125
19,arxiv,2,6,0.9,0.7052941176470588,0.9852263779363707,0.9929275941542731,0.11516850800035172,0.11516952514648438
20,arxiv,2,6,0.0,0.7137130549240158,0.5,0.8568565274620079,0.20062946599955467,0.20063161849975586
21,arxiv,2,6,0.1,0.7109799761304867,0.8735715949727563,0.9447243578239133,0.1509938190001776,0.15099549293518066
22,arxiv,2,6,0.2,0.7114398275477589,0.9428966603401322,0.9743304036960998,0.317078969999784,0.3170802593231201
23,arxiv,2,6,0.30000000000000004,0.7124310564276622,0.9619169247084879,0.9819530356405757,0.14321489599933557,0.14321589469909668
24,arxiv,2,6,0.4,0.7132,0.9705894416975449,0.9859737326594777,0.08425491799971496,0.08425545692443848
25,arxiv,2,6,0.5,0.713465678067448,0.97640573992748,0.9886311471706097,0.1306136310004149,0.1306142807006836
26,arxiv,2,6,0.6000000000000001,0.71734921816828,0.9821319623838386,0.9915984523175712,0.05963860400061094,0.05963897705078125
27,arxiv,2,6,0.7000000000000001,0.7184350918790753,0.9821838148727153,0.9916870244595956,0.04753199799961294,0.04753255844116211
28,arxiv,2,6,0.8,0.7034969144872172,0.9837829625268987,0.9917013330008881,0.05482882599972072,0.05482959747314453
29,arxiv,2,6,0.9,0.7203290246768508,0.9855588646551605,0.9935442938385612,0.12412443299945153,0.12412500381469727
30,arxiv,2,6,0.0,0.7137130549240158,0.5,0.8568565274620079,0.21486338100021385,0.21486520767211914
31,arxiv,2,6,0.1,0.7121876661350346,0.869527850143122,0.9411926075375628,0.13914053500047885,0.13914251327514648
32,arxiv,2,6,0.2,0.7127954971857411,0.9407810635858976,0.9727958450181127,0.15725419099999272,0.1572558879852295
33,arxiv,2,6,0.30000000000000004,0.7149429204293747,0.9641350712858345,0.9834486492592106,0.09945992099983414,0.09946060180664062
34,arxiv,2,6,0.4,0.7095285857572718,0.9738709822913885,0.9878038895342014,0.08412977300031343,0.08413124084472656
35,arxiv,2,6,0.5,0.7091386303984729,0.9799169125124073,0.9903706548729121,0.13217250700017757,0.1321730613708496
36,arxiv,2,6,0.6000000000000001,0.713855421686747,0.9823939040639575,0.9921639514213227,0.07064362300025095,0.07064437866210938
37,arxiv,2,6,0.7000000000000001,0.7197149643705463,0.9860337110688469,0.9937161388437711,0.059700544999941485,0.05970120429992676
38,arxiv,2,6,0.8,0.720369267421084,0.9847149892953417,0.9927371010192503,0.04895411400048033,0.04895472526550293
39,arxiv,2,6,0.9,0.713595166163142,0.9821085970910726,0.9911519100768283,0.11602647200015781,0.1160268783569336
40,arxiv,2,6,0.0,0.7137130549240158,0.5,0.8568565274620079,0.2075944560001517,0.207597017288208
41,arxiv,2,6,0.1,0.7130209026760751,0.8847087482456191,0.9500748137982544,0.16542782099986653,0.16542935371398926
42,arxiv,2,6,0.2,0.7145967863042499,0.9396977402378612,0.9722391300721691,0.1569672969999374,0.1569688320159912
43,arxiv,2,6,0.30000000000000004,0.7149228130360206,0.9639664585311039,0.9830357845126831,0.1100361940007133,0.11003756523132324
44,arxiv,2,6,0.4,0.7151586832249163,0.9724187690511706,0.986714598743482,0.08821227699991141,0.08821392059326172
45,arxiv,2,6,0.5,0.7152080344332855,0.9779672771463003,0.98966329627277,0.08626486499997554,0.08626604080200195
46,arxiv,2,6,0.6000000000000001,0.715366360130525,0.9811560616323318,0.9908403733474369,0.14043187300012505,0.14043259620666504
47,arxiv,2,6,0.7000000000000001,0.7090764962346413,0.9845596500259686,0.9923399053409627,0.05202282799928071,0.05202317237854004
48,arxiv,2,6,0.8,0.6984834968777877,0.9856632517257332,0.9930136875472831,0.04323463200034894,0.04323554039001465
49,arxiv,2,6,0.9,0.7250293772032902,0.9853873166271869,0.9937744602418876,0.04368690399951447,0.043688058853149414
50,arxiv,2,6,0.0,0.7137130549240158,0.5,0.8568565274620079,0.2143541000004916,0.2143564224243164
51,arxiv,2,6,0.1,0.7129247168554297,0.8741461211236659,0.9423684413025839,0.1763823629999024,0.17638373374938965
52,arxiv,2,6,0.2,0.7140625,0.9409453106971286,0.9719191142107848,0.160406702999353,0.16040778160095215
53,arxiv,2,6,0.30000000000000004,0.7134377150722643,0.9613358978681676,0.9815888803129922,0.09183441799996217,0.09183549880981445
54,arxiv,2,6,0.4,0.7172711745202451,0.9735365555111204,0.9878325157939503,0.08396787099991343,0.0839684009552002
55,arxiv,2,6,0.5,0.7215493464444178,0.9776669233324988,0.9898553237119032,0.12655487099982565,0.1265556812286377
56,arxiv,2,6,0.6000000000000001,0.7091813658977838,0.9829580419518766,0.9910184810981371,0.06424652700025035,0.06424689292907715
57,arxiv,2,6,0.7000000000000001,0.7147329289767169,0.9850556901762911,0.9932196953921701,0.047024047999912,0.04702425003051758
58,arxiv,2,6,0.8,0.7174105823233816,0.9885663465235073,0.9945086296083022,0.12908812400019087,0.1290891170501709
59,arxiv,2,6,0.9,0.7226744186046512,0.9912811534952126,0.9965615026584944,0.03610572100024001,0.03610634803771973
60,arxiv,2,6,0.0,0.7137130549240158,0.5,0.8568565274620079,0.22414293000019825,0.22414445877075195
61,arxiv,2,6,0.1,0.7146670225543841,0.8834692841901337,0.9493033080648153,0.17389407999962714,0.17389607429504395
62,arxiv,2,6,0.2,0.7136736074569646,0.9403836074384601,0.9720119574457485,0.16110610499981703,0.16112899780273438
63,arxiv,2,6,0.30000000000000004,0.7094861660079052,0.961109262172467,0.9816257657469551,0.09515457099951163,0.09515571594238281
64,arxiv,2,6,0.4,0.7152139144342263,0.9704591629119931,0.9864862255538287,0.14813495100042928,0.14813566207885742
65,arxiv,2,6,0.5,0.7214026602176542,0.9810567899811896,0.9909376165996489,0.08089703499990719,0.08089804649353027
66,arxiv,2,6,0.6000000000000001,0.7105659241420831,0.9815048395199948,0.990451643734244,0.054980378999971435,0.05498075485229492
67,arxiv,2,6,0.7000000000000001,0.7125857200484066,0.983923309547574,0.9925635042614911,0.04848733800008631,0.04848837852478027
68,arxiv,2,6,0.8,0.7072738024837374,0.9846732373906286,0.9916002078843406,0.12308220900013112,0.12308263778686523
69,arxiv,2,6,0.9,0.6951364175563464,0.9834796350646073,0.9907974028935117,0.04579043600006116,0.0457918643951416
70,arxiv,2,6,0.0,0.7137130549240158,0.5,0.8568565274620079,0.22029586600001494,0.22029781341552734
71,arxiv,2,6,0.1,0.7126352831817276,0.8678795642612752,0.9422496653367205,0.17450937000012345,0.17451119422912598
72,arxiv,2,6,0.2,0.7135385534967125,0.9442838668622165,0.9738626256189951,0.16427823000049102,0.16428017616271973
73,arxiv,2,6,0.30000000000000004,0.7134027601388536,0.9626674101860283,0.9825770483292735,0.0967755430001489,0.09677720069885254
74,arxiv,2,6,0.4,0.7152225755166932,0.9724402248279015,0.9868564570676488,0.150934008999684,0.15093517303466797
75,arxiv,2,6,0.5,0.7070154577883472,0.9761686345944671,0.9879909906247291,0.08471733900023537,0.08471918106079102
76,arxiv,2,6,0.6000000000000001,0.7055021046301864,0.9819212566324765,0.9911950584242011,0.05717563199959841,0.05717658996582031
77,arxiv,2,6,0.7000000000000001,0.7229716126434468,0.9840020148886428,0.991922359837517,0.05257249300029798,0.052573204040527344
78,arxiv,2,6,0.8,0.70962873528524,0.9885531082893907,0.9949006780408322,0.12157065800056444,0.12157106399536133
79,arxiv,2,6,0.9,0.7094674556213018,0.9912469488321055,0.9963147593375293,0.04463837200000853,0.04463982582092285
80,arxiv,2,6,0.0,0.7137130549240158,0.5,0.8568565274620079,0.21805615999983274,0.21805810928344727
81,arxiv,2,6,0.1,0.7115627282991299,0.8707819697971898,0.9433340491570172,0.321744494000086,0.3217461109161377
82,arxiv,2,6,0.2,0.7154817971144501,0.9387816684147181,0.9708548542470405,0.1419647629991232,0.1419663429260254
83,arxiv,2,6,0.30000000000000004,0.714076372726489,0.964469884811239,0.9830464660181646,0.09939493899946683,0.0993962287902832
84,arxiv,2,6,0.4,0.7158158158158158,0.9734522827140145,0.9861281519295915,0.09690754300027038,0.0969083309173584
85,arxiv,2,6,0.5,0.7053518452592856,0.9745912175878071,0.9869248269242011,0.1325261860001774,0.13252687454223633
86,arxiv,2,6,0.6000000000000001,0.7119645494830132,0.9811595914458985,0.9909609153920801,0.05615757399937138,0.05615806579589844
87,arxiv,2,6,0.7000000000000001,0.714034057545508,0.9857383904019116,0.9932319807542813,0.04570204700030445,0.045702457427978516
88,arxiv,2,6,0.8,0.7161706044799018,0.9818703536441326,0.9910872103071608,0.10892983300072956,0.10893082618713379
89,arxiv,2,6,0.9,0.7192771084337349,0.9844744106800094,0.9919168563814493,0.03903589799938345,0.03903627395629883
90,arxiv,2,6,0.0,0.7137130549240158,0.5,0.8568565274620079,0.26389849799943477,0.2639007568359375
91,arxiv,2,6,0.1,0.714143690349947,0.8777672315338669,0.9475166149664793,0.29824594099954993,0.2982478141784668
92,arxiv,2,6,0.2,0.7119760479041917,0.9424435585469018,0.9729642152427567,0.16348098600064986,0.163482666015625
93,arxiv,2,6,0.30000000000000004,0.7152244410308927,0.9608720468336758,0.9820001765595865,0.10119249200033664,0.10119390487670898
94,arxiv,2,6,0.4,0.7052496546279851,0.9731176874894985,0.9860398722623906,0.08674249300020165,0.08674335479736328
95,arxiv,2,6,0.5,0.713469096105752,0.9755132490922584,0.9880648593720313,0.14852401099960844,0.14852428436279297
96,arxiv,2,6,0.6000000000000001,0.7181218121812181,0.9838391697044494,0.9927729722170885,0.06805416999941372,0.0680551528930664
97,arxiv,2,6,0.7000000000000001,0.7126687847498014,0.983997213323441,0.9925184614129025,0.04848231699997996,0.04848313331604004
98,arxiv,2,6,0.8,0.7091180866965621,0.9868359708763945,0.9937720086108117,0.10698013099954551,0.10698127746582031
99,arxiv,2,6,0.9,0.7019562715765247,0.9836619406291537,0.9921537695303317,0.03528987600020628,0.03529095649719238
100,arxiv,2,6,0.0,0.7137130549240158,0.5,0.8568565274620079,0.22250972799974988,0.22251176834106445
101,arxiv,2,6,0.1,0.7130122405534859,0.8730848533781663,0.9445667142131383,0.2799864039998283,0.27998805046081543
102,arxiv,2,6,0.2,0.7149670679082444,0.9410404829924971,0.9722268597672274,0.12180134499976703,0.12180256843566895
103,arxiv,2,6,0.30000000000000004,0.7144076476613178,0.9637304765189771,0.9831799628113496,0.12317694299963478,0.12317848205566406
104,arxiv,2,6,0.4,0.7106735958424945,0.9744870204011444,0.9879805456813013,0.16140608100067766,0.161407470703125
105,arxiv,2,6,0.5,0.7167223282442748,0.9784391132599347,0.99019051669248,0.08388862900028471,0.08388996124267578
106,arxiv,2,6,0.6000000000000001,0.7108361901922791,0.9799174436275516,0.9902647440603732,0.05124549099946307,0.051245927810668945
107,arxiv,2,6,0.7000000000000001,0.7162241887905605,0.9840215960479551,0.9925860064484904,0.047215968999807956,0.04721641540527344
108,arxiv,2,6,0.8,0.7168221486608486,0.9832707402579208,0.9922792180370532,0.11530009799935215,0.11530065536499023
109,arxiv,2,6,0.9,0.7066895368782161,0.9809681296012416,0.9897322047264248,0.040192973000557686,0.04019331932067871
110,arxiv,2,6,0.0,0.7137130549240158,0.5,0.8568565274620079,0.2269853770003465,0.22698736190795898
111,arxiv,2,6,0.1,0.7137048393547527,0.8805774142948054,0.9473539043892006,0.1721737440002471,0.17217493057250977
112,arxiv,2,6,0.2,0.7111953612845674,0.9391316729980889,0.9720717757905925,0.15474830199946155,0.15475010871887207
113,arxiv,2,6,0.30000000000000004,0.7147760425604942,0.9621073880815865,0.9816777333175908,0.09896695299994462,0.098968505859375
114,arxiv,2,6,0.4,0.7163664993602992,0.9716197546791465,0.9863075574961551,0.091735152000183,0.0917360782623291
115,arxiv,2,6,0.5,0.7121775644871026,0.9776604189301699,0.9885519832964307,0.13965053300034924,0.13965106010437012
116,arxiv,2,6,0.6000000000000001,0.7193059200933216,0.9782659586511198,0.9895050144221917,0.060026991999620805,0.0600283145904541
117,arxiv,2,6,0.7000000000000001,0.7140047206923682,0.9838662983467285,0.9917014744717565,0.04833187800068117,0.048332929611206055
118,arxiv,2,6,0.8,0.7108003570365963,0.9853247566435325,0.9930662639666661,0.11897076700006437,0.11897134780883789
119,arxiv,2,6,0.9,0.706021251475797,0.984319384561658,0.9917037508183653,0.03722106500026712,0.037221670150756836
120,arxiv,2,6,0.0,0.7137130549240158,0.5,0.8568565274620079,0.21494077700026537,0.21494293212890625
121,arxiv,2,6,0.1,0.7119038129400824,0.8793938953342333,0.9479930130275247,0.18832542599920998,0.18832707405090332
122,arxiv,2,6,0.2,0.7125515174222555,0.9381338391783164,0.9719713575647537,0.10221788400031073,0.1022193431854248
123,arxiv,2,6,0.30000000000000004,0.7127868293099036,0.9657399352229413,0.9836887823758593,0.09395498300000327,0.09395551681518555
124,arxiv,2,6,0.4,0.7134298552171743,0.9724233217839527,0.9866419654503891,0.14960208100001182,0.14960336685180664
125,arxiv,2,6,0.5,0.7159841479524438,0.9804254287017212,0.991051436900666,0.08226355799979501,0.08226513862609863
126,arxiv,2,6,0.6000000000000001,0.7210268585843597,0.9822674418604651,0.9909012419611802,0.05469938500027638,0.05470013618469238
127,arxiv,2,6,0.7000000000000001,0.7128614157527418,0.979974358974359,0.9893625148129721,0.12056812399987393,0.12056851387023926
128,arxiv,2,6,0.8,0.7187307455329637,0.982557044997979,0.9918346092207573,0.04705523400025413,0.04705619812011719
129,arxiv,2,6,0.9,0.7052881758764111,0.9821699119493437,0.9899880290571877,0.037674569000046176,0.03767538070678711
130,arxiv,2,6,0.0,0.7137130549240158,0.5,0.8568565274620079,0.19918596699972113,0.199188232421875
131,arxiv,2,6,0.1,0.7133381972540956,0.8740183369830462,0.9468025173665626,0.2948004869995202,0.294802188873291
132,arxiv,2,6,0.2,0.7157776108189331,0.9432143007667374,0.9740946147550437,0.19168812799944135,0.19168972969055176
133,arxiv,2,6,0.30000000000000004,0.7124166455642779,0.9633847480166983,0.9835404571940642,0.09801908300050854,0.09802031517028809
134,arxiv,2,6,0.4,0.7155137944822071,0.9758210520611273,0.9883838597832075,0.31312218100083555,0.3131237030029297
135,arxiv,2,6,0.5,0.7107725527831094,0.9775487524654056,0.9891173365843604,0.08535434199984593,0.08535480499267578
136,arxiv,2,6,0.6000000000000001,0.7109679352712017,0.9819625689861529,0.9915954547741632,0.0496970340000189,0.0496981143951416
137,arxiv,2,6,0.7000000000000001,0.7177033492822966,0.9852571798493409,0.9935948366334808,0.136870170000293,0.1368708610534668
138,arxiv,2,6,0.8,0.7130952380952381,0.9849100160017734,0.9929339714305953,0.05021635699995386,0.050217390060424805
139,arxiv,2,6,0.9,0.7062350119904077,0.9844972454176916,0.9922492216404007,0.03414752099979523,0.0341486930847168
140,arxiv,2,6,0.0,0.7137130549240158,0.5,0.8568565274620079,0.2290577290004876,0.22906017303466797
141,arxiv,2,6,0.1,0.7156745239046478,0.8813811338136869,0.9473132617714264,0.2604625470003157,0.2604644298553467
142,arxiv,2,6,0.2,0.7119508172139751,0.941225478866797,0.9727602636206366,0.141493244999765,0.1414952278137207
143,arxiv,2,6,0.30000000000000004,0.7115811018250042,0.9612455193957293,0.9824531563118674,0.11470285099949251,0.11470437049865723
144,arxiv,2,6,0.4,0.7137601908928216,0.971907106622636,0.9866726566794588,0.29529067800012854,0.29529237747192383
145,arxiv,2,6,0.5,0.714872538359309,0.9759989530310538,0.9875853718711568,0.0968890679996548,0.09688973426818848
146,arxiv,2,6,0.6000000000000001,0.7118945341430899,0.9811143846541439,0.9902539711541619,0.05239173300014954,0.05239248275756836
147,arxiv,2,6,0.7000000000000001,0.708023325960185,0.9833779691000005,0.9919478010223639,0.1240611169996555,0.12406182289123535
148,arxiv,2,6,0.8,0.7142857142857143,0.9850757042025233,0.9931755321264621,0.05560769799922127,0.05560874938964844
149,arxiv,2,6,0.9,0.7137569401603948,0.987111808184067,0.9945865584497136,0.07932590899963543,0.07932710647583008
150,arxiv,2,6,0.0,0.7137130549240158,0.5,0.8568565274620079,0.29506947899972147,0.2950718402862549
151,arxiv,2,6,0.1,0.712726551131102,0.8756785888484708,0.9457157008037376,0.2491120550002961,0.2491133213043213
152,arxiv,2,6,0.2,0.713880808532856,0.9400954493114355,0.9719242685382097,0.1054192219999095,0.10542058944702148
153,arxiv,2,6,0.30000000000000004,0.7158353262726341,0.9602365004186871,0.9810778386231994,0.1020001280003271,0.10200166702270508
154,arxiv,2,6,0.4,0.7157400938217386,0.9737781035976679,0.9876366045029721,0.31320927800061327,0.31321072578430176
155,arxiv,2,6,0.5,0.7126492222356204,0.9797961519590613,0.9902851337636851,0.09495565199995326,0.0949563980102539
156,arxiv,2,6,0.6000000000000001,0.7196684250188395,0.9847547148567246,0.993617409548846,0.04858877400056372,0.048589229583740234
157,arxiv,2,6,0.7000000000000001,0.7113878288813015,0.9869541444607252,0.9938303537263223,0.1273040870000841,0.1273047924041748
158,arxiv,2,6,0.8,0.7150752225974824,0.9877472572215394,0.9941434872487867,0.0485808610001186,0.048581838607788086
159,arxiv,2,6,0.9,0.6847892486255345,0.9857840798290564,0.9911097407410051,0.04196681000030367,0.04196810722351074
160,arxiv,2,6,0.0,0.7137130549240158,0.5,0.8568565274620079,0.21359037599995645,0.2135922908782959
161,arxiv,2,6,0.1,0.7154357950765137,0.8798967553812811,0.9472492865413862,0.3235649979997106,0.3235666751861572
162,arxiv,2,6,0.2,0.7118542400839769,0.943077885694793,0.97388331171861,0.11918934100049228,0.11919093132019043
163,arxiv,2,6,0.30000000000000004,0.7166366675237851,0.9619665975748174,0.9817891681506203,0.09656207100033498,0.09656310081481934
164,arxiv,2,6,0.4,0.7147394540942928,0.9691421018711447,0.9847580347277047,0.2706945130003078,0.27069592475891113
165,arxiv,2,6,0.5,0.7117117117117117,0.9795850189785758,0.9902559506356159,0.10449281699948187,0.10449337959289551
166,arxiv,2,6,0.6000000000000001,0.7181004399939311,0.9840341286030316,0.9928975180059055,0.05625437600065197,0.056255340576171875
167,arxiv,2,6,0.7000000000000001,0.7145151575988757,0.984484571710396,0.9921799160331954,0.12770250100038538,0.12770318984985352
168,arxiv,2,6,0.8,0.7203918076580588,0.9861096895593364,0.9938471152343678,0.04515360100049293,0.04515409469604492
169,arxiv,2,6,0.9,0.7024096385542169,0.9883507753418379,0.994600869969478,0.03556967500026076,0.03557014465332031
170,arxiv,2,6,0.0,0.7137130549240158,0.5,0.8568565274620079,0.25290437399962684,0.25290608406066895
171,arxiv,2,6,0.1,0.7140958330564232,0.8814556801418455,0.9485266600751496,0.20272211699921172,0.20272350311279297
172,arxiv,2,6,0.2,0.7145961336730107,0.9459378106295213,0.9755273710332466,0.10229916899970704,0.10230040550231934
173,arxiv,2,6,0.30000000000000004,0.7142857142857143,0.9622481443528625,0.9817310842240266,0.28971384599935845,0.2897162437438965
174,arxiv,2,6,0.4,0.7126379137412236,0.9691268715465966,0.9852867393678058,0.0960029099996973,0.09600377082824707
175,arxiv,2,6,0.5,0.711753509398049,0.9742736487733267,0.9876721255890478,0.056964401999721304,0.05696511268615723
176,arxiv,2,6,0.6000000000000001,0.7143283582089552,0.9806847492752503,0.9904584621507722,0.05292581199955748,0.05292630195617676
177,arxiv,2,6,0.7000000000000001,0.7091235775603913,0.9843148098338558,0.9918789963538808,0.13674978300059593,0.1367504596710205
178,arxiv,2,6,0.8,0.726764705882353,0.9858775139301582,0.9939004744639901,0.04456769699936558,0.04456830024719238
179,arxiv,2,6,0.9,0.7169471153846154,0.9834304141462139,0.9917713789643876,0.0419597199997952,0.04196047782897949
180,arxiv,2,6,0.0,0.7137130549240158,0.5,0.8568565274620079,0.20943089999946096,0.20943260192871094
181,arxiv,2,6,0.1,0.715270870631921,0.8804062632274553,0.947200158693374,0.2045924459998787,0.20459413528442383
182,arxiv,2,6,0.2,0.7163285168825335,0.9413401074753445,0.973293916551177,0.11107917200024531,0.11108016967773438
183,arxiv,2,6,0.30000000000000004,0.715409611766718,0.9610038744276284,0.9822010064378721,0.15696178100006364,0.15696334838867188
184,arxiv,2,6,0.4,0.7162927026480695,0.9736690546004921,0.9881146291495027,0.0931700750006712,0.0931711196899414
185,arxiv,2,6,0.5,0.7193337299226651,0.9761042478205454,0.9880591411372892,0.06191168099940114,0.06191253662109375
186,arxiv,2,6,0.6000000000000001,0.7103776390127862,0.9812788959149695,0.9906287591462455,0.05167664900000091,0.05167746543884277
187,arxiv,2,6,0.7000000000000001,0.7073410745916158,0.9850606573984362,0.9932315904347494,0.13207981899995502,0.1320805549621582
188,arxiv,2,6,0.8,0.7174306393244874,0.9868028816714017,0.9940727161807181,0.05031678500017733,0.05031728744506836
189,arxiv,2,6,0.9,0.7267194157029824,0.9834323809097454,0.9917174231176279,0.0386227669996515,0.03862357139587402
190,arxiv,2,6,0.0,0.7137130549240158,0.5,0.8568565274620079,0.2839331340001081,0.2839353084564209
191,arxiv,2,6,0.1,0.7151801771797776,0.8839816449121625,0.9493677671766506,0.14347178500065638,0.14347362518310547
192,arxiv,2,6,0.2,0.7159142042897855,0.9397842348868847,0.9714842515945438,0.0994044599992776,0.09940528869628906
193,arxiv,2,6,0.30000000000000004,0.7108869925006465,0.9623225055221468,0.982378529998553,0.3349600429992279,0.3349618911743164
194,arxiv,2,6,0.4,0.7112348178137652,0.9728183530841507,0.9867489157335483,0.0916934239994589,0.09169483184814453
195,arxiv,2,6,0.5,0.7135829133669307,0.9782166010624924,0.9894560687749396,0.05610094100029528,0.056101322174072266
196,arxiv,2,6,0.6000000000000001,0.7085442095861864,0.980142606072051,0.9905547965911758,0.057096683999589004,0.057097434997558594
197,arxiv,2,6,0.7000000000000001,0.7167526796347757,0.9819796514465552,0.9910178002818061,0.15004421499997989,0.15004491806030273
198,arxiv,2,6,0.8,0.7117734724292102,0.9843577591508041,0.9923681875541024,0.04844487299942557,0.048445701599121094
199,arxiv,2,6,0.9,0.6970588235294117,0.9861251075334889,0.9931961537122731,0.03702953499941941,0.03703022003173828
200,celegans,1,2,0.0,0.6568047337278107,0.5,0.6715976331360947,0.00895230999958585,0.008953094482421875
201,celegans,1,2,0.1,0.6541705716963448,0.42352326818397124,0.3089781450154886,0.0074645560007411405,0.0074651241302490234
202,celegans,1,2,0.2,0.6607142857142857,0.4053414186359005,0.29390734720558376,0.009033594999891648,0.009034156799316406
203,celegans,1,2,0.30000000000000004,0.6472684085510689,0.3433972755073672,0.27922103008062193,0.0062675819999640225,0.0062677860260009766
204,celegans,1,2,0.4,0.6624113475177305,0.3865726161985137,0.27680298148983856,0.006088019000344502,0.006088733673095703
205,celegans,1,2,0.5,0.6622734761120264,0.32505763863608783,0.2504322048778198,0.006840383000053407,0.006841182708740234
206,celegans,1,2,0.6000000000000001,0.6566820276497696,0.3484163428705993,0.2626571051701402,0.005428483000287088,0.005428791046142578
207,celegans,1,2,0.7000000000000001,0.6335227272727273,0.3210797093892307,0.26904086135109434,0.00644310699954076,0.0064432621002197266
208,celegans,1,2,0.8,0.6506550218340611,0.337248322147651,0.2603077536829377,0.0043378230002417695,0.004338502883911133
209,celegans,1,2,0.9,0.47368421052631576,0.699537037037037,0.6781251594219718,0.003982197999903292,0.0039825439453125
210,celegans,1,2,0.0,0.6568047337278107,0.5,0.6715976331360947,0.007673643000089214,0.0076749324798583984
211,celegans,1,2,0.1,0.6581680830972616,0.41679811663245003,0.30271418263377836,0.007846051000342413,0.00784611701965332
212,celegans,1,2,0.2,0.6486772486772486,0.42692466439985066,0.32301323251225345,0.006196889000420924,0.006197214126586914
213,celegans,1,2,0.30000000000000004,0.6735436893203883,0.3784018218962456,0.2589096799808891,0.008213074999730452,0.008213520050048828
214,celegans,1,2,0.4,0.636231884057971,0.37201535543475295,0.2921448581852094,0.00594093800009432,0.0059413909912109375
215,celegans,1,2,0.5,0.6749585406301825,0.34794790151933014,0.25903322151631875,0.008495009000398568,0.008495569229125977
216,celegans,1,2,0.6000000000000001,0.656441717791411,0.3394433318498739,0.2563194071733509,0.005090935000225727,0.005091428756713867
217,celegans,1,2,0.7000000000000001,0.6440677966101694,0.3023182957393483,0.26680561377355505,0.0043604989996310906,0.00436091423034668
218,celegans,1,2,0.8,0.6693548387096774,0.3685718483690861,0.25985823173118816,0.006749635000232956,0.006749868392944336
219,celegans,1,2,0.9,0.7045454545454546,0.36200716845878134,0.22877667796189796,0.005392191999817442,0.005393028259277344
220,celegans,1,2,0.0,0.6568047337278107,0.5,0.6715976331360947,0.0077328250008577015,0.0077342987060546875
221,celegans,1,2,0.1,0.6596958174904943,0.4267645259446493,0.3048157601400853,0.014004077999743458,0.014004945755004883
222,celegans,1,2,0.2,0.65599173553719,0.3746849211416141,0.2786664144493659,0.015558344000055513,0.015559196472167969
223,celegans,1,2,0.30000000000000004,0.6436498150431565,0.3901019501783134,0.29213789148396796,0.009292812000239792,0.009293556213378906
224,celegans,1,2,0.4,0.6555555555555556,0.37096347047566974,0.2747415658339716,0.010360266999668966,0.010360956192016602
225,celegans,1,2,0.5,0.6432246998284734,0.3579807692307692,0.27402120439411015,0.005370842999582237,0.00537109375
226,celegans,1,2,0.6000000000000001,0.6481876332622601,0.37834928229665066,0.28595801025485523,0.006443731000217667,0.006443977355957031
227,celegans,1,2,0.7000000000000001,0.6830601092896175,0.34193103448275863,0.23849035735998025,0.005402841999966768,0.005403757095336914
228,celegans,1,2,0.8,0.635593220338983,0.3262403100775194,0.27164624385868696,0.00482377499974973,0.004824161529541016
229,celegans,1,2,0.9,0.6258992805755396,0.376105216622458,0.30717434759324347,0.005166222999832826,0.005166769027709961
230,celegans,1,2,0.0,0.6568047337278107,0.5,0.6715976331360947,0.007355469000685844,0.007356405258178711
231,celegans,1,2,0.1,0.6560150375939849,0.4272883492257347,0.31153995512516325,0.00823102599952108,0.008231401443481445
232,celegans,1,2,0.2,0.6527777777777778,0.39378572327835826,0.2863366070895882,0.006439798000428709,0.006440401077270508
233,celegans,1,2,0.30000000000000004,0.6646706586826348,0.3540347490347491,0.2602437873120828,0.00979270199968596,0.009793519973754883
234,celegans,1,2,0.4,0.6552197802197802,0.38089988056161095,0.2849787305631838,0.008803493999948842,0.008804082870483398
235,celegans,1,2,0.5,0.6451612903225806,0.3169100982120373,0.26098248480465647,0.008942743000261544,0.008943319320678711
236,celegans,1,2,0.6000000000000001,0.6502057613168725,0.3366344005956813,0.2639998723236714,0.0056441980004819925,0.005644321441650391
237,celegans,1,2,0.7000000000000001,0.6974789915966386,0.341421240517626,0.22738988193443196,0.005343052000171156,0.005343437194824219
238,celegans,1,2,0.8,0.7170542635658915,0.34120696038504256,0.2082842545004159,0.005786500999420241,0.0057866573333740234
239,celegans,1,2,0.9,0.6453900709219859,0.3534065934065934,0.27046798083780066,0.004331508999712241,0.004332065582275391
240,celegans,1,2,0.0,0.6568047337278107,0.5,0.6715976331360947,0.1168227170001046,0.11682391166687012
241,celegans,1,2,0.1,0.6573295985060691,0.44694389398067874,0.3218935060023399,0.006354364999424433,0.0063550472259521484
242,celegans,1,2,0.2,0.6455834242093784,0.3992281704781705,0.2938733380881875,0.006005487000038556,0.006005764007568359
243,celegans,1,2,0.30000000000000004,0.6539408866995073,0.393513212832834,0.28401849392340967,0.007466930000191496,0.0074672698974609375
244,celegans,1,2,0.4,0.6379310344827587,0.3556502931502932,0.29022803360420324,0.005935377999776392,0.0059359073638916016
245,celegans,1,2,0.5,0.6373056994818653,0.3376693766937669,0.2724532753061305,0.006001015000038024,0.006001472473144531
246,celegans,1,2,0.6000000000000001,0.6359649122807017,0.3660988782717075,0.28324254627382406,0.005339043000276433,0.005339384078979492
247,celegans,1,2,0.7000000000000001,0.638121546961326,0.3417600211493341,0.28653385764569805,0.004576991999783786,0.0045773983001708984
248,celegans,1,2,0.8,0.6157205240174672,0.3392166344294004,0.2895060209332551,0.005615253000541998,0.005615711212158203
249,celegans,1,2,0.9,0.6622516556291391,0.3035294117647059,0.24149129218060558,0.004822552999939944,0.004822731018066406
250,celegans,1,2,0.0,0.6568047337278107,0.5,0.6715976331360947,0.008188062999579415,0.008188962936401367
251,celegans,1,2,0.1,0.6560386473429952,0.4146505932385696,0.3085777166705357,0.006313962000604079,0.006314277648925781
252,celegans,1,2,0.2,0.6617647058823529,0.38929557330178444,0.28132164655201664,0.006895593999615812,0.006896018981933594
253,celegans,1,2,0.30000000000000004,0.6483644859813084,0.3710544431474664,0.2809938812943268,0.005927281000367657,0.00592803955078125
254,celegans,1,2,0.4,0.6602209944751382,0.3458176004354186,0.2750012297406925,0.006167048999486724,0.006167411804199219
255,celegans,1,2,0.5,0.6390625,0.3507393177319828,0.27743188049154954,0.006968257999687921,0.006968498229980469
256,celegans,1,2,0.6000000000000001,0.6722689075630253,0.3364483173076923,0.24930491646010644,0.005912375999287178,0.0059130191802978516
257,celegans,1,2,0.7000000000000001,0.6246418338108882,0.3534035996918552,0.2908581080023379,0.005111622000185889,0.0051119327545166016
258,celegans,1,2,0.8,0.626984126984127,0.3539927282520873,0.300761754792198,0.004755511000439583,0.004755973815917969
259,celegans,1,2,0.9,0.717948717948718,0.3755411255411255,0.2237678151380796,0.004316298000048846,0.004317045211791992
260,celegans,1,2,0.0,0.6568047337278107,0.5,0.6715976331360947,0.007113757000297483,0.007114887237548828
261,celegans,1,2,0.1,0.647834274952919,0.42642783857729133,0.3078100070780344,0.009148837999418902,0.009149312973022461
262,celegans,1,2,0.2,0.6556503198294243,0.3863626066601223,0.2764428292598182,0.006082144000174594,0.0060825347900390625
263,celegans,1,2,0.30000000000000004,0.6612903225806451,0.37220721742297724,0.26482407399529095,0.00746904999959952,0.007469654083251953
264,celegans,1,2,0.4,0.6464646464646465,0.3667456268221574,0.2764638286104417,0.0061927859997013,0.0061931610107421875
265,celegans,1,2,0.5,0.6771523178807947,0.367669738574384,0.2528350941237182,0.00544928700037417,0.005449533462524414
266,celegans,1,2,0.6000000000000001,0.6768558951965066,0.35244115082824756,0.2460951634855862,0.0064179880000665435,0.0064182281494140625
267,celegans,1,2,0.7000000000000001,0.6384839650145773,0.3165230519958757,0.266379285977765,0.005379324999921664,0.005380153656005859
268,celegans,1,2,0.8,0.6946564885496184,0.28643543956043954,0.20966386436983225,0.004566525000882393,0.00456690788269043
269,celegans,1,2,0.9,0.4166666666666667,0.6955714285714286,0.609032049030562,0.0041551330004949705,0.004155874252319336
270,celegans,1,2,0.0,0.6568047337278107,0.5,0.6715976331360947,0.00807591600005253,0.008077144622802734
271,celegans,1,2,0.1,0.6581439393939394,0.42185376352657483,0.29938059688108765,0.0067201869997006725,0.006720542907714844
272,celegans,1,2,0.2,0.6471204188481675,0.4051405414229879,0.32095385037700763,0.007155209999837098,0.007155656814575195
273,celegans,1,2,0.30000000000000004,0.6634615384615384,0.3886063664596273,0.2877686001924642,0.0063957590000427444,0.006395816802978516
274,celegans,1,2,0.4,0.6367461430575035,0.3702056367254605,0.28830743874371917,0.005822922000334074,0.005823373794555664
275,celegans,1,2,0.5,0.6486486486486487,0.33650090144230765,0.26263819135281763,0.006081583000195678,0.006081819534301758
276,celegans,1,2,0.6000000000000001,0.6591375770020534,0.3791802724918365,0.2676150819237601,0.005257381999399513,0.005257844924926758
277,celegans,1,2,0.7000000000000001,0.6318681318681318,0.3184458144062297,0.26896856159549265,0.004418444999828353,0.004418611526489258
278,celegans,1,2,0.8,0.628,0.3547702212177248,0.28978358999830744,0.005646755000270787,0.005647182464599609
279,celegans,1,2,0.9,0.6810344827586207,0.3020868970236059,0.2259618521010473,0.00447915400036436,0.004479408264160156
280,celegans,1,2,0.0,0.6568047337278107,0.5,0.6715976331360947,0.0072325989995079,0.007233858108520508
281,celegans,1,2,0.1,0.6524163568773235,0.4073293264469735,0.29966119733526975,0.007951536999826203,0.007952213287353516
282,celegans,1,2,0.2,0.65814696485623,0.3962082488985674,0.29283472466496974,0.007781848999911745,0.0077822208404541016
283,celegans,1,2,0.30000000000000004,0.6606929510155317,0.3784192496752668,0.27616027013494315,0.00624479800080735,0.00624537467956543
284,celegans,1,2,0.4,0.6675977653631285,0.40853433423578633,0.2952765250252376,0.008177814999726252,0.008177995681762695
285,celegans,1,2,0.5,0.6291739894551845,0.33372607164605894,0.27988069361210666,0.006199138000738458,0.006199359893798828
286,celegans,1,2,0.6000000000000001,0.6505494505494506,0.3324728029916709,0.26203758125470433,0.00538538000000699,0.0053863525390625
287,celegans,1,2,0.7000000000000001,0.6494252873563219,0.3366640069635862,0.25984763617233686,0.006171160000121745,0.006171464920043945
288,celegans,1,2,0.8,0.6858407079646017,0.2833711949114039,0.21563634804905124,0.0051461389994074125,0.005146503448486328
289,celegans,1,2,0.9,0.6382978723404256,0.2767156862745098,0.277447206169833,0.0038189529996088822,0.003819704055786133
290,celegans,1,2,0.0,0.6568047337278107,0.5,0.6715976331360947,0.007183000000622997,0.007184505462646484
291,celegans,1,2,0.1,0.6544256120527306,0.45507811734263814,0.316740951048706,0.00717330400038918,0.0071735382080078125
292,celegans,1,2,0.2,0.6606574761399788,0.3851449638844302,0.2706633793311568,0.007454503000190016,0.007454872131347656
293,celegans,1,2,0.30000000000000004,0.6602870813397129,0.3951795009185548,0.28450204622469466,0.006986082000366878,0.006986141204833984
294,celegans,1,2,0.4,0.6614950634696756,0.3908759772565742,0.27557874674642396,0.006563432999428187,0.006563663482666016
295,celegans,1,2,0.5,0.652542372881356,0.3604054482103262,0.27097922184314216,0.006643520000579883,0.006644248962402344
296,celegans,1,2,0.6000000000000001,0.6645161290322581,0.30381296157995186,0.23966984650557716,0.004659859000639699,0.004660129547119141
297,celegans,1,2,0.7000000000000001,0.6553524804177546,0.335929011227816,0.2636298749297131,0.0058633670005292515,0.005863666534423828
298,celegans,1,2,0.8,0.65625,0.3367491883116883,0.25617957057123586,0.006227902999853541,0.006228446960449219
299,celegans,1,2,0.9,0.6842105263157895,0.354522792022792,0.23812341403277773,0.004400440999233979,0.004400730133056641
300,celegans,1,2,0.0,0.6568047337278107,0.5,0.6715976331360947,0.007761218999803532,0.007762432098388672
301,celegans,1,2,0.1,0.6622390891840607,0.44279200605260616,0.3109815725128948,0.00786816199979512,0.007868528366088867
302,celegans,1,2,0.2,0.6645435244161358,0.3461550127391111,0.2531037326342215,0.007804789000147139,0.007805347442626953
303,celegans,1,2,0.30000000000000004,0.6576354679802956,0.3651348584054105,0.26903363301768596,0.0067503450000003795,0.006750822067260742
304,celegans,1,2,0.4,0.658008658008658,0.38578910356058926,0.2812787500463035,0.006398088999958418,0.006398677825927734
305,celegans,1,2,0.5,0.670774647887324,0.3549693320420509,0.24886663692935257,0.00581082000007882,0.005811214447021484
306,celegans,1,2,0.6000000000000001,0.6382978723404256,0.33558823529411763,0.27329927213500155,0.0058065359999091015,0.005806922912597656
307,celegans,1,2,0.7000000000000001,0.6717325227963525,0.29793028322440085,0.23274403130718951,0.004640959999960614,0.004641294479370117
308,celegans,1,2,0.8,0.6796536796536796,0.3426149079015321,0.23850475107736996,0.0052505019993986934,0.0052509307861328125
309,celegans,1,2,0.9,0.6330275229357798,0.2556159420289855,0.25058023561121734,0.004124826999941433,0.004125356674194336
310,celegans,1,2,0.0,0.6568047337278107,0.5,0.6715976331360947,0.007914838000033342,0.007915973663330078
311,celegans,1,2,0.1,0.6645041705282669,0.4379878560916033,0.2942253119048015,0.007517056999859051,0.007517814636230469
312,celegans,1,2,0.2,0.6648992576882291,0.3968288817555973,0.27235966552373075,0.007530215000770113,0.007531166076660156
313,celegans,1,2,0.30000000000000004,0.6530612244897959,0.39377353450030533,0.29315526489120763,0.006205866000527749,0.006206035614013672
314,celegans,1,2,0.4,0.6556195965417867,0.35583245206676173,0.2682794786432412,0.0052741509998668334,0.005274295806884766
315,celegans,1,2,0.5,0.6491525423728813,0.36229992053581567,0.2747393752788717,0.008274056000118435,0.00827479362487793
316,celegans,1,2,0.6000000000000001,0.6199575371549894,0.3330240299992347,0.29034731209365433,0.005319652000252972,0.005320310592651367
317,celegans,1,2,0.7000000000000001,0.6837837837837838,0.3366609236174454,0.23254083366416745,0.004609081000126025,0.004609346389770508
318,celegans,1,2,0.8,0.6468253968253969,0.3001654373750603,0.25300296742993833,0.0063374470000781,0.006337881088256836
319,celegans,1,2,0.9,0.6528925619834711,0.3096745027124774,0.2496851685227512,0.0045329490003496176,0.004533529281616211
320,celegans,1,2,0.0,0.6568047337278107,0.5,0.6715976331360947,0.008617818999482552,0.008618831634521484
321,celegans,1,2,0.1,0.6556291390728477,0.4336080586080586,0.3010734715413953,0.007309835999876668,0.007310628890991211
322,celegans,1,2,0.2,0.6609257265877287,0.36713975492477124,0.26377189322462097,0.007687512000302377,0.007688045501708984
323,celegans,1,2,0.30000000000000004,0.6694610778443114,0.36728046978299755,0.2658864884073518,0.006007713000144577,0.0060083866119384766
324,celegans,1,2,0.4,0.6553191489361702,0.36473197584308703,0.27562038619964524,0.006889387000228453,0.006889820098876953
325,celegans,1,2,0.5,0.6535303776683087,0.3385708161661387,0.26792400012223616,0.006179255999995803,0.0061795711517333984
326,celegans,1,2,0.6000000000000001,0.6722338204592901,0.30411045614590343,0.2408850016392349,0.005171181000150682,0.005171775817871094
327,celegans,1,2,0.7000000000000001,0.6602209944751382,0.3393713644249413,0.25660769851975207,0.005257863000224461,0.0052585601806640625
328,celegans,1,2,0.8,0.6363636363636364,0.29150678866587953,0.26417152764768026,0.004487677999350126,0.0044879913330078125
329,celegans,1,2,0.9,0.625,0.3419259259259259,0.29041990271490825,0.0035721360000025015,0.0035724639892578125
330,celegans,1,2,0.0,0.6568047337278107,0.5,0.6715976331360947,0.009953468000276189,0.00995492935180664
331,celegans,1,2,0.1,0.6534839924670434,0.4067492325523118,0.2978488903134492,0.006988209000155621,0.0069887638092041016
332,celegans,1,2,0.2,0.6557894736842105,0.3916410188443999,0.2850901726230372,0.0065085189999081194,0.006508827209472656
333,celegans,1,2,0.30000000000000004,0.6419161676646706,0.4170556082463935,0.31179284911336674,0.00876031999996485,0.008760929107666016
334,celegans,1,2,0.4,0.6690340909090909,0.34036795057543534,0.2508242000871195,0.006243451999580429,0.00624394416809082
335,celegans,1,2,0.5,0.6602254428341385,0.33578777019997685,0.2559649121331567,0.0076862790001541725,0.007686614990234375
336,celegans,1,2,0.6000000000000001,0.6714876033057852,0.3266569908079342,0.24253724289047246,0.006458845999986806,0.006459236145019531
337,celegans,1,2,0.7000000000000001,0.6735294117647059,0.33952948581769543,0.24665375731285438,0.00438538599973981,0.004385709762573242
338,celegans,1,2,0.8,0.6514522821576764,0.34353199878677587,0.2600678638909797,0.006910247000632808,0.006910085678100586
339,celegans,1,2,0.9,0.6909090909090909,0.3484907120743033,0.23194463080847905,0.004351476000010734,0.004351615905761719
340,celegans,1,2,0.0,0.6568047337278107,0.5,0.6715976331360947,0.060057489999962854,0.0600588321685791
341,celegans,1,2,0.1,0.6527909176915799,0.415460253524464,0.297939186492223,0.006924121000338346,0.006924629211425781
342,celegans,1,2,0.2,0.6527777777777778,0.39919174115573464,0.3010155727607259,0.006205444999977772,0.006206035614013672
343,celegans,1,2,0.30000000000000004,0.6563981042654028,0.3501058135192332,0.2668732719731754,0.007299107000108052,0.007299900054931641
344,celegans,1,2,0.4,0.6605374823196606,0.3654443254817987,0.2632427491167659,0.006539742999848386,0.0065402984619140625
345,celegans,1,2,0.5,0.6479338842975206,0.35039403085177734,0.2719465641283241,0.005646200999763096,0.005646705627441406
346,celegans,1,2,0.6000000000000001,0.6388308977035491,0.34712304960519846,0.2803144745153088,0.007017824999820732,0.007018089294433594
347,celegans,1,2,0.7000000000000001,0.647887323943662,0.3544173913043478,0.2757706905671413,0.005087176999950316,0.005087375640869141
348,celegans,1,2,0.8,0.6285714285714286,0.33250777000777,0.2888594698638717,0.005080166999505309,0.005080699920654297
349,celegans,1,2,0.9,0.6218487394957983,0.2947447447447447,0.27406778347667976,0.004898457000308554,0.004899024963378906
350,celegans,1,2,0.0,0.6568047337278107,0.5,0.6715976331360947,0.007436360000610875,0.007437705993652344
351,celegans,1,2,0.1,0.6552053486150907,0.4305399643038854,0.29980771092212877,0.009700219000478683,0.009700536727905273
352,celegans,1,2,0.2,0.6631578947368421,0.37623759920634925,0.2734795663969712,0.0070550290001847316,0.0070552825927734375
353,celegans,1,2,0.30000000000000004,0.6579261025029798,0.3764896732818259,0.2745263073268627,0.00830967599995347,0.008310317993164062
354,celegans,1,2,0.4,0.6581081081081082,0.37105047438946204,0.27270685530203115,0.00663724900005036,0.006638050079345703
355,celegans,1,2,0.5,0.634020618556701,0.34410346450882345,0.281320606283716,0.005966903000626189,0.005967378616333008
356,celegans,1,2,0.6000000000000001,0.6439232409381663,0.3453424277273268,0.27594557012938653,0.007230889999846113,0.007231235504150391
357,celegans,1,2,0.7000000000000001,0.6601671309192201,0.3777408867676559,0.27913004257517976,0.005289663000439759,0.005289793014526367
358,celegans,1,2,0.8,0.6441441441441441,0.3014959723820483,0.2543002194362155,0.004641555000489461,0.004642009735107422
359,celegans,1,2,0.9,0.7121212121212122,0.2074468085106383,0.18247581180044606,0.00661022199983563,0.006610393524169922
360,celegans,1,2,0.0,0.6568047337278107,0.5,0.6715976331360947,0.012869726999269915,0.012871503829956055
361,celegans,1,2,0.1,0.6570898980537535,0.4287233637022071,0.30249721530024243,0.020485334000113653,0.020485639572143555
362,celegans,1,2,0.2,0.6421725239616614,0.40195105820105814,0.3007092280857301,0.011133742000311031,0.011134147644042969
363,celegans,1,2,0.30000000000000004,0.6457073760580411,0.39143370275210587,0.30684907792021066,0.007377709999673243,0.007378101348876953
364,celegans,1,2,0.4,0.66484268125855,0.3668052406147644,0.2650579591280118,0.009694371000477986,0.009695053100585938
365,celegans,1,2,0.5,0.6419965576592083,0.34121726129098784,0.2837733989201434,0.005671990999871923,0.005672454833984375
366,celegans,1,2,0.6000000000000001,0.6375266524520256,0.348878614991147,0.28236840722685347,0.006627268000556796,0.0066280364990234375
367,celegans,1,2,0.7000000000000001,0.672514619883041,0.2784937888198758,0.2310469090944778,0.007635623000169289,0.007636070251464844
368,celegans,1,2,0.8,0.6926070038910506,0.29259707011804864,0.2143974726068923,0.004393923999487015,0.00439453125
369,celegans,1,2,0.9,0.7317073170731707,0.3715488215488215,0.2048661356157018,0.005868285000360629,0.0058689117431640625
370,celegans,1,2,0.0,0.6568047337278107,0.5,0.6715976331360947,0.010560830000031274,0.010562658309936523
371,celegans,1,2,0.1,0.6429906542056075,0.44101767015706805,0.33057118608089137,0.007938806999845838,0.007939338684082031
372,celegans,1,2,0.2,0.6572916666666667,0.43313069908814583,0.3079385605861651,0.01107949400011421,0.011079549789428711
373,celegans,1,2,0.30000000000000004,0.652760736196319,0.36510667127181906,0.2721770391912977,0.006139025999800651,0.006139278411865234
374,celegans,1,2,0.4,0.6642754662840746,0.3744485056580089,0.2650341102976508,0.009949838000466116,0.00995016098022461
375,celegans,1,2,0.5,0.6474694589877836,0.3562488324304129,0.2799021548967078,0.006002631999763253,0.006003141403198242
376,celegans,1,2,0.6000000000000001,0.6455142231947484,0.3327265118225571,0.26871307661222976,0.007054162000713404,0.007054805755615234
377,celegans,1,2,0.7000000000000001,0.6512261580381471,0.34258956589958156,0.2632153460388017,0.0051102979996358044,0.005110502243041992
378,celegans,1,2,0.8,0.6186046511627907,0.2879149092242802,0.27376827233256884,0.005244786000730528,0.005245208740234375
379,celegans,1,2,0.9,0.6929824561403509,0.33942133815551534,0.22410152981114867,0.006935960000191699,0.006936311721801758
380,celegans,1,2,0.0,0.6568047337278107,0.5,0.6715976331360947,0.008775289000368502,0.008776187896728516
381,celegans,1,2,0.1,0.6550094517958412,0.40853742908537427,0.28787483512901296,0.00878259999990405,0.008783340454101562
382,celegans,1,2,0.2,0.6617492096944152,0.41281723118439584,0.2924891148482731,0.008014074000129767,0.008014440536499023
383,celegans,1,2,0.30000000000000004,0.6613691931540342,0.35157850484128195,0.2566504370021478,0.007682659999773023,0.007683277130126953
384,celegans,1,2,0.4,0.6624825662482566,0.34825576337538056,0.2643514219904514,0.007840989999749581,0.007841348648071289
385,celegans,1,2,0.5,0.6767317939609236,0.3335784949958179,0.2436587437869514,0.005395107999902393,0.005395174026489258
386,celegans,1,2,0.6000000000000001,0.6918238993710691,0.3040507111935683,0.21763590042249562,0.0067474560000846395,0.006748199462890625
387,celegans,1,2,0.7000000000000001,0.6526610644257703,0.31707739166551296,0.2555416952663445,0.005727086000661075,0.0057277679443359375
388,celegans,1,2,0.8,0.704,0.2917690417690418,0.21223106096499084,0.006023396999808028,0.0060236454010009766
389,celegans,1,2,0.9,0.39215686274509803,0.7409274193548387,0.6673132900605074,0.005021867000323255,0.005022287368774414
390,celegans,1,2,0.0,0.6568047337278107,0.5,0.6715976331360947,0.008753140000408166,0.00875401496887207
391,celegans,1,2,0.1,0.6720379146919432,0.45301124273380233,0.2975342859452468,0.007732840999779,0.00773310661315918
392,celegans,1,2,0.2,0.6518046709129511,0.4010685628028918,0.29820886688561665,0.007832403999600501,0.007832765579223633
393,celegans,1,2,0.30000000000000004,0.6614645858343338,0.4084417757526612,0.2866866186311302,0.00767588100006833,0.007676124572753906
394,celegans,1,2,0.4,0.6647887323943662,0.357685870958553,0.26147556137120487,0.00739501400039444,0.007395267486572266
395,celegans,1,2,0.5,0.6756329113924051,0.3331467413034786,0.23939340778496773,0.006599856999855547,0.006600141525268555
396,celegans,1,2,0.6000000000000001,0.6673684210526316,0.3515653076708063,0.26031091570782033,0.005343978000382776,0.0053441524505615234
397,celegans,1,2,0.7000000000000001,0.6703296703296703,0.37544398907103826,0.2744653041623719,0.005823763000080362,0.005825042724609375
398,celegans,1,2,0.8,0.6858407079646017,0.32317128577919124,0.2298611498515399,0.005306277999807207,0.005306720733642578
399,celegans,1,2,0.9,0.6386554621848739,0.2848837209302325,0.2605839352700285,0.0043792880005639745,0.004379749298095703
400,drosophila,1,2,0.0,0.930063401921506,0.5,0.965031700960753,0.30303702099990915,0.3030390739440918
401,drosophila,1,2,0.1,0.9297117707973765,0.8558343898129185,0.9819985430054434,0.36059078599919303,0.3605935573577881
402,drosophila,1,2,0.2,0.9303298628004282,0.9145107619758808,0.9901985791035285,0.18044704000021738,0.1804487705230713
403,drosophila,1,2,0.30000000000000004,0.9315502669039146,0.9326870321078811,0.9926478145600062,0.1281602280005245,0.12816166877746582
404,drosophila,1,2,0.4,0.9302933298490886,0.9487960113412592,0.9946404386889389,0.3841691499992521,0.3841712474822998
405,drosophila,1,2,0.5,0.929858629796489,0.9434877365593651,0.9938141823420935,0.1629184899993561,0.1629197597503662
406,drosophila,1,2,0.6000000000000001,0.92890625,0.9592666059760256,0.9951573873978521,0.11383682799987582,0.11383819580078125
407,drosophila,1,2,0.7000000000000001,0.9248838409912236,0.9670301385024549,0.9965438108940103,0.1669776480002838,0.1669783592224121
408,drosophila,1,2,0.8,0.929316338354577,0.9642529037152111,0.9962023915354179,0.061975067000275885,0.061975955963134766
409,drosophila,1,2,0.9,0.9307342922028766,0.9683686780134089,0.9970488000987012,0.05569790899971849,0.05569863319396973
410,drosophila,1,2,0.0,0.930063401921506,0.5,0.965031700960753,0.23325631999978214,0.23325848579406738
411,drosophila,1,2,0.1,0.9294449262792714,0.8557469481302077,0.9822135477886198,0.33674734800024453,0.3367493152618408
412,drosophila,1,2,0.2,0.9309253760405004,0.9065618302951887,0.9880847449197956,0.15640688799976488,0.15640878677368164
413,drosophila,1,2,0.30000000000000004,0.9321815224098278,0.9386284128314728,0.9938320804957747,0.1333347350000622,0.13333654403686523
414,drosophila,1,2,0.4,0.9311019769035036,0.942973725058022,0.9937155992341975,0.34289737600010994,0.3428988456726074
415,drosophila,1,2,0.5,0.928121843189059,0.9438929418366793,0.9934242746719076,0.15270032199987327,0.15270185470581055
416,drosophila,1,2,0.6000000000000001,0.9306459446333172,0.960411844520712,0.9957276786690049,0.1137891230000605,0.11379075050354004
417,drosophila,1,2,0.7000000000000001,0.9303534303534303,0.964076049570583,0.99644022014255,0.15873376699983055,0.1587352752685547
418,drosophila,1,2,0.8,0.9266108623710336,0.963294084211934,0.9952400689062804,0.06771822800055816,0.0677187442779541
419,drosophila,1,2,0.9,0.9276693455797933,0.9703057607348036,0.9973614899177907,0.07381173300018418,0.07381224632263184
420,drosophila,1,2,0.0,0.930063401921506,0.5,0.965031700960753,0.3577067050000551,0.3577089309692383
421,drosophila,1,2,0.1,0.9304220373324137,0.8663645162007065,0.9833283400843194,0.1721860170000582,0.17218732833862305
422,drosophila,1,2,0.2,0.9301682750594055,0.9059361767142254,0.9886773472025392,0.13838622700041014,0.13838791847229004
423,drosophila,1,2,0.30000000000000004,0.9280419151663787,0.9245663091441557,0.9907373348146188,0.376295951999964,0.3762979507446289
424,drosophila,1,2,0.4,0.9293603904443873,0.9360643122769988,0.9926144214147735,0.15469086700068146,0.1546919345855713
425,drosophila,1,2,0.5,0.9256862133499688,0.9541544584344666,0.9948759160648771,0.11776829399968847,0.11777019500732422
426,drosophila,1,2,0.6000000000000001,0.9280554470909801,0.9629079993760222,0.9962845483228399,0.3785110139997414,0.3785133361816406
427,drosophila,1,2,0.7000000000000001,0.9267882550769628,0.9637267932307375,0.996517490451272,0.0983442520000608,0.09834456443786621
428,drosophila,1,2,0.8,0.923479271600155,0.9698772945859323,0.9968827515692553,0.05669314300030237,0.05669379234313965
429,drosophila,1,2,0.9,0.933359466875735,0.973925933246041,0.9979034977431822,0.14123334600026283,0.1412339210510254
430,drosophila,1,2,0.0,0.930063401921506,0.5,0.965031700960753,0.3777317909998601,0.3777337074279785
431,drosophila,1,2,0.1,0.9308186957835225,0.8759841785200597,0.9854442557260514,0.26988993099985237,0.26989245414733887
432,drosophila,1,2,0.2,0.9295321637426901,0.9106150921844615,0.9896700466080747,0.17984707800042088,0.17984867095947266
433,drosophila,1,2,0.30000000000000004,0.9294025945103279,0.930461936386566,0.9923207826725904,0.3798110190000443,0.37981271743774414
434,drosophila,1,2,0.4,0.9293014230271669,0.9486164256032761,0.9947978688681186,0.2040359080001508,0.20403766632080078
435,drosophila,1,2,0.5,0.9300360955379771,0.9540483729008059,0.9951144217950534,0.12738516599983996,0.12738680839538574
436,drosophila,1,2,0.6000000000000001,0.9301692277766972,0.960942278320862,0.9962231120829391,0.33074790600039705,0.3307492733001709
437,drosophila,1,2,0.7000000000000001,0.9236952915656501,0.96631620990168,0.996505745661045,0.1038519659996382,0.10385370254516602
438,drosophila,1,2,0.8,0.9304467084639498,0.9713733654824293,0.9970062036246674,0.07010451299993292,0.07010507583618164
439,drosophila,1,2,0.9,0.9284037558685446,0.9604590808710931,0.9960911141454107,0.16829673100073705,0.16829776763916016
440,drosophila,1,2,0.0,0.930063401921506,0.5,0.965031700960753,0.3699091900007261,0.36991119384765625
441,drosophila,1,2,0.1,0.9301044963794823,0.86710012131058,0.9833067197971537,0.21448370899997826,0.21448540687561035
442,drosophila,1,2,0.2,0.9300774212397137,0.9094743431741459,0.9892945859981298,0.3057212730000174,0.3057231903076172
443,drosophila,1,2,0.30000000000000004,0.9306255887405109,0.9281498277956224,0.9919572638247874,0.39605687699986447,0.3960590362548828
444,drosophila,1,2,0.4,0.9312159002338269,0.939686191351142,0.9935510782960635,0.1484208049996596,0.1484227180480957
445,drosophila,1,2,0.5,0.929615803390885,0.9467312813122112,0.9942377940562178,0.11932691699985298,0.11932826042175293
446,drosophila,1,2,0.6000000000000001,0.9278697996918336,0.9574949612803233,0.995269751361479,0.34722566900018137,0.3472278118133545
447,drosophila,1,2,0.7000000000000001,0.9288659793814433,0.966730806350432,0.9966505785573789,0.11638421900079265,0.11638522148132324
448,drosophila,1,2,0.8,0.9322716807367614,0.9665128872155114,0.9970198071530685,0.07861424700058706,0.07861495018005371
449,drosophila,1,2,0.9,0.9348153730218538,0.9654390710439804,0.9962594254822925,0.15039215999968292,0.15039277076721191
450,drosophila,1,2,0.0,0.930063401921506,0.5,0.965031700960753,0.4052739829994607,0.4052762985229492
451,drosophila,1,2,0.1,0.9309226177602837,0.8729728843523805,0.9854319568846468,0.3683703010001409,0.36837196350097656
452,drosophila,1,2,0.2,0.9296673323267255,0.903132935398446,0.9883714588474493,0.14504331199987064,0.14504528045654297
453,drosophila,1,2,0.30000000000000004,0.9291325422029082,0.9188050107046839,0.9906607217766356,0.4058411240002897,0.40584301948547363
454,drosophila,1,2,0.4,0.9296699054114922,0.9446203705955242,0.9938905081850176,0.17982248699991032,0.1798245906829834
455,drosophila,1,2,0.5,0.929809560823941,0.9529354491511787,0.9954823884547697,0.1228455850005048,0.12284684181213379
456,drosophila,1,2,0.6000000000000001,0.9285504838236731,0.9551506947944416,0.9946135126488074,0.328505339000003,0.3285074234008789
457,drosophila,1,2,0.7000000000000001,0.9286954199492589,0.9633225362617361,0.9957976259252068,0.10855154399996536,0.10855221748352051
458,drosophila,1,2,0.8,0.931080311372698,0.9667578948314527,0.9969275236795624,0.061653243000364455,0.061654090881347656
459,drosophila,1,2,0.9,0.927485380116959,0.9657520779942779,0.9957619060796203,0.14869590400030575,0.1486966609954834
460,drosophila,1,2,0.0,0.930063401921506,0.5,0.965031700960753,0.4225152729995898,0.4225175380706787
461,drosophila,1,2,0.1,0.9306853918063154,0.8606079698428426,0.9825512630323852,0.14855199199973868,0.14855384826660156
462,drosophila,1,2,0.2,0.9297205346294046,0.9033039636906505,0.9886147234054727,0.14615632799996092,0.14615774154663086
463,drosophila,1,2,0.30000000000000004,0.9294235700747018,0.9348796062984963,0.9926735928134839,0.40021384800002124,0.40021562576293945
464,drosophila,1,2,0.4,0.9306583560576549,0.945232394469241,0.9940217815227403,0.16442904799987446,0.16443085670471191
465,drosophila,1,2,0.5,0.9284329689074978,0.9506283115041058,0.9946863618221713,0.12147982800070167,0.12148165702819824
466,drosophila,1,2,0.6000000000000001,0.9267725687717939,0.9573011780892215,0.9956776502504541,0.38433490700026596,0.3843367099761963
467,drosophila,1,2,0.7000000000000001,0.9342256214149139,0.9619505606378399,0.9964982025996141,0.11227946700000757,0.11228013038635254
468,drosophila,1,2,0.8,0.927138125852328,0.953500151134973,0.9940162739309057,0.05935124799998448,0.05935192108154297
469,drosophila,1,2,0.9,0.9310211946050096,0.9728902290132821,0.9976807623891695,0.05151806800040504,0.05151867866516113
470,drosophila,1,2,0.0,0.930063401921506,0.5,0.965031700960753,0.3979065610001271,0.39790868759155273
471,drosophila,1,2,0.1,0.9307592752372735,0.8790085732953582,0.9860827641960165,0.14338177999979962,0.14338350296020508
472,drosophila,1,2,0.2,0.9298937932378447,0.9064119115452222,0.9888399164128292,0.3228193109998756,0.32282114028930664
473,drosophila,1,2,0.30000000000000004,0.9317777777777778,0.9391134431047248,0.993324258798783,0.4284025679999104,0.4284043312072754
474,drosophila,1,2,0.4,0.9314870717941988,0.9493861269426346,0.9948305411697927,0.2083187550006187,0.20832109451293945
475,drosophila,1,2,0.5,0.9336477987421383,0.9513364501906748,0.994906010198715,0.3118339439997726,0.31183624267578125
476,drosophila,1,2,0.6000000000000001,0.9338689134907416,0.9548220419328266,0.9959147347499244,0.409008716000244,0.4090108871459961
477,drosophila,1,2,0.7000000000000001,0.9265212399540758,0.9638454801352365,0.9961059630018204,0.11187334199985344,0.11187458038330078
478,drosophila,1,2,0.8,0.9390148553557467,0.9631833915113474,0.9970419848977263,0.07017704400004732,0.07017803192138672
479,drosophila,1,2,0.9,0.9338442920532473,0.9737317599957858,0.9978485251661067,0.16225211500022851,0.16225314140319824
480,drosophila,1,2,0.0,0.930063401921506,0.5,0.965031700960753,0.39601419500013435,0.39601707458496094
481,drosophila,1,2,0.1,0.9302043643921025,0.865750676364614,0.9836053413906359,0.28277578800043557,0.2827775478363037
482,drosophila,1,2,0.2,0.9299700974245201,0.9062537949865743,0.9887754262931127,0.3146391680002125,0.31464123725891113
483,drosophila,1,2,0.30000000000000004,0.9302557289936898,0.9280200145828493,0.991480652460288,0.5097246230006931,0.5097265243530273
484,drosophila,1,2,0.4,0.9332641546144367,0.9440095804031927,0.9939690240929284,0.31640317900019,0.3164055347442627
485,drosophila,1,2,0.5,0.929992975883868,0.948074228630514,0.9939390205252253,0.25999263299945596,0.2599949836730957
486,drosophila,1,2,0.6000000000000001,0.928391959798995,0.9586972471574161,0.9949203345584801,0.3223053459996663,0.32230710983276367
487,drosophila,1,2,0.7000000000000001,0.9307771487390633,0.9618935982807334,0.9961012571943645,0.12695207300021139,0.126953125
488,drosophila,1,2,0.8,0.9273818745158792,0.9629606737662699,0.9961720806698365,0.13682001500001206,0.13682150840759277
489,drosophila,1,2,0.9,0.9351188230856281,0.9626044823025038,0.9966186635714902,0.19267514200055302,0.19267678260803223
490,drosophila,1,2,0.0,0.930063401921506,0.5,0.965031700960753,0.45405710700015334,0.4540588855743408
491,drosophila,1,2,0.1,0.9296939261439889,0.8819676190093877,0.9859899218512467,0.16815137199955643,0.1681537628173828
492,drosophila,1,2,0.2,0.931219512195122,0.9051326861562811,0.9890895198065529,0.3511778369993408,0.351179838180542
493,drosophila,1,2,0.30000000000000004,0.9306339196813807,0.9298665336069609,0.9915462533587734,0.4414143369995145,0.44141650199890137
494,drosophila,1,2,0.4,0.9320823323160834,0.9442786472225387,0.9939098132032664,0.17105524300040997,0.17105722427368164
495,drosophila,1,2,0.5,0.9274812178726769,0.9486233580942662,0.994444684198335,0.1273063019998517,0.12730813026428223
496,drosophila,1,2,0.6000000000000001,0.9306278864105335,0.9626753862917754,0.9964527796841633,0.3586743080004453,0.3586757183074951
497,drosophila,1,2,0.7000000000000001,0.9304674349346109,0.9654673296566207,0.9968969488444528,0.10023589899992658,0.10023736953735352
498,drosophila,1,2,0.8,0.9302684952675294,0.9521844313967294,0.9954129052434844,0.06662269000025844,0.06662368774414062
499,drosophila,1,2,0.9,0.9347909474491753,0.9716104660986267,0.9977191466623726,0.13826438799969765,0.13826465606689453
500,drosophila,1,2,0.0,0.930063401921506,0.5,0.965031700960753,0.4725179739998566,0.472520112991333
501,drosophila,1,2,0.1,0.9302949061662198,0.8720265625407289,0.9856655821185107,0.1569520389994068,0.15695428848266602
502,drosophila,1,2,0.2,0.9300801165331392,0.9008100039154268,0.9887114602249194,0.3570326829994883,0.35703492164611816
503,drosophila,1,2,0.30000000000000004,0.9310152990264255,0.9286242133060904,0.9914756390645565,0.43037446699963766,0.4303765296936035
504,drosophila,1,2,0.4,0.9284827901508719,0.946305757484653,0.9941909038430236,0.2965524139999616,0.2965540885925293
505,drosophila,1,2,0.5,0.9285936527691351,0.9505560409975871,0.9948978128083364,0.12165735100006714,0.1216588020324707
506,drosophila,1,2,0.6000000000000001,0.9244523037626486,0.9575410880437353,0.9950598324070414,0.34903695800039714,0.34903836250305176
507,drosophila,1,2,0.7000000000000001,0.9240783707141016,0.9546351355735799,0.9945573732846663,0.11489034100031859,0.11489105224609375
508,drosophila,1,2,0.8,0.9302544769085768,0.9598518579369643,0.9962005382999897,0.06472330399992643,0.06472396850585938
509,drosophila,1,2,0.9,0.9266159695817491,0.9637465158257519,0.9965643750386345,0.13772291499935818,0.13772344589233398
510,drosophila,1,2,0.0,0.930063401921506,0.5,0.965031700960753,0.4190157350003574,0.4190175533294678
511,drosophila,1,2,0.1,0.9301561216105176,0.8692203808101356,0.9838122320754448,0.34054830799959745,0.34055042266845703
512,drosophila,1,2,0.2,0.9292551382342937,0.9068666594843067,0.9893377223695088,0.14096256299944798,0.14096474647521973
513,drosophila,1,2,0.30000000000000004,0.9306646024549375,0.9326220969324018,0.992330068630256,0.4000497119995998,0.4000513553619385
514,drosophila,1,2,0.4,0.9289264734361887,0.9426968912587521,0.9937759090070075,0.15922214800048096,0.1592237949371338
515,drosophila,1,2,0.5,0.9301824339927642,0.9484332294300061,0.9938709187657497,0.12397971100017458,0.12398147583007812
516,drosophila,1,2,0.6000000000000001,0.9295693779904306,0.9585136255605982,0.9961016461269206,0.3503655829999843,0.35036706924438477
517,drosophila,1,2,0.7000000000000001,0.9286831812255542,0.9619569276445923,0.9956473612247749,0.1004746279995743,0.10047578811645508
518,drosophila,1,2,0.8,0.9276536864993081,0.9687137219833283,0.9968100269673508,0.06184695800038753,0.061847686767578125
519,drosophila,1,2,0.9,0.9314800313234143,0.974706058968354,0.9977573370777,0.17372070100009296,0.1737213134765625
520,drosophila,1,2,0.0,0.930063401921506,0.5,0.965031700960753,0.4567272659996888,0.4567291736602783
521,drosophila,1,2,0.1,0.9300672013873835,0.8684455088764038,0.9840378149574776,0.175883036000414,0.17588496208190918
522,drosophila,1,2,0.2,0.9293214077386739,0.9034605972061156,0.9880605863194172,0.14840780000031373,0.14840936660766602
523,drosophila,1,2,0.30000000000000004,0.9287927409538563,0.9227343845500753,0.9905458297031589,0.3460047159996975,0.3460068702697754
524,drosophila,1,2,0.4,0.927520330450497,0.9362979503902219,0.9929812521747052,0.1604287390000536,0.1604301929473877
525,drosophila,1,2,0.5,0.9256589147286822,0.9485183888564377,0.9947505457953345,0.12412265199964168,0.12412381172180176
526,drosophila,1,2,0.6000000000000001,0.9279340446168768,0.949182509807927,0.9940825988657369,0.3726883920007822,0.37269020080566406
527,drosophila,1,2,0.7000000000000001,0.9282191069574247,0.9594538175846623,0.995937014564094,0.10752012400007516,0.10752105712890625
528,drosophila,1,2,0.8,0.9288310694471016,0.9612803561343477,0.995957361873338,0.06074672799968539,0.060747385025024414
529,drosophila,1,2,0.9,0.9248773121932805,0.9668690390729155,0.9961892011070215,0.055752506000317226,0.055753231048583984
530,drosophila,1,2,0.0,0.930063401921506,0.5,0.965031700960753,0.3653678629998467,0.3653702735900879
531,drosophila,1,2,0.1,0.9288540949759119,0.8556813807722798,0.9827653846497058,0.18096904899994115,0.1809709072113037
532,drosophila,1,2,0.2,0.9306096610829763,0.9025902965776117,0.9877547355612694,0.1427268080005888,0.1427290439605713
533,drosophila,1,2,0.30000000000000004,0.9304270264243505,0.9350532571707303,0.9929198564349878,0.3964325340002688,0.39643430709838867
534,drosophila,1,2,0.4,0.9304517387065323,0.9363722453083329,0.9925622214966269,0.142902160999256,0.14290356636047363
535,drosophila,1,2,0.5,0.928378273970486,0.9486524709233427,0.9942733733678988,0.12018916799934232,0.12019109725952148
536,drosophila,1,2,0.6000000000000001,0.9301048916772865,0.95788775191635,0.9955753831870625,0.38461906199972873,0.38462138175964355
537,drosophila,1,2,0.7000000000000001,0.9257721256164028,0.9617071847412471,0.9954194030251021,0.09341281300021365,0.0934138298034668
538,drosophila,1,2,0.8,0.9275418776782236,0.9534105688853964,0.9953873949746661,0.07198584599973401,0.07198667526245117
539,drosophila,1,2,0.9,0.9228149829738933,0.9659133846240423,0.9964825251027144,0.14606775300035224,0.14606833457946777
540,drosophila,1,2,0.0,0.930063401921506,0.5,0.965031700960753,0.3295881929998359,0.3295903205871582
541,drosophila,1,2,0.1,0.929366106080207,0.864578843525113,0.9832886888998427,0.43519924900010665,0.43520116806030273
542,drosophila,1,2,0.2,0.9306251520311359,0.9157762345372384,0.9907534351369535,0.33392729200022586,0.33392906188964844
543,drosophila,1,2,0.30000000000000004,0.9303305968493455,0.9247172835830418,0.9913020020093053,0.373948702999769,0.3739504814147949
544,drosophila,1,2,0.4,0.9273980544997745,0.942624029449174,0.9932888902265526,0.12344329899951845,0.12344479560852051
545,drosophila,1,2,0.5,0.9271806853582555,0.9464835473344011,0.9940657471221892,0.1355480140000509,0.13554954528808594
546,drosophila,1,2,0.6000000000000001,0.9293568161914956,0.9546276578714876,0.9954249997119966,0.3563959959992644,0.3563997745513916
547,drosophila,1,2,0.7000000000000001,0.9310165300013016,0.9673484406859241,0.9968882810988761,0.11814669700015656,0.1181480884552002
548,drosophila,1,2,0.8,0.9300155520995335,0.9577712746191007,0.9956596315630264,0.07322484999986045,0.0732264518737793
549,drosophila,1,2,0.9,0.9257098405289771,0.9642153196357076,0.9963468155567513,0.16413815999931103,0.1641397476196289
550,drosophila,1,2,0.0,0.930063401921506,0.5,0.965031700960753,0.3961280749999787,0.396129846572876
551,drosophila,1,2,0.1,0.930299762777658,0.8734151857336505,0.9848458435373106,0.2733595809995677,0.2733619213104248
552,drosophila,1,2,0.2,0.9305656712794368,0.9035538450591935,0.9890186757400554,0.2860879979998572,0.2860896587371826
553,drosophila,1,2,0.30000000000000004,0.9313464313464314,0.9258485736915094,0.9912812785432815,0.3631135659998108,0.3631150722503662
554,drosophila,1,2,0.4,0.9307130752183549,0.9546402801790971,0.9952894165578636,0.1692289080001501,0.16923069953918457
555,drosophila,1,2,0.5,0.9280514250309789,0.9496240053746755,0.9948512195604569,0.11509734300034324,0.11509943008422852
556,drosophila,1,2,0.6000000000000001,0.9279270540304588,0.9599952191602775,0.9955803725395131,0.3805675859994153,0.3805694580078125
557,drosophila,1,2,0.7000000000000001,0.9317801518856996,0.9549294049266681,0.9953194807352397,0.10407824499998242,0.1040797233581543
558,drosophila,1,2,0.8,0.9290111581377453,0.9636155431755188,0.9964992161140136,0.06598071000007621,0.06598210334777832
559,drosophila,1,2,0.9,0.9337038507344184,0.9813956271131208,0.9985546702186487,0.14945946999978332,0.1494600772857666
560,drosophila,1,2,0.0,0.930063401921506,0.5,0.965031700960753,0.33333344200036663,0.33333587646484375
561,drosophila,1,2,0.1,0.9298798928540568,0.8638627109963236,0.9838672498558387,0.30030460899979516,0.300307035446167
562,drosophila,1,2,0.2,0.9317705541205712,0.9219635291744187,0.9911556409387017,0.1503059110000322,0.15030741691589355
563,drosophila,1,2,0.30000000000000004,0.9313839508223958,0.9321573430442864,0.9927755360674767,0.38079046000075323,0.38079237937927246
564,drosophila,1,2,0.4,0.9316123188405797,0.9390730513649278,0.9933474464971658,0.15642810800000007,0.15643000602722168
565,drosophila,1,2,0.5,0.9288833437305053,0.9509248837233277,0.9945785302702144,0.12180495200027508,0.12180638313293457
566,drosophila,1,2,0.6000000000000001,0.9294871794871795,0.9510429170588761,0.9941425334507048,0.38357356200049253,0.3835749626159668
567,drosophila,1,2,0.7000000000000001,0.9352490421455939,0.9604132881163101,0.996510619376674,0.11676626699954795,0.11676716804504395
568,drosophila,1,2,0.8,0.9335522503380336,0.9693576501667317,0.9972322117460725,0.05909144199995353,0.059091806411743164
569,drosophila,1,2,0.9,0.9244142101284959,0.9775838103025347,0.9979343948621517,0.1476597999999285,0.1476602554321289
570,drosophila,1,2,0.0,0.930063401921506,0.5,0.965031700960753,0.3836784469995109,0.3836801052093506
571,drosophila,1,2,0.1,0.9297593848546374,0.856713768085504,0.9820357045437514,0.2112725719998707,0.2112748622894287
572,drosophila,1,2,0.2,0.9309606115195482,0.9090925771582046,0.9900094105342864,0.15164119899964135,0.1516427993774414
573,drosophila,1,2,0.30000000000000004,0.9307769479433731,0.9376880538440029,0.9933951293364531,0.42313391599964234,0.42313575744628906
574,drosophila,1,2,0.4,0.929835854522047,0.9418666819095527,0.9938075051230661,0.20418136800071807,0.20418334007263184
575,drosophila,1,2,0.5,0.9283989092325672,0.9519292830005905,0.9947827657481574,0.21439017100055935,0.21439242362976074
576,drosophila,1,2,0.6000000000000001,0.9290821823880889,0.9528213346458643,0.9950111949398084,0.23507863200029533,0.23508000373840332
577,drosophila,1,2,0.7000000000000001,0.9325386429132827,0.9634193741075776,0.9966944263546833,0.0987096990002101,0.09871029853820801
578,drosophila,1,2,0.8,0.9316156528477334,0.9718510559462105,0.9972485943240547,0.06301099000029353,0.06301140785217285
579,drosophila,1,2,0.9,0.9279279279279279,0.9712316699396186,0.9973370435600177,0.14511509699968883,0.14511561393737793
580,drosophila,1,2,0.0,0.930063401921506,0.5,0.965031700960753,0.3417937129997881,0.3417956829071045
581,drosophila,1,2,0.1,0.9297121835100628,0.8572366363171671,0.9824660524228892,0.3455578479997712,0.34555983543395996
582,drosophila,1,2,0.2,0.9305548824812212,0.9111598669683818,0.9903337197345802,0.31550901799982967,0.31551098823547363
583,drosophila,1,2,0.30000000000000004,0.9317338061727711,0.9272453330939058,0.990963606742094,0.34235505900051066,0.34235715866088867
584,drosophila,1,2,0.4,0.9279693983402489,0.9432804630284869,0.9938401630428276,0.18296934099998907,0.18297171592712402
585,drosophila,1,2,0.5,0.928296956655395,0.9410261952684307,0.9932189263626412,0.11950027700004284,0.11950159072875977
586,drosophila,1,2,0.6000000000000001,0.9261391355254172,0.9582629827746204,0.9956190895674377,0.3706665059999068,0.3706684112548828
587,drosophila,1,2,0.7000000000000001,0.9285253515675397,0.9528961626108752,0.9945555012953458,0.11018611100007547,0.11018729209899902
588,drosophila,1,2,0.8,0.9333333333333333,0.9715295103344285,0.9976144456630542,0.07661302100041212,0.0766141414642334
589,drosophila,1,2,0.9,0.9255025620811983,0.9749522277205412,0.9976222982008409,0.13862075700035348,0.13862109184265137
590,drosophila,1,2,0.0,0.930063401921506,0.5,0.965031700960753,0.3836181589995249,0.3836202621459961
591,drosophila,1,2,0.1,0.9301440373718587,0.8617801972762789,0.9830344428003434,0.16317333500046516,0.16317534446716309
592,drosophila,1,2,0.2,0.929897909577054,0.9103949899385758,0.9889167287323211,0.2291615260000981,0.22916364669799805
593,drosophila,1,2,0.30000000000000004,0.9288533155466622,0.9359932033914786,0.993276128717135,0.408181319000505,0.40818333625793457
594,drosophila,1,2,0.4,0.931495241819841,0.9403056264044339,0.993256366583646,0.1749016540006778,0.17490363121032715
595,drosophila,1,2,0.5,0.9302773497688752,0.9490441188245656,0.9944412503866492,0.12247398100043938,0.12247467041015625
596,drosophila,1,2,0.6000000000000001,0.9261526688348958,0.9526098989310862,0.9944313357689116,0.37338603400075954,0.37338829040527344
597,drosophila,1,2,0.7000000000000001,0.9272322013897994,0.9581800833639069,0.9953900125498778,0.12027439599933132,0.12027549743652344
598,drosophila,1,2,0.8,0.928734756097561,0.9684298328575285,0.9966045759311734,0.06373646300016844,0.0637369155883789
599,drosophila,1,2,0.9,0.9306313328137179,0.9739521577927088,0.9975039522096851,0.14188581300004444,0.14188647270202637
600,london,1,2,0.0,0.806970509383378,0.5,0.9034852546916889,0.005970829000034428,0.005971670150756836
601,london,1,2,0.1,0.793939393939394,0.7180343511450382,0.934124672684349,0.004517362000115099,0.004518032073974609
602,london,1,2,0.2,0.8047138047138047,0.8263959024671764,0.9572243176518984,0.003947457000322174,0.003947734832763672
603,london,1,2,0.30000000000000004,0.7821011673151751,0.8583422174840084,0.9566756860698982,0.0047264439999707974,0.0047266483306884766
604,london,1,2,0.4,0.8135593220338984,0.9151870265151514,0.9772633810349681,0.003409682999517827,0.003409862518310547
605,london,1,2,0.5,0.7790697674418605,0.9670070699135899,0.9913854408094361,0.003364074000273831,0.00336456298828125
606,london,1,2,0.6000000000000001,0.8378378378378378,0.9939516129032258,0.998836844519497,0.006209913000020606,0.006210803985595703
607,london,1,2,0.7000000000000001,0.8,0.9945764462809917,0.9986666352507132,0.003692157999466872,0.003692626953125
608,london,1,2,0.8,0.746031746031746,0.9753989361702128,0.9900191162373518,0.0038046979998398456,0.003804922103881836
609,london,1,2,0.9,0.7105263157894737,0.9966329966329966,0.9986772486772486,0.0030965810001362115,0.003097057342529297
610,london,1,2,0.0,0.806970509383378,0.5,0.9034852546916889,0.005924808999225206,0.005925893783569336
611,london,1,2,0.1,0.8045977011494253,0.6257090336134454,0.9111269409780979,0.005361372999686864,0.005362033843994141
612,london,1,2,0.2,0.8013029315960912,0.7916500066640012,0.9561872067460853,0.004408845999932964,0.0044095516204833984
613,london,1,2,0.30000000000000004,0.7868217054263565,0.8617107030900135,0.9546764990807958,0.004995006000171998,0.004995107650756836
614,london,1,2,0.4,0.8080357142857143,0.9508544263137608,0.9883357846880036,0.004010548999758612,0.004010915756225586
615,london,1,2,0.5,0.8125,0.9462809917355371,0.9873702549535667,0.0038488959999085637,0.003849029541015625
616,london,1,2,0.6000000000000001,0.8224852071005917,0.9711031175059952,0.9939074219877428,0.003204599000127928,0.0032050609588623047
617,london,1,2,0.7000000000000001,0.8157894736842105,0.9807987711213518,0.9953785820096109,0.0030272329995568725,0.0030274391174316406
618,london,1,2,0.8,0.7205882352941176,0.9822771213748657,0.9936444758916797,0.003488814999400347,0.0034894943237304688
619,london,1,2,0.9,0.7714285714285715,0.9861111111111112,0.996031746031746,0.00462695900023391,0.0046274662017822266
620,london,1,2,0.0,0.806970509383378,0.5,0.9034852546916889,0.004390873000374995,0.00439143180847168
621,london,1,2,0.1,0.811046511627907,0.6611524676040805,0.9090818801597611,0.005197648999455851,0.005197763442993164
622,london,1,2,0.2,0.8,0.7386458333333333,0.923486537837614,0.005511842000487377,0.005512237548828125
623,london,1,2,0.30000000000000004,0.7970479704797048,0.8483585858585858,0.9602721942429195,0.0038705919996573357,0.003870725631713867
624,london,1,2,0.4,0.8266666666666667,0.9230079955886408,0.9834320472342961,0.0034024019996650168,0.0034029483795166016
625,london,1,2,0.5,0.8275862068965517,0.9621598639455783,0.9921387589574892,0.0051125720001437,0.005113124847412109
626,london,1,2,0.6000000000000001,0.8246753246753247,0.9746281714785653,0.9940015314270328,0.0035163819993613288,0.0035164356231689453
627,london,1,2,0.7000000000000001,0.7964601769911505,0.9821256038647342,0.9955388987451254,0.003678944000057527,0.0036792755126953125
628,london,1,2,0.8,0.7325581395348837,0.9796411318150449,0.9921063704838287,0.003036824999981036,0.0030372142791748047
629,london,1,2,0.9,0.8666666666666667,0.9519230769230769,0.9924826157058598,0.004227725999953691,0.004228353500366211
630,london,1,2,0.0,0.806970509383378,0.5,0.9034852546916889,0.0044581890006156755,0.004458904266357422
631,london,1,2,0.1,0.7987987987987988,0.7270788912579956,0.9425104515306437,0.0037452469996424043,0.003745555877685547
632,london,1,2,0.2,0.802013422818792,0.8532373590525495,0.9663183279687579,0.004975007000211917,0.004975795745849609
633,london,1,2,0.30000000000000004,0.8191881918819188,0.8752528038242323,0.9726366635050525,0.00521041200045147,0.00521087646484375
634,london,1,2,0.4,0.8111587982832618,0.924001924001924,0.9821206460434607,0.004300739000427711,0.004301309585571289
635,london,1,2,0.5,0.7846153846153846,0.9248366013071896,0.9779073011858582,0.0033166780003739404,0.003317117691040039
636,london,1,2,0.6000000000000001,0.8194444444444444,0.973109517601043,0.9938313701886706,0.006131989999630605,0.006132364273071289
637,london,1,2,0.7000000000000001,0.803921568627451,0.9917682926829268,0.998018065685598,0.003414640999835683,0.0034148693084716797
638,london,1,2,0.8,0.7777777777777778,0.9876543209876544,0.996423922374813,0.003199229000529158,0.0031995773315429688
639,london,1,2,0.9,0.868421052631579,1.0,0.9999999999999998,0.00354704299934383,0.0035474300384521484
640,london,1,2,0.0,0.806970509383378,0.5,0.9034852546916889,0.0046260009994512075,0.0046269893646240234
641,london,1,2,0.1,0.8078078078078078,0.7200278810408922,0.9361328463786673,0.004085376000148244,0.004085540771484375
642,london,1,2,0.2,0.8047138047138047,0.8245202712451305,0.9568026334663414,0.006248923000384821,0.006249427795410156
643,london,1,2,0.30000000000000004,0.8346774193548387,0.8854129845646282,0.9719310916606837,0.0042055670000991086,0.004205942153930664
644,london,1,2,0.4,0.7816593886462883,0.8893854748603353,0.9633424771773278,0.003990606000115804,0.003991127014160156
645,london,1,2,0.5,0.8324324324324325,0.9580016757436112,0.9901138839659094,0.003613749999203719,0.003614187240600586
646,london,1,2,0.6000000000000001,0.8037974683544303,0.9683769367538736,0.9922571783003861,0.008544514999812236,0.008545160293579102
647,london,1,2,0.7000000000000001,0.8225806451612904,0.9801693404634582,0.9954777013606734,0.003555325999514025,0.0035555362701416016
648,london,1,2,0.8,0.75,0.9788909892879647,0.9925856765718127,0.0032605689993943088,0.003261089324951172
649,london,1,2,0.9,0.7352941176470589,1.0,1.0,0.002844790000381181,0.0028455257415771484
650,london,1,2,0.0,0.806970509383378,0.5,0.9034852546916889,0.00461729699964053,0.004619121551513672
651,london,1,2,0.1,0.8171091445427728,0.707814137649936,0.9329434900658844,0.003806216000157292,0.0038063526153564453
652,london,1,2,0.2,0.7833333333333333,0.7997381342062192,0.951207221671301,0.00738881599954766,0.00738978385925293
653,london,1,2,0.30000000000000004,0.8055555555555556,0.8690559967829496,0.9624696850654849,0.0048822670005392865,0.0048825740814208984
654,london,1,2,0.4,0.8173913043478261,0.9510511651469098,0.989048270990523,0.0038282200002868194,0.003828763961791992
655,london,1,2,0.5,0.8133971291866029,0.9417043740573152,0.9830821245801278,0.005605385000308161,0.005605936050415039
656,london,1,2,0.6000000000000001,0.7986577181208053,0.9463585434173669,0.983445113133807,0.00489323300007527,0.004893302917480469
657,london,1,2,0.7000000000000001,0.8272727272727273,0.9832272990167727,0.9965040221542688,0.0032890780003071995,0.003289461135864258
658,london,1,2,0.8,0.8222222222222222,0.9780405405405406,0.9953406950668873,0.0040919210005085915,0.00409245491027832
659,london,1,2,0.9,0.8285714285714286,0.9942528735632185,0.9988307570352754,0.004648727000130748,0.004649162292480469
660,london,1,2,0.0,0.806970509383378,0.5,0.9034852546916889,0.0046851269999024225,0.004686117172241211
661,london,1,2,0.1,0.8112094395280236,0.7226420454545454,0.9339297290838399,0.0042428480001035496,0.004243135452270508
662,london,1,2,0.2,0.819672131147541,0.824690909090909,0.9611925508896012,0.0050162950001322315,0.0050165653228759766
663,london,1,2,0.30000000000000004,0.7931034482758621,0.854088387904813,0.9597310237372141,0.003761945000405831,0.0037620067596435547
664,london,1,2,0.4,0.7964601769911505,0.9260265700483091,0.9807249202809201,0.00563511699965602,0.005635261535644531
665,london,1,2,0.5,0.8102564102564103,0.9457748888128635,0.9868056368509794,0.004744867999761482,0.0047454833984375
666,london,1,2,0.6000000000000001,0.7986111111111112,0.9781109445277362,0.9943523854441816,0.0042139650004173745,0.004214286804199219
667,london,1,2,0.7000000000000001,0.8369565217391305,0.9670995670995671,0.993468964757406,0.003388270999494125,0.0033884048461914062
668,london,1,2,0.8,0.8450704225352113,0.9977272727272728,0.9995922939068101,0.003373010999894177,0.003373384475708008
669,london,1,2,0.9,0.7647058823529411,0.9951923076923077,0.9985481043173352,0.0037974890001351014,0.003798246383666992
670,london,1,2,0.0,0.806970509383378,0.5,0.9034852546916889,0.004937235999932454,0.004938364028930664
671,london,1,2,0.1,0.8099415204678363,0.6727020272146627,0.9146071259337641,0.004053231999932905,0.004053592681884766
672,london,1,2,0.2,0.8054607508532423,0.8344855783526612,0.9587434438540868,0.0169170959998155,0.016917705535888672
673,london,1,2,0.30000000000000004,0.7977941176470589,0.8212400502723083,0.952941632532051,0.006151067999780935,0.006151676177978516
674,london,1,2,0.4,0.8177777777777778,0.9515509013785789,0.9890817026501139,0.015017423999779567,0.015018224716186523
675,london,1,2,0.5,0.75,0.93588531821046,0.9774218972674231,0.010959721999824978,0.010960578918457031
676,london,1,2,0.6000000000000001,0.7806451612903226,0.9707097715119104,0.9912723063254302,0.004843876999984786,0.0048444271087646484
677,london,1,2,0.7000000000000001,0.7727272727272727,0.9868235294117647,0.9958941037528719,0.0055309150002358365,0.0055310726165771484
678,london,1,2,0.8,0.7922077922077922,0.9866803278688524,0.99636777459741,0.0030767320004088106,0.003077268600463867
679,london,1,2,0.9,0.8378378378378378,1.0,0.9999999999999998,0.0033040749995052465,0.003304719924926758
680,london,1,2,0.0,0.806970509383378,0.5,0.9034852546916889,0.004802229999768315,0.004803180694580078
681,london,1,2,0.1,0.8171091445427728,0.7011179690229417,0.9224483078435813,0.005333617999895068,0.005334138870239258
682,london,1,2,0.2,0.8073089700996677,0.7985312899106003,0.9519087553845196,0.00842557299984037,0.008426189422607422
683,london,1,2,0.30000000000000004,0.7984790874524715,0.8665768194070081,0.9654550172211367,0.004034068000692059,0.004034519195556641
684,london,1,2,0.4,0.8198198198198198,0.9255494505494506,0.9819953601383601,0.004193754999505472,0.004194021224975586
685,london,1,2,0.5,0.8159203980099502,0.9429795649307844,0.9864073608548578,0.005457567000121344,0.005457878112792969
686,london,1,2,0.6000000000000001,0.8053691275167785,0.9507183908045977,0.9864722451441442,0.006694919000437949,0.006695747375488281
687,london,1,2,0.7000000000000001,0.7833333333333333,0.9549918166939443,0.9860882286826979,0.005045144999712647,0.005045890808105469
688,london,1,2,0.8,0.7721518987341772,0.9877049180327868,0.996537730332768,0.008490735999657772,0.00849151611328125
689,london,1,2,0.9,0.8378378378378378,0.9946236559139785,0.998975676378772,0.004860320999796386,0.004860877990722656
690,london,1,2,0.0,0.806970509383378,0.5,0.9034852546916889,0.004088050000063959,0.004088878631591797
691,london,1,2,0.1,0.8057971014492754,0.66213894555997,0.9215594937755263,0.004403730999911204,0.004404306411743164
692,london,1,2,0.2,0.8208469055374593,0.7840909090909092,0.9471197636950085,0.00768813600006979,0.0076885223388671875
693,london,1,2,0.30000000000000004,0.8127490039840638,0.8845953274926992,0.9704291906929152,0.0037839489996258635,0.0037841796875
694,london,1,2,0.4,0.8057851239669421,0.9119476268412439,0.980184906102446,0.003436827999394154,0.003437042236328125
695,london,1,2,0.5,0.7947368421052632,0.9409067753438615,0.983311344789728,0.0032242459992630756,0.003224611282348633
696,london,1,2,0.6000000000000001,0.8050314465408805,0.964969758064516,0.9906140638613037,0.004746820999571355,0.004747152328491211
697,london,1,2,0.7000000000000001,0.8347107438016529,0.9816831683168317,0.9961361759706027,0.003593549000470375,0.003593921661376953
698,london,1,2,0.8,0.8289473684210527,0.9975579975579976,0.9995039682539684,0.0039607779999641934,0.003961324691772461
699,london,1,2,0.9,0.71875,0.9710144927536232,0.9873188405797101,0.00386815599995316,0.003868579864501953
700,london,1,2,0.0,0.806970509383378,0.5,0.9034852546916889,0.004605219999575638,0.004606485366821289
701,london,1,2,0.1,0.7988165680473372,0.6364923747276688,0.8952691015856721,0.004870460999882198,0.00487065315246582
702,london,1,2,0.2,0.8213058419243986,0.8638960411972965,0.9730798555072456,0.005129901999680442,0.005130290985107422
703,london,1,2,0.30000000000000004,0.8174603174603174,0.9238602785985648,0.9826496263324268,0.004170737999629637,0.004171133041381836
704,london,1,2,0.4,0.8,0.9289257369614512,0.9669206497266479,0.003378288000021712,0.003378629684448242
705,london,1,2,0.5,0.8,0.920653761869978,0.9774136989182163,0.006577023999852827,0.006577968597412109
706,london,1,2,0.6000000000000001,0.7905405405405406,0.9849738075544526,0.9960162594139348,0.0037603330001729773,0.0037605762481689453
707,london,1,2,0.7000000000000001,0.8037383177570093,0.9786821705426356,0.9945622711061806,0.003219889999854786,0.003220081329345703
708,london,1,2,0.8,0.7397260273972602,0.9844054580896686,0.9947884809231724,0.004923390999465482,0.00492405891418457
709,london,1,2,0.9,0.8913043478260869,1.0,1.0,0.003855039999507426,0.003855466842651367
710,london,1,2,0.0,0.806970509383378,0.5,0.9034852546916889,0.004112306000024546,0.004112958908081055
711,london,1,2,0.1,0.8147058823529412,0.7074093175176207,0.9424003748958625,0.004043126999931701,0.0040433406829833984
712,london,1,2,0.2,0.7875816993464052,0.7531120331950208,0.9344312293141592,0.0034523570002420456,0.003452777862548828
713,london,1,2,0.30000000000000004,0.7984189723320159,0.8857503397398563,0.9680572096174391,0.0041761420006878325,0.00417637825012207
714,london,1,2,0.4,0.8,0.9150955578512397,0.9795066268414551,0.0036749020000570454,0.003675222396850586
715,london,1,2,0.5,0.7931034482758621,0.9458534621578101,0.9853052122162069,0.0037294969997674343,0.003729581832885742
716,london,1,2,0.6000000000000001,0.8181818181818182,0.9910714285714285,0.9981338059102781,0.0030475240000669146,0.003047943115234375
717,london,1,2,0.7000000000000001,0.773109243697479,0.9838969404186795,0.995378825738646,0.003577451000637666,0.0035784244537353516
718,london,1,2,0.8,0.8108108108108109,0.9916666666666666,0.9981614846048761,0.00453848699999071,0.00453948974609375
719,london,1,2,0.9,0.8611111111111112,1.0,0.9999999999999999,0.003175933999955305,0.0031762123107910156
720,london,1,2,0.0,0.806970509383378,0.5,0.9034852546916889,0.003734640000402578,0.0037353038787841797
721,london,1,2,0.1,0.8029411764705883,0.6178175058772074,0.8790805381095879,0.004187161000118067,0.004187583923339844
722,london,1,2,0.2,0.8131147540983606,0.8158248443689871,0.9530798065277754,0.005539805999433156,0.005540370941162109
723,london,1,2,0.30000000000000004,0.8274509803921568,0.9109758724687634,0.978374129801497,0.00398471399967093,0.003985166549682617
724,london,1,2,0.4,0.8084112149532711,0.9096292118990554,0.9752184731607974,0.00315996199969959,0.003160238265991211
725,london,1,2,0.5,0.8191489361702128,0.9642857142857143,0.9920454997724815,0.004756837000059022,0.0047571659088134766
726,london,1,2,0.6000000000000001,0.8076923076923077,0.9415343915343914,0.9852679674447912,0.004498985999816796,0.004499673843383789
727,london,1,2,0.7000000000000001,0.7868852459016393,0.9719551282051282,0.9923742135652196,0.004388235000078566,0.004388570785522461
728,london,1,2,0.8,0.8117647058823529,0.9941123188405797,0.9987173966797006,0.00326858300013555,0.0032689571380615234
729,london,1,2,0.9,0.8,0.9969135802469136,0.9992492492492493,0.0048034669998742174,0.004804372787475586
730,london,1,2,0.0,0.806970509383378,0.5,0.9034852546916889,0.004368911999335978,0.004369497299194336
731,london,1,2,0.1,0.8075801749271136,0.6941800678262773,0.9388407486688647,0.003819213000497257,0.003819704055786133
732,london,1,2,0.2,0.7933333333333333,0.7716183247492545,0.9266014744697385,0.004136290999667835,0.004136800765991211
733,london,1,2,0.30000000000000004,0.8014981273408239,0.8646623170516664,0.9538962364283213,0.003934626000045682,0.0039348602294921875
734,london,1,2,0.4,0.810126582278481,0.9255208333333333,0.9772600616823133,0.0035401750001256005,0.0035402774810791016
735,london,1,2,0.5,0.7835051546391752,0.937108395989975,0.9826637335741947,0.004441531999873405,0.0044422149658203125
736,london,1,2,0.6000000000000001,0.7972027972027972,0.9166666666666666,0.9732510730857357,0.0037308729997675982,0.0037317276000976562
737,london,1,2,0.7000000000000001,0.7870370370370371,0.9946291560102302,0.9985695763243436,0.0034934089999296702,0.0034935474395751953
738,london,1,2,0.8,0.8333333333333334,0.9928994082840237,0.9985943896789484,0.0030847240004732157,0.0030851364135742188
739,london,1,2,0.9,0.8333333333333334,0.9944444444444445,0.9989068100358423,0.0039112940003178664,0.003911733627319336
740,london,1,2,0.0,0.806970509383378,0.5,0.9034852546916889,0.004725521000182198,0.004725933074951172
741,london,1,2,0.1,0.8054711246200608,0.691067216981132,0.9171716250182942,0.003775013999984367,0.0037751197814941406
742,london,1,2,0.2,0.8090277777777778,0.8527896995708154,0.9676524066771731,0.004741314000057173,0.004741668701171875
743,london,1,2,0.30000000000000004,0.8205128205128205,0.880512026239067,0.9746991085828859,0.0038082729997768183,0.003808736801147461
744,london,1,2,0.4,0.7926267281105991,0.9079457364341085,0.9697175060913004,0.004925274000015634,0.00492548942565918
745,london,1,2,0.5,0.7868852459016393,0.96741452991453,0.9908880216229763,0.0034027040001092246,0.0034027099609375
746,london,1,2,0.6000000000000001,0.8169934640522876,0.9722857142857143,0.9937936801442191,0.0036860650006929063,0.0036864280700683594
747,london,1,2,0.7000000000000001,0.8155339805825242,0.9949874686716792,0.9988982768170909,0.0030742799999643466,0.0030744075775146484
748,london,1,2,0.8,0.8493150684931506,0.9956011730205279,0.9992127496159754,0.004017793999992136,0.0040187835693359375
749,london,1,2,0.9,0.6923076923076923,0.9984567901234568,0.9993386243386244,0.0032307999999829917,0.0032312870025634766
750,london,1,2,0.0,0.806970509383378,0.5,0.9034852546916889,0.004682240999500209,0.004683017730712891
751,london,1,2,0.1,0.8082595870206489,0.6553060078607524,0.9129655532835307,0.004994372000510339,0.004995107650756836
752,london,1,2,0.2,0.7915309446254072,0.759548611111111,0.9358717708584,0.004667555000196444,0.004668235778808594
753,london,1,2,0.30000000000000004,0.8153846153846154,0.8998132861635221,0.97486544732048,0.003735335999408562,0.003735780715942383
754,london,1,2,0.4,0.7911111111111111,0.8947525699258905,0.9704681354265913,0.004767565999827639,0.004767894744873047
755,london,1,2,0.5,0.8010752688172043,0.9580990386359514,0.9886159678288899,0.003646595999271085,0.0036468505859375
756,london,1,2,0.6000000000000001,0.8,0.991390306122449,0.9978511861626606,0.005348807000700617,0.005349159240722656
757,london,1,2,0.7000000000000001,0.8058252427184466,0.9792168674698795,0.994845305232389,0.0032384140004069195,0.0032389163970947266
758,london,1,2,0.8,0.7746478873239436,0.9971590909090909,0.9991910561527787,0.004103012999621569,0.004102945327758789
759,london,1,2,0.9,0.7560975609756098,0.9967741935483871,0.998975676378772,0.0026882399997703033,0.0026886463165283203
760,london,1,2,0.0,0.806970509383378,0.5,0.9034852546916889,0.004484835000766907,0.0044858455657958984
761,london,1,2,0.1,0.8053892215568862,0.6928510151558479,0.9291235694619515,0.004107413999918208,0.004107952117919922
762,london,1,2,0.2,0.7896551724137931,0.7937933996706994,0.9423889771569676,0.08850001399969187,0.0885004997253418
763,london,1,2,0.30000000000000004,0.8127208480565371,0.8415094339622641,0.9557047599600238,0.004284280999854673,0.00428462028503418
764,london,1,2,0.4,0.8105726872246696,0.9152553083923156,0.9746543119224884,0.0035241949999544886,0.0035247802734375
765,london,1,2,0.5,0.8461538461538461,0.9666048237476809,0.9940894706628621,0.003655540000181645,0.003655672073364258
766,london,1,2,0.6000000000000001,0.8235294117647058,0.9857436801881245,0.9968842196784387,0.0035793040005955845,0.0035796165466308594
767,london,1,2,0.7000000000000001,0.8173913043478261,0.9577001013171226,0.9864041823464655,0.004684964000261971,0.004685640335083008
768,london,1,2,0.8,0.7808219178082192,0.981907894736842,0.9949421803390743,0.0036586340002031648,0.0036592483520507812
769,london,1,2,0.9,0.8461538461538461,0.9898989898989898,0.9982429335370511,0.0033748410005500773,0.0033750534057617188
770,london,1,2,0.0,0.806970509383378,0.5,0.9034852546916889,0.004174344000603014,0.004174947738647461
771,london,1,2,0.1,0.8128654970760234,0.6611117356115108,0.9156287559173447,0.0039569919999848935,0.003957509994506836
772,london,1,2,0.2,0.8169934640522876,0.8007142857142857,0.9517436261264838,0.003560731000106898,0.003561258316040039
773,london,1,2,0.30000000000000004,0.8174904942965779,0.8952519379844961,0.9732068776620844,0.006653559999904246,0.006654024124145508
774,london,1,2,0.4,0.7972972972972973,0.9408662900188324,0.9846149481954638,0.00393988999985595,0.0039403438568115234
775,london,1,2,0.5,0.8256410256410256,0.9324077457069785,0.9845823485613499,0.0034312279994992423,0.003431558609008789
776,london,1,2,0.6000000000000001,0.8248175182481752,0.9666297935103244,0.9921838988263119,0.005250706999504473,0.0052509307861328125
777,london,1,2,0.7000000000000001,0.7916666666666666,0.9950657894736843,0.9987816764132553,0.003814670999418013,0.0038149356842041016
778,london,1,2,0.8,0.7792207792207793,0.9656862745098039,0.9890811272644747,0.004503299000134575,0.004503726959228516
779,london,1,2,0.9,0.8378378378378378,1.0,1.0,0.0029972219999763183,0.0029973983764648438
780,london,1,2,0.0,0.806970509383378,0.5,0.9034852546916889,0.0058221420003974345,0.005822420120239258
781,london,1,2,0.1,0.8046647230320699,0.6506056673155959,0.9218741265315503,0.005037427000388561,0.005038022994995117
782,london,1,2,0.2,0.8221476510067114,0.8394301116673084,0.9570811161952811,0.0038055730001360644,0.0038056373596191406
783,london,1,2,0.30000000000000004,0.7878787878787878,0.8806232829670328,0.9663184107952869,0.004384339999887743,0.004385232925415039
784,london,1,2,0.4,0.8247863247863247,0.9495766460255276,0.9876965911378792,0.004143176000070525,0.004143714904785156
785,london,1,2,0.5,0.8138297872340425,0.9514472455648926,0.9872052000297421,0.005329956999958085,0.005330562591552734
786,london,1,2,0.6000000000000001,0.825503355704698,0.9831144465290808,0.9964174347694611,0.003364801999850897,0.003365039825439453
787,london,1,2,0.7000000000000001,0.8392857142857143,0.989952718676123,0.9980974710712953,0.0037678780008718604,0.0037689208984375
788,london,1,2,0.8,0.8481012658227848,0.9850746268656716,0.9973751591383339,0.004023984000014025,0.0040242671966552734
789,london,1,2,0.9,0.8,1.0,0.9999999999999999,0.0037637770001310855,0.003763914108276367
790,london,1,2,0.0,0.806970509383378,0.5,0.9034852546916889,0.004692769999564916,0.004693269729614258
791,london,1,2,0.1,0.7988165680473372,0.6682461873638343,0.9278425693009026,0.004442344999915804,0.004442930221557617
792,london,1,2,0.2,0.8033898305084746,0.8323148552306125,0.9577049244821166,0.005243231999884301,0.005243778228759766
793,london,1,2,0.30000000000000004,0.807843137254902,0.8878541707945314,0.9614673069936228,0.0036926080001649098,0.0036928653717041016
794,london,1,2,0.4,0.8009049773755657,0.9293143297380585,0.9818582267196223,0.00604432000000088,0.006044626235961914
795,london,1,2,0.5,0.825136612021858,0.9586092715231789,0.9901997594316421,0.004163388999586459,0.0041637420654296875
796,london,1,2,0.6000000000000001,0.8055555555555556,0.9416564039408867,0.9839870133620794,0.0033713689999785856,0.003371715545654297
797,london,1,2,0.7000000000000001,0.811965811965812,0.9968899521531099,0.9992887321973194,0.004556183999739005,0.004556417465209961
798,london,1,2,0.8,0.8059701492537313,0.9857549857549858,0.9964583858164037,0.003784602999985509,0.0037848949432373047
799,london,1,2,0.9,0.8421052631578947,1.0,1.0,0.003167662999658205,0.0031681060791015625
