,N,tau1,tau2,avg_k,min_community,mu,prob,pfi,distance,rep,largest_component,dimensions,walk_length,num_walks,workers,window,min_count,batch_words,_time_embedd,AUROC,Accuracy,_time_all,kmax
0,500,2.1,1.0,5,10,0.3,1.0,0.7,logistic,2,True,128,30,100,24,10,1,4,198.65233270311728,0.5,0.5148514851485149,198.7734998310916,22.360679774997898
1,500,2.5,1.0,12,100,0.75,1.0,0.4,negexp,4,True,128,30,100,24,10,1,4,197.8659182130359,0.8486417235338719,0.75,197.9813494880218,22.360679774997898
2,500,2.9,1.0,5,10,0.1,1.0,0.8,logistic,1,True,128,30,100,24,10,1,4,190.63332311902195,0.5023148148148148,0.47770700636942676,190.64376728399657,22.360679774997898
3,500,2.5,1.0,12,100,0.75,1.0,0.3,logistic,1,True,128,30,100,24,10,1,4,191.4811242101714,0.5070608041196276,0.5202411714039621,191.55417989310808,22.360679774997898
4,500,2.9,1.0,5,10,0.1,1.0,0.7,negexp,4,True,128,30,100,24,10,1,4,160.04867593804374,0.8490693543404386,0.7663934426229508,160.09684924711473,22.360679774997898
5,500,2.5,1.0,12,100,0.75,1.0,0.3,inverse,4,True,128,30,100,24,10,1,4,209.28859722497873,0.8157734132268086,0.5321585903083701,209.4077163359616,22.360679774997898
6,500,2.9,1.0,5,10,0.1,1.0,0.9,logistic,4,True,128,30,100,24,10,1,4,202.0882762100082,0.5,0.4556213017751479,202.0973247741349,22.360679774997898
7,500,2.1,1.0,5,10,0.3,1.0,0.5,inverse,3,True,128,30,100,24,10,1,4,181.44533128105104,0.8586550353063205,0.5860805860805861,181.46954806987196,22.360679774997898
8,500,2.5,1.0,12,100,0.75,1.0,0.2,negexp,5,True,128,30,100,24,10,1,4,167.5239470351953,0.7720393596769252,0.6720061022120518,167.63815606106073,22.360679774997898
9,500,2.5,1.0,12,100,0.75,1.0,0.4,logistic,5,True,128,30,100,24,10,1,4,195.9114768540021,0.5039246467817896,0.511578947368421,195.97367453482002,22.360679774997898
10,500,2.9,1.0,5,10,0.1,1.0,0.9,inverse,5,True,128,30,100,24,10,1,4,198.40605461294763,0.8263322884012538,0.5892857142857143,198.41558100888506,22.360679774997898
11,500,2.5,1.0,12,100,0.75,1.0,0.2,inverse,4,True,128,30,100,24,10,1,4,209.7985101940576,0.7802600625181271,0.5077399380804953,210.23585963714868,22.360679774997898
12,500,2.1,1.0,5,10,0.3,1.0,0.7,inverse,2,True,128,30,100,24,10,1,4,146.44038214883767,0.8608922890471141,0.5644171779141104,146.5266208369285,22.360679774997898
13,500,2.9,1.0,5,10,0.1,1.0,0.9,inverse,3,True,128,30,100,24,10,1,4,201.7019480240997,0.8262417994376756,0.5592105263157895,201.71038335515186,22.360679774997898
14,500,2.9,1.0,5,10,0.1,1.0,0.9,negexp,2,True,128,30,100,24,10,1,4,151.7550825360231,0.8388072601555748,0.7021276595744681,151.76421383908018,22.360679774997898
15,500,2.9,1.0,5,100,0.1,1.0,0.2,inverse,4,True,128,30,100,24,10,1,4,104.83424733602442,0.7581575207004516,0.5330296127562643,104.86947529483587,22.360679774997898
16,500,2.1,1.0,5,10,0.3,1.0,0.5,inverse,4,True,128,30,100,24,10,1,4,147.37836162513122,0.8428983271339012,0.5292682926829269,147.5369315110147,22.360679774997898
17,500,2.9,1.0,5,10,0.1,1.0,0.9,negexp,5,True,128,30,100,24,10,1,4,189.6922853749711,0.84400826446281,0.7532467532467533,189.70550643396564,22.360679774997898
18,500,2.9,1.0,5,10,0.1,1.0,0.7,negexp,5,True,128,30,100,24,10,1,4,197.2324323260691,0.8800997487943965,0.7788844621513944,197.26369026000611,22.360679774997898
19,500,2.5,1.0,12,100,0.75,1.0,0.3,negexp,5,True,128,30,100,24,10,1,4,194.51524801319465,0.8126982223288293,0.7175043327556326,194.7809038120322,22.360679774997898
20,500,2.5,1.0,12,100,0.75,1.0,0.4,inverse,4,True,128,30,100,24,10,1,4,200.77380975312553,0.8269247886070317,0.5412147505422994,200.9118059889879,22.360679774997898
21,500,2.5,1.0,12,100,0.75,1.0,0.2,negexp,3,True,128,30,100,24,10,1,4,199.76160835893825,0.7729033893395134,0.6704805491990846,200.194111648947,22.360679774997898
22,500,2.1,1.0,5,10,0.3,1.0,0.6,negexp,3,True,128,30,100,24,10,1,4,196.1879877068568,0.8558700934394816,0.7695716395864106,196.2114339780528,22.360679774997898
23,500,2.5,1.0,12,100,0.75,1.0,0.5,logistic,3,True,128,30,100,24,10,1,4,205.5089676231146,0.5129447869348908,0.4902439024390244,205.72377831605263,22.360679774997898
24,500,2.5,1.0,12,100,0.75,1.0,0.6,inverse,3,True,128,30,100,24,10,1,4,164.09681543707848,0.8599804209495839,0.5331369661266568,164.11553792911582,22.360679774997898
25,500,2.5,1.0,12,100,0.75,1.0,0.2,negexp,1,True,128,30,100,24,10,1,4,210.0275807888247,0.7624686591114231,0.6826119969627942,210.56588645488955,22.360679774997898
26,500,2.9,1.0,5,10,0.1,1.0,0.95,negexp,4,True,128,30,100,24,10,1,4,173.37524560885504,0.7824933687002652,0.654320987654321,173.38117927289568,22.360679774997898
27,500,2.1,1.0,5,10,0.3,1.0,0.5,logistic,1,True,128,30,100,24,10,1,4,194.72916782507673,0.5007059517160057,0.5376623376623376,194.81679531210102,22.360679774997898
28,500,2.9,1.0,5,10,0.1,1.0,0.7,logistic,1,True,128,30,100,24,10,1,4,208.12500157300383,0.5015625,0.4824561403508772,208.139389752876,22.360679774997898
29,500,2.1,1.0,5,10,0.3,1.0,0.5,inverse,2,True,128,30,100,24,10,1,4,198.13923742901534,0.887896636899107,0.5369649805447471,198.2862214280758,22.360679774997898
30,500,2.5,1.0,12,100,0.75,1.0,0.3,negexp,2,True,128,30,100,24,10,1,4,206.63804224599153,0.7955366128988385,0.7050610820244329,206.75154725206085,22.360679774997898
31,500,2.5,1.0,12,100,0.75,1.0,0.4,negexp,1,True,128,30,100,24,10,1,4,193.87369874608703,0.8308902610888592,0.7331288343558282,193.96382776810788,22.360679774997898
32,500,2.1,1.0,5,10,0.3,1.0,0.7,logistic,4,True,128,30,100,24,10,1,4,204.80240034405142,0.5032467532467533,0.48846960167714887,204.84049966395833,22.360679774997898
33,500,2.1,1.0,5,10,0.3,1.0,0.7,negexp,5,True,128,30,100,24,10,1,4,189.5294354360085,0.8634967712080099,0.7641921397379913,189.54660340002738,22.360679774997898
34,500,2.5,1.0,12,100,0.75,1.0,0.3,negexp,1,True,128,30,100,24,10,1,4,196.09051677398384,0.7993530764807361,0.6980286738351255,196.2855474560056,22.360679774997898
35,500,2.9,1.0,5,10,0.3,1.0,0.0,inverse,3,True,128,30,100,24,10,1,4,168.76189333479851,0.4796141365532769,0.517438173747622,168.91788608883508,22.360679774997898
36,500,2.1,1.0,5,10,0.3,1.0,0.8,inverse,2,True,128,30,100,24,10,1,4,164.99617763701826,0.8289063931122916,0.5544871794871795,165.01907291798852,22.360679774997898
37,500,2.5,1.0,12,100,0.75,1.0,0.2,logistic,2,True,128,30,100,24,10,1,4,208.71089843683876,0.5042583046541513,0.48562300319488816,209.0001388718374,22.360679774997898
38,500,2.5,1.0,12,100,0.75,1.0,0.2,logistic,5,True,128,30,100,24,10,1,4,205.29990392597392,0.5041518269450744,0.48256735340729,205.63100736495107,22.360679774997898
39,500,2.1,1.0,5,10,0.3,1.0,0.4,inverse,5,True,128,30,100,24,10,1,4,209.0891008239705,0.8250346680533889,0.5317545748116254,209.3469933879096,22.360679774997898
40,500,2.1,1.0,5,10,0.3,1.0,0.4,logistic,4,True,128,30,100,24,10,1,4,205.78779175691307,0.5007860282874618,0.5046535677352637,205.8229618370533,22.360679774997898
41,500,2.5,1.0,12,100,0.75,1.0,0.4,logistic,3,True,128,30,100,24,10,1,4,151.52327954000793,0.5045367899351887,0.5031446540880503,151.64680476905778,22.360679774997898
42,500,2.1,1.0,5,10,0.3,1.0,0.5,negexp,4,True,128,30,100,24,10,1,4,200.42632378311828,0.8236894680343512,0.7230769230769231,200.611894184025,22.360679774997898
43,500,2.9,1.0,5,10,0.1,1.0,0.8,logistic,3,True,128,30,100,24,10,1,4,185.35737314308062,0.5,0.5136986301369864,185.38304652809165,22.360679774997898
44,500,2.9,1.0,5,10,0.3,1.0,0.0,inverse,2,True,128,30,100,24,10,1,4,213.1650665719062,0.5012735567173585,0.5094454600853139,213.62168496800587,22.360679774997898
45,500,2.9,1.0,5,10,0.1,1.0,0.95,inverse,5,True,128,30,100,24,10,1,4,196.02496044011787,0.722943722943723,0.6352941176470588,196.03008912596852,22.360679774997898
46,500,2.5,1.0,12,100,0.75,1.0,0.5,inverse,2,True,128,30,100,24,10,1,4,203.21993061015382,0.8529657477025897,0.5408970976253298,203.3210599210579,22.360679774997898
47,500,2.5,1.0,12,100,0.75,1.0,0.3,inverse,3,True,128,30,100,24,10,1,4,197.56668433197774,0.8052505855424252,0.5156794425087108,198.03063956811093,22.360679774997898
48,500,2.1,1.0,5,10,0.3,1.0,0.5,logistic,2,True,128,30,100,24,10,1,4,155.48399232397787,0.5101295942213725,0.4839572192513369,155.61162758478895,22.360679774997898
49,500,2.9,1.0,5,10,0.1,1.0,0.7,negexp,2,True,128,30,100,24,10,1,4,204.54839208279736,0.8530286987001606,0.751004016064257,204.6020417478867,22.360679774997898
50,500,2.5,1.0,12,100,0.75,1.0,0.4,negexp,5,True,128,30,100,24,10,1,4,194.01931322016753,0.8296805256030895,0.7449947312961012,194.1355980501976,22.360679774997898
51,500,2.1,1.0,5,10,0.3,1.0,0.7,negexp,1,True,128,30,100,24,10,1,4,201.2304077539593,0.8523619186046512,0.7698412698412699,201.2849938790314,22.360679774997898
52,500,2.5,1.0,12,100,0.75,1.0,0.2,logistic,1,True,128,30,100,24,10,1,4,211.54507922683842,0.5028260916418812,0.5140625,211.57196109299548,22.360679774997898
53,500,2.1,1.0,5,10,0.3,1.0,0.8,negexp,1,True,128,30,100,24,10,1,4,89.14495968911797,0.836798245614035,0.7469512195121951,89.15757105895318,22.360679774997898
54,500,2.9,1.0,5,10,0.1,1.0,0.8,logistic,5,True,128,30,100,24,10,1,4,185.5371191308368,0.5039525691699605,0.5238095238095238,185.56992133078165,22.360679774997898
55,500,2.1,1.0,5,10,0.3,1.0,0.6,inverse,1,True,128,30,100,24,10,1,4,191.5738046290353,0.8245028035745577,0.5625965996908809,191.65281909005716,22.360679774997898
56,500,2.9,1.0,5,10,0.1,1.0,0.8,negexp,4,True,128,30,100,24,10,1,4,189.10622801515274,0.8609932088285229,0.7556818181818182,189.13309786701575,22.360679774997898
57,500,2.5,1.0,12,100,0.75,1.0,0.5,inverse,4,True,128,30,100,24,10,1,4,194.6225936880801,0.852433591816532,0.5387409200968523,194.6449991131667,22.360679774997898
58,500,2.9,1.0,5,10,0.1,1.0,0.95,inverse,1,True,128,30,100,24,10,1,4,191.92329318192787,0.7067395264116576,0.5822784810126582,191.92838457599282,22.360679774997898
59,500,2.1,1.0,5,10,0.3,1.0,0.6,negexp,1,True,128,30,100,24,10,1,4,180.28896902501583,0.8304820415879017,0.7329192546583851,180.31076382892206,22.360679774997898
60,500,2.1,1.0,5,10,0.3,1.0,0.5,negexp,2,True,128,30,100,24,10,1,4,153.66989126708359,0.8399149614669147,0.757985257985258,153.88536314293742,22.360679774997898
61,500,2.1,1.0,5,10,0.3,1.0,0.6,negexp,4,True,128,30,100,24,10,1,4,184.7284963610582,0.8488865503428611,0.7448818897637796,184.75059018703178,22.360679774997898
62,500,2.5,1.0,12,100,0.75,1.0,0.5,logistic,2,True,128,30,100,24,10,1,4,157.75975122209638,0.4973958333333333,0.522093023255814,157.96394159412012,22.360679774997898
63,500,2.1,1.0,5,10,0.3,1.0,0.6,negexp,2,True,128,30,100,24,10,1,4,194.12160602910444,0.8482360354768019,0.7751479289940828,194.35605023009703,22.360679774997898
64,500,2.1,1.0,5,10,0.3,1.0,0.4,negexp,3,True,128,30,100,24,10,1,4,205.37721615703776,0.8368430300351947,0.7462526766595289,205.5839837740641,22.360679774997898
65,500,2.5,1.0,12,100,0.75,1.0,0.4,inverse,1,True,128,30,100,24,10,1,4,149.72830678895116,0.831057202755316,0.5289169295478444,149.8563114439603,22.360679774997898
66,500,2.5,1.0,12,100,0.75,1.0,0.5,negexp,1,True,128,30,100,24,10,1,4,186.21361028286628,0.8249795417348609,0.7369077306733167,186.40140251396224,22.360679774997898
67,500,2.5,1.0,12,100,0.75,1.0,0.5,inverse,3,True,128,30,100,24,10,1,4,158.21019660821185,0.8749425947187142,0.5558375634517766,158.38446130603552,22.360679774997898
68,500,2.1,1.0,5,10,0.3,1.0,0.5,negexp,3,True,128,30,100,24,10,1,4,205.3530508580152,0.8388208119641389,0.7369062119366626,205.38544372702017,22.360679774997898
69,500,2.1,1.0,5,10,0.3,1.0,0.6,logistic,5,True,128,30,100,24,10,1,4,201.2596760180313,0.504756126875837,0.493730407523511,201.282063402934,22.360679774997898
70,500,2.9,1.0,5,10,0.1,1.0,0.8,inverse,1,True,128,30,100,24,10,1,4,197.35571949416772,0.8523755656108597,0.5412844036697247,197.37129848310724,22.360679774997898
71,500,2.9,1.0,5,10,0.1,1.0,0.9,logistic,5,True,128,30,100,24,10,1,4,184.05076002096757,0.5,0.5,184.05861501698382,22.360679774997898
72,500,2.9,1.0,5,10,0.1,1.0,0.9,logistic,3,True,128,30,100,24,10,1,4,191.6237753990572,0.5,0.4578313253012048,191.6305744079873,22.360679774997898
73,500,2.5,1.0,12,100,0.75,1.0,0.5,logistic,4,True,128,30,100,24,10,1,4,199.8094954979606,0.5029579857893112,0.494148244473342,199.94918631808832,22.360679774997898
74,500,2.5,1.0,12,100,0.75,1.0,0.3,inverse,1,True,128,30,100,24,10,1,4,198.13368524285033,0.8309621195563558,0.5256637168141592,198.16555043682456,22.360679774997898
75,500,2.1,1.0,5,10,0.3,1.0,0.6,inverse,4,True,128,30,100,24,10,1,4,198.97683145594783,0.8569851692516699,0.5544117647058824,198.99737034295686,22.360679774997898
76,500,2.1,1.0,5,10,0.3,1.0,0.4,negexp,2,True,128,30,100,24,10,1,4,203.57755219377577,0.8327749785591767,0.7196356275303644,203.60987657587975,22.360679774997898
77,500,2.1,1.0,5,10,0.3,1.0,0.6,logistic,2,True,128,30,100,24,10,1,4,166.69106476195157,0.501207729468599,0.5138036809815951,166.77005123300478,22.360679774997898
78,500,2.9,1.0,5,10,0.1,1.0,0.8,negexp,2,True,128,30,100,24,10,1,4,199.15100792096928,0.851356727938251,0.770392749244713,199.16418839502148,22.360679774997898
79,500,2.9,1.0,5,10,0.1,1.0,0.8,negexp,3,True,128,30,100,24,10,1,4,180.15934871695936,0.8458333333333333,0.7652439024390244,180.18156010191888,22.360679774997898
80,500,2.1,1.0,5,10,0.3,1.0,0.5,logistic,4,True,128,30,100,24,10,1,4,202.9618514261674,0.5027864891621149,0.5061881188118812,203.03954963199794,22.360679774997898
81,500,2.9,1.0,5,10,0.1,1.0,0.95,negexp,5,True,128,30,100,24,10,1,4,192.0011939681135,0.6747159090909091,0.6395348837209303,192.00646487809718,22.360679774997898
82,500,2.9,1.0,5,10,0.1,1.0,0.8,logistic,2,True,128,30,100,24,10,1,4,204.16664347588085,0.5024038461538461,0.5171232876712328,204.1943247858435,22.360679774997898
83,500,2.9,1.0,5,10,0.1,1.0,0.9,negexp,3,True,128,30,100,24,10,1,4,179.2901302848477,0.7717351091379948,0.7032258064516129,179.2998030728195,22.360679774997898
84,500,2.9,1.0,5,10,0.1,1.0,0.7,logistic,2,True,128,30,100,24,10,1,4,191.62019092100672,0.5,0.48502994011976047,191.63526881486177,22.360679774997898
85,500,2.9,1.0,5,10,0.1,1.0,0.95,inverse,4,True,128,30,100,24,10,1,4,168.7718196019996,0.7792553191489362,0.5915492957746479,168.77752322889864,22.360679774997898
86,500,2.9,1.0,5,10,0.1,1.0,0.9,logistic,1,True,128,30,100,24,10,1,4,197.7399275309872,0.5,0.4222222222222222,197.7476355661638,22.360679774997898
87,500,2.5,1.0,12,100,0.75,1.0,0.4,logistic,4,True,128,30,100,24,10,1,4,193.0694622809533,0.5075252525252524,0.5131313131313131,193.09656102396548,22.360679774997898
88,500,2.1,1.0,5,10,0.3,1.0,0.4,logistic,1,True,128,30,100,24,10,1,4,196.23973080399446,0.5118091840836013,0.5099894847528917,196.26601494196802,22.360679774997898
89,500,2.9,1.0,5,10,0.1,1.0,0.95,logistic,5,True,128,30,100,24,10,1,4,192.25506186112761,0.5,0.6229508196721312,192.28780439612456,22.360679774997898
90,500,2.9,1.0,5,10,0.1,1.0,0.95,logistic,2,True,128,30,100,24,10,1,4,199.49521154211834,0.5,0.5,199.50008615315892,22.360679774997898
91,500,2.1,1.0,5,10,0.3,1.0,0.8,inverse,1,True,128,30,100,24,10,1,4,161.52684157900512,0.8308487720809995,0.5669781931464174,161.5421374910511,22.360679774997898
92,500,2.1,1.0,5,10,0.3,1.0,0.6,logistic,3,True,128,30,100,24,10,1,4,194.5838984430302,0.5048640558742828,0.521311475409836,194.60304130101576,22.360679774997898
93,500,2.5,1.0,12,100,0.75,1.0,0.5,logistic,5,True,128,30,100,24,10,1,4,197.49953534197994,0.5055935701096992,0.5242718446601942,197.60183752514422,22.360679774997898
94,500,2.1,1.0,5,10,0.3,1.0,0.5,inverse,5,True,128,30,100,24,10,1,4,199.92358267097734,0.8550147986820795,0.5488997555012225,200.14294204115868,22.360679774997898
95,500,2.9,1.0,5,10,0.1,1.0,0.7,inverse,5,True,128,30,100,24,10,1,4,208.72115948796272,0.8522571819425444,0.5477707006369427,208.7634635490831,22.360679774997898
96,500,2.9,1.0,5,10,0.1,1.0,0.7,logistic,5,True,128,30,100,24,10,1,4,203.04380642413162,0.5,0.4695121951219512,203.0994978810195,22.360679774997898
97,500,2.9,1.0,5,10,0.1,1.0,0.95,logistic,4,True,128,30,100,24,10,1,4,196.76411375706084,0.5,0.4634146341463415,196.76920824311674,22.360679774997898
98,500,2.5,1.0,12,100,0.75,1.0,0.5,negexp,2,True,128,30,100,24,10,1,4,194.96219555288553,0.82112159071346,0.7444051825677267,194.9909320459701,22.360679774997898
99,500,2.1,1.0,5,10,0.75,1.0,0.9,inverse,5,True,128,30,100,24,10,1,4,137.26450355211273,0.7641711229946524,0.5527950310559007,137.27404337609187,22.360679774997898
100,500,2.9,1.0,5,10,0.1,1.0,0.8,inverse,4,True,128,30,100,24,10,1,4,201.09220490884036,0.8642096964919196,0.536986301369863,201.10614080098458,22.360679774997898
101,500,2.9,1.0,5,10,0.1,1.0,0.9,inverse,4,True,128,30,100,24,10,1,4,172.3363596398849,0.8069651741293532,0.5523255813953488,172.34622441907413,22.360679774997898
102,500,2.5,1.0,12,100,0.75,1.0,0.2,negexp,2,True,128,30,100,24,10,1,4,206.15297287190333,0.7791444613010724,0.667687595712098,206.34593663387932,22.360679774997898
103,500,2.1,1.0,5,10,0.3,1.0,0.7,inverse,4,True,128,30,100,24,10,1,4,172.79016192397103,0.8590513889870643,0.5349301397205589,172.81275005592033,22.360679774997898
104,500,2.1,1.0,5,10,0.3,1.0,0.6,inverse,3,True,128,30,100,24,10,1,4,192.51409499300644,0.8673104434907011,0.5598227474150664,192.53267264505848,22.360679774997898
105,500,2.5,1.0,12,100,0.75,1.0,0.5,inverse,1,True,128,30,100,24,10,1,4,194.61866246606223,0.8215543767316877,0.5691158156911582,194.65090493299067,22.360679774997898
106,500,2.5,1.0,12,100,0.75,1.0,0.4,inverse,5,True,128,30,100,24,10,1,4,200.89489058800973,0.8388280100002334,0.5020576131687243,201.16845393180847,22.360679774997898
107,500,2.5,1.0,12,100,0.75,1.0,0.2,logistic,3,True,128,30,100,24,10,1,4,203.47931605717167,0.5076200602516392,0.5047318611987381,203.5126705369912,22.360679774997898
108,500,2.9,1.0,5,10,0.3,1.0,0.8,inverse,4,True,128,30,100,24,10,1,4,125.51894363784231,0.8167293233082707,0.5642633228840125,125.53024832997471,22.360679774997898
109,500,2.1,1.0,5,10,0.1,1.0,0.3,inverse,5,True,128,30,100,24,10,1,4,90.94675693288445,0.792965148441822,0.5301418439716312,90.96641806093976,22.360679774997898
110,500,2.5,1.0,12,100,0.75,1.0,0.3,logistic,5,True,128,30,100,24,10,1,4,195.66593586094677,0.5006134216660532,0.46714031971580816,195.78309377492405,22.360679774997898
111,500,2.1,1.0,5,10,0.3,1.0,0.5,negexp,1,True,128,30,100,24,10,1,4,180.8664114230778,0.8478876173205578,0.7508813160987075,180.89468312519602,22.360679774997898
112,500,2.9,1.0,5,10,0.1,1.0,0.95,negexp,1,True,128,30,100,24,10,1,4,177.38910850090906,0.7495274102079396,0.6956521739130435,177.39429211383685,22.360679774997898
113,500,2.9,1.0,5,10,0.1,1.0,0.95,inverse,2,True,128,30,100,24,10,1,4,187.08600735105574,0.8336713995943205,0.5670103092783505,187.09152272017673,22.360679774997898
114,500,2.9,1.0,5,10,0.1,1.0,0.95,logistic,1,True,128,30,100,24,10,1,4,185.34017037181184,0.5,0.47435897435897434,185.3452131790109,22.360679774997898
115,500,2.1,1.0,5,10,0.3,1.0,0.4,logistic,5,True,128,30,100,24,10,1,4,204.8844613849651,0.5143211027299761,0.48105263157894734,204.91035569482483,22.360679774997898
116,500,2.9,1.0,5,10,0.1,1.0,0.8,inverse,3,True,128,30,100,24,10,1,4,193.41324395197444,0.8080482897384306,0.5314465408805031,193.43851404404268,22.360679774997898
117,500,2.1,1.0,5,10,0.3,1.0,0.8,inverse,5,True,128,30,100,24,10,1,4,89.34417439508252,0.8008312793001787,0.564935064935065,89.35101588699035,22.360679774997898
118,500,2.9,1.0,5,10,0.1,1.0,0.9,negexp,1,True,128,30,100,24,10,1,4,192.4172861489933,0.8044427324088341,0.717391304347826,192.42797676986083,22.360679774997898
119,500,2.1,1.0,5,10,0.3,1.0,0.8,inverse,3,True,128,30,100,24,10,1,4,202.38503244705498,0.8488733488733489,0.5765472312703583,202.39674467919394,22.360679774997898
120,500,2.9,1.0,5,10,0.1,1.0,0.7,logistic,3,True,128,30,100,24,10,1,4,204.0384855850134,0.5,0.46311475409836067,204.08545031701215,22.360679774997898
121,500,2.1,1.0,5,10,0.3,1.0,0.8,inverse,4,True,128,30,100,24,10,1,4,162.4614480379969,0.8271679197994988,0.580327868852459,162.47553152800538,22.360679774997898
122,500,2.1,1.0,5,10,0.3,1.0,0.7,logistic,5,True,128,30,100,24,10,1,4,200.51988238515332,0.5,0.4841897233201581,200.6133120241575,22.360679774997898
123,500,2.5,1.0,12,100,0.75,1.0,0.5,inverse,5,True,128,30,100,24,10,1,4,202.27967711398378,0.8404511995637949,0.5279805352798054,202.3764459178783,22.360679774997898
124,500,2.9,1.0,5,10,0.1,1.0,0.8,inverse,2,True,128,30,100,24,10,1,4,192.61553213815205,0.8335543766578248,0.5934718100890207,192.62752389814705,22.360679774997898
125,500,2.9,1.0,5,10,0.1,1.0,0.7,negexp,3,True,128,30,100,24,10,1,4,198.19775824295357,0.8551196865150353,0.7680525164113785,198.24044182896614,22.360679774997898
126,500,2.1,1.0,5,10,0.3,1.0,0.5,negexp,5,True,128,30,100,24,10,1,4,185.1014955828432,0.8525201459882918,0.7621359223300971,185.12884038500488,22.360679774997898
127,500,2.5,1.0,12,100,0.75,1.0,0.5,logistic,1,True,128,30,100,24,10,1,4,191.98384846397676,0.5060118497907098,0.5005847953216375,192.00852986588143,22.360679774997898
128,500,2.1,1.0,5,10,0.3,1.0,0.7,negexp,3,True,128,30,100,24,10,1,4,189.54994053090923,0.8746440212729456,0.7524557956777996,189.59208539803512,22.360679774997898
129,500,2.1,1.0,5,10,0.75,1.0,0.1,negexp,1,True,128,30,100,24,10,1,4,90.56371944583952,0.6998700206097458,0.5991590749824808,90.5903029658366,22.360679774997898
130,500,2.1,1.0,5,10,0.3,1.0,0.5,logistic,5,True,128,30,100,24,10,1,4,192.24831626797095,0.5016651172267999,0.49575757575757573,192.30964962695725,22.360679774997898
131,500,2.1,1.0,5,10,0.3,1.0,0.6,inverse,5,True,128,30,100,24,10,1,4,200.07199904415756,0.8559025262039318,0.5220228384991843,200.09200167818926,22.360679774997898
132,500,2.1,1.0,5,10,0.3,1.0,0.7,inverse,5,True,128,30,100,24,10,1,4,195.09313330915757,0.8277305945091843,0.5690021231422505,195.13917894801125,22.360679774997898
133,500,2.5,1.0,12,100,0.75,1.0,0.3,negexp,3,True,128,30,100,24,10,1,4,199.55716541595757,0.7980109560453892,0.7020725388601037,199.594185577007,22.360679774997898
134,500,2.1,1.0,5,10,0.3,1.0,0.5,logistic,3,True,128,30,100,24,10,1,4,194.68612053105608,0.5072512190119552,0.4839901477832512,194.70904728700407,22.360679774997898
135,500,2.9,1.0,5,10,0.1,1.0,0.95,inverse,3,True,128,30,100,24,10,1,4,191.84422181197442,0.8152173913043478,0.6442307692307693,191.8502482920885,22.360679774997898
136,500,2.9,1.0,5,10,0.1,1.0,0.7,inverse,4,True,128,30,100,24,10,1,4,208.48252717405558,0.8510851760851761,0.5481171548117155,208.49868336785585,22.360679774997898
137,500,2.5,1.0,12,100,0.75,1.0,0.2,inverse,5,True,128,30,100,24,10,1,4,209.99878973397426,0.7790403784594189,0.5003802281368821,210.0483185451012,22.360679774997898
138,500,2.5,1.0,12,100,0.75,1.0,0.3,inverse,5,True,128,30,100,24,10,1,4,197.01165285892785,0.8139017428459182,0.5308641975308642,197.28269235696644,22.360679774997898
139,500,2.9,1.0,5,10,0.3,1.0,0.0,inverse,1,True,128,30,100,24,10,1,4,197.3893408300355,0.48619819148716037,0.49162011173184356,197.61917055398226,22.360679774997898
140,500,2.1,1.0,5,10,0.3,1.0,0.7,inverse,3,True,128,30,100,24,10,1,4,201.70381793007255,0.8441077029614241,0.5835140997830802,201.736696847016,22.360679774997898
141,500,2.1,1.0,5,10,0.3,1.0,0.4,negexp,4,True,128,30,100,24,10,1,4,197.41171846282668,0.8189707957298404,0.7362637362637363,197.4445709339343,22.360679774997898
142,500,2.5,1.0,12,100,0.75,1.0,0.3,logistic,4,True,128,30,100,24,10,1,4,180.0244918889366,0.5013828198462305,0.4973214285714286,180.0541556829121,22.360679774997898
143,500,2.5,1.0,12,100,0.75,1.0,0.3,inverse,2,True,128,30,100,24,10,1,4,198.23590729292482,0.783936118515028,0.5263628239499554,198.56263309996575,22.360679774997898
144,500,2.5,1.0,12,100,0.75,1.0,0.3,negexp,4,True,128,30,100,24,10,1,4,200.6118302301038,0.7860993283845882,0.6980108499095841,200.82705096993595,22.360679774997898
145,500,2.5,1.0,12,100,0.75,1.0,0.3,logistic,2,True,128,30,100,24,10,1,4,169.05119270691648,0.4980706125425377,0.49475524475524474,169.13944028993137,22.360679774997898
146,500,2.9,1.0,5,10,0.1,1.0,0.9,logistic,2,True,128,30,100,24,10,1,4,179.77659020898864,0.5,0.5182926829268293,179.78541553998366,22.360679774997898
147,500,2.9,1.0,5,10,0.1,1.0,0.95,logistic,3,True,128,30,100,24,10,1,4,162.66518955491483,0.5,0.5119047619047619,162.67118674097583,22.360679774997898
148,500,2.1,1.0,5,10,0.3,1.0,0.5,inverse,1,True,128,30,100,24,10,1,4,204.99925937596709,0.8455284552845528,0.5306122448979592,205.11203638394363,22.360679774997898
149,500,2.5,1.0,12,100,0.75,1.0,0.4,logistic,1,True,128,30,100,24,10,1,4,189.92567546316423,0.5030006402568241,0.5045592705167173,189.9522372451611,22.360679774997898
150,500,2.5,1.0,12,100,0.75,1.0,0.5,negexp,3,True,128,30,100,24,10,1,4,206.3052842959296,0.8619808698495749,0.7655086848635235,206.4191219820641,22.360679774997898
151,500,2.9,1.0,5,10,0.1,1.0,0.9,negexp,4,True,128,30,100,24,10,1,4,181.058524599066,0.8822629969418961,0.7361963190184049,181.06713040801696,22.360679774997898
152,500,2.9,1.0,5,10,0.1,1.0,0.7,negexp,1,True,128,30,100,24,10,1,4,206.24931814102456,0.8392176092404925,0.7403651115618661,206.2679358269088,22.360679774997898
153,500,2.5,1.0,12,100,0.75,1.0,0.2,logistic,4,True,128,30,100,24,10,1,4,206.36096541793086,0.5022645676516246,0.51430781129157,206.4002882009372,22.360679774997898
154,500,2.1,1.0,5,10,0.3,1.0,0.7,logistic,1,True,128,30,100,24,10,1,4,148.77762907906435,0.5,0.5264270613107822,148.82812127796933,22.360679774997898
155,500,2.5,1.0,12,100,0.75,1.0,0.4,negexp,2,True,128,30,100,24,10,1,4,204.48502435395494,0.8199490437429686,0.7349397590361446,204.61884508398362,22.360679774997898
156,500,2.5,1.0,12,100,0.75,1.0,0.4,negexp,3,True,128,30,100,24,10,1,4,204.13975263899192,0.8291080086453647,0.7448132780082988,204.26939279586077,22.360679774997898
157,500,2.1,1.0,5,10,0.3,1.0,0.4,negexp,1,True,128,30,100,24,10,1,4,210.04847560706548,0.8426495209420768,0.734504132231405,210.11846219701692,22.360679774997898
158,500,2.1,1.0,5,10,0.3,1.0,0.7,negexp,4,True,128,30,100,24,10,1,4,200.49032261199318,0.832545960594741,0.7484909456740443,200.53181974985637,22.360679774997898
159,500,2.5,1.0,12,100,0.75,1.0,0.5,negexp,4,True,128,30,100,24,10,1,4,180.13932430092245,0.8235657215779837,0.7291925465838509,180.25230811093934,22.360679774997898
160,500,2.5,1.0,12,100,0.75,1.0,0.6,inverse,2,True,128,30,100,24,10,1,4,205.11463259486482,0.8618274697206889,0.5635528330781011,205.13386459904723,22.360679774997898
161,500,2.9,1.0,5,10,0.1,1.0,0.95,negexp,2,True,128,30,100,24,10,1,4,148.99415692291223,0.7616191904047976,0.691358024691358,149.00053620082326,22.360679774997898
162,500,2.1,1.0,5,10,0.3,1.0,0.4,logistic,2,True,128,30,100,24,10,1,4,208.88136760890484,0.5044500129612028,0.48659384309831183,209.0130650459323,22.360679774997898
163,500,2.9,1.0,5,10,0.1,1.0,0.8,logistic,4,True,128,30,100,24,10,1,4,191.26595614408143,0.5,0.49085365853658536,191.28050606907345,22.360679774997898
164,500,2.9,1.0,5,10,0.1,1.0,0.8,inverse,5,True,128,30,100,24,10,1,4,181.07382695213892,0.8557245192911901,0.5365853658536586,181.1373927781824,22.360679774997898
165,500,2.1,1.0,5,10,0.3,1.0,0.4,logistic,3,True,128,30,100,24,10,1,4,208.25836610700935,0.5031824161980666,0.5413135593220338,208.28335448517464,22.360679774997898
166,1000,2.1,1.0,5,10,0.1,0.0,0.0,inverse,1,True,128,30,100,24,10,1,4,114.91388809704222,0.44870601975140695,0.48120300751879697,114.93135259789415,31.622776601683793
167,500,2.5,1.0,12,100,0.75,1.0,0.4,logistic,2,True,128,30,100,24,10,1,4,178.54950591316447,0.4995285071811983,0.4815595363540569,178.5753390020691,22.360679774997898
168,500,2.1,1.0,5,10,0.3,1.0,0.6,logistic,1,True,128,30,100,24,10,1,4,158.23861370887607,0.5067377312952533,0.5089285714285714,158.27769058407284,22.360679774997898
169,500,2.1,1.0,5,10,0.3,1.0,0.7,inverse,1,True,128,30,100,24,10,1,4,174.07999190385453,0.8751657092355279,0.5835294117647059,174.1423697778955,22.360679774997898
170,500,2.9,1.0,5,10,0.1,1.0,0.8,negexp,1,True,128,30,100,24,10,1,4,195.49931187881157,0.8384778911564627,0.7360248447204969,195.52422415395267,22.360679774997898
171,500,2.9,1.0,5,10,0.1,1.0,0.95,negexp,3,True,128,30,100,24,10,1,4,193.27423866116442,0.7319223985890653,0.6133333333333333,193.2797399039846,22.360679774997898
172,500,2.9,1.0,5,10,0.1,1.0,0.9,inverse,1,True,128,30,100,24,10,1,4,179.6235206029378,0.7970275066548359,0.5138888888888888,179.63028058083728,22.360679774997898
173,500,2.1,1.0,5,10,0.3,1.0,0.6,logistic,4,True,128,30,100,24,10,1,4,192.35296693700366,0.5020080321285141,0.5070224719101124,192.42813332914375,22.360679774997898
174,500,2.1,1.0,5,10,0.3,1.0,0.7,negexp,2,True,128,30,100,24,10,1,4,191.85465329699218,0.8541013071895424,0.7788461538461539,191.89611664204858,22.360679774997898
175,500,2.9,1.0,5,10,0.1,1.0,0.9,inverse,2,True,128,30,100,24,10,1,4,147.14775619097054,0.8371010638297872,0.5774647887323944,147.1559011838399,22.360679774997898
176,500,2.1,1.0,5,10,0.3,1.0,0.4,negexp,5,True,128,30,100,24,10,1,4,198.66365223191679,0.834086003181095,0.735655737704918,198.88364838203415,22.360679774997898
177,500,2.1,1.0,5,10,0.3,1.0,0.7,logistic,3,True,128,30,100,24,10,1,4,180.61676123412326,0.5094140593901759,0.5021008403361344,180.635576243978,22.360679774997898
178,500,2.5,1.0,12,100,0.75,1.0,0.2,negexp,4,True,128,30,100,24,10,1,4,198.2657617391087,0.7590117709545642,0.6396946564885496,198.47186675900593,22.360679774997898
179,500,2.5,1.0,12,100,0.75,1.0,0.5,negexp,5,True,128,30,100,24,10,1,4,194.78232982102782,0.8357299195765042,0.7661388550548112,194.86039647110738,22.360679774997898
180,500,2.1,1.0,5,10,0.3,1.0,0.6,negexp,5,True,128,30,100,24,10,1,4,194.98600563313812,0.8590161659612849,0.7544426494345718,195.08131422800943,22.360679774997898
181,500,2.5,1.0,12,100,0.75,1.0,0.4,inverse,2,True,128,30,100,24,10,1,4,176.30296420119703,0.8324217974404794,0.5642857142857143,176.45365482615307,22.360679774997898
182,500,2.5,1.0,12,100,0.75,1.0,0.3,logistic,3,True,128,30,100,24,10,1,4,191.09794282517396,0.5020007708749431,0.4916151809355693,191.1272232590709,22.360679774997898
183,500,2.5,1.0,12,100,0.75,1.0,0.6,inverse,1,True,128,30,100,24,10,1,4,196.40129010891542,0.8552871633948772,0.5843071786310517,196.41968858102337,22.360679774997898
184,500,2.9,1.0,5,10,0.1,1.0,0.8,negexp,5,True,128,30,100,24,10,1,4,190.01645170198753,0.8477184466019417,0.7557755775577558,190.02912219497375,22.360679774997898
185,500,2.9,1.0,5,10,0.1,1.0,0.7,logistic,4,True,128,30,100,24,10,1,4,204.4625778440386,0.5035460992907801,0.49213483146067416,204.47591035603546,22.360679774997898
186,500,2.5,1.0,12,100,0.75,1.0,0.4,inverse,3,True,128,30,100,24,10,1,4,202.62293716799468,0.818817136675807,0.510548523206751,202.7397204390727,22.360679774997898
187,500,2.1,1.0,5,10,0.3,1.0,0.6,inverse,2,True,128,30,100,24,10,1,4,195.33242628606968,0.8541532388011602,0.5606060606060606,195.353173059877,22.360679774997898
