N,t1,mu,pfi,auroc
10000,4.0,0.1,0.0,0.46797251429332043
10000,4.0,0.1,0.049999999999999996,0.30870656746704184
10000,4.0,0.1,0.09999999999999999,0.2734674033582586
10000,4.0,0.1,0.15,0.28953274989004174
10000,4.0,0.1,0.19999999999999998,0.37810465751038647
10000,4.0,0.1,0.24999999999999997,0.5232192310355673
10000,4.0,0.1,0.3,0.6164371089746715
10000,4.0,0.1,0.35,0.6898060831260182
10000,4.0,0.1,0.39999999999999997,0.7405500667797218
10000,4.0,0.1,0.44999999999999996,0.7899510868324074
10000,4.0,0.1,0.49999999999999994,0.8385794918959965
10000,4.0,0.1,0.5499999999999999,0.8583310403866492
10000,4.0,0.1,0.6,0.8857629505309337
10000,4.0,0.1,0.6499999999999999,0.8992811781912748
10000,4.0,0.1,0.7,0.9228706331355915
10000,4.0,0.1,0.7499999999999999,0.9290652261026747
10000,4.0,0.1,0.7999999999999999,0.9386049290700412
10000,4.0,0.1,0.85,0.9495672662584327
10000,4.0,0.1,0.8999999999999999,0.9523661920648541
10000,4.0,0.1,0.95,0.9526978673540132
100,2.1,0.1,0.0,0.251073369048976
100,2.1,0.1,0.049999999999999996,0.8334248697366569
100,2.1,0.1,0.09999999999999999,0.7345150647410359
100,2.1,0.1,0.15,0.5445671695402299
100,2.1,0.1,0.19999999999999998,0.8564922289986229
100,2.1,0.1,0.24999999999999997,0.8718910256410257
100,2.1,0.1,0.3,0.8396458567378161
100,2.1,0.1,0.35,0.8881809540782986
100,2.1,0.1,0.39999999999999997,0.8802856147683734
100,2.1,0.1,0.44999999999999996,0.9110360360360361
100,2.1,0.1,0.49999999999999994,0.8936740262962044
100,2.1,0.1,0.5499999999999999,0.9077496505668583
100,2.1,0.1,0.6,0.9361623067776457
100,2.1,0.1,0.6499999999999999,0.9117092020129401
100,2.1,0.1,0.7,0.9441125713527148
100,2.1,0.1,0.7499999999999999,0.95324200913242
100,2.1,0.1,0.7999999999999999,0.9495252373813093
100,2.1,0.1,0.85,0.9324242424242424
100,2.1,0.1,0.8999999999999999,0.9104000000000001
100,2.1,0.1,0.95,0.9696969696969697
10000,2.1,0.5,0.0,0.5111291227219511
10000,2.1,0.5,0.049999999999999996,0.6327986412517005
10000,2.1,0.5,0.09999999999999999,0.6417635638409547
10000,2.1,0.5,0.15,0.644672327159044
10000,2.1,0.5,0.19999999999999998,0.6659683142767774
10000,2.1,0.5,0.24999999999999997,0.6927189097950174
10000,2.1,0.5,0.3,0.7008745269598395
10000,2.1,0.5,0.35,0.7355108972490274
10000,2.1,0.5,0.39999999999999997,0.749031586745017
10000,2.1,0.5,0.44999999999999996,0.7736944088910931
10000,2.1,0.5,0.49999999999999994,0.7811792744039717
10000,2.1,0.5,0.5499999999999999,0.7976108142758211
10000,2.1,0.5,0.6,0.812378686592282
10000,2.1,0.5,0.6499999999999999,0.8191136934307457
10000,2.1,0.5,0.7,0.8395862509564824
10000,2.1,0.5,0.7499999999999999,0.8451273373386055
10000,2.1,0.5,0.7999999999999999,0.8524570023043798
10000,2.1,0.5,0.85,0.8587372988356536
10000,2.1,0.5,0.8999999999999999,0.8687676727317433
10000,2.1,0.5,0.95,0.8761633117748227
10000,2.1,0.1,0.0,0.5029956739946766
10000,2.1,0.1,0.049999999999999996,0.7054581411655257
10000,2.1,0.1,0.09999999999999999,0.7659137777766873
10000,2.1,0.1,0.15,0.8062475047715658
10000,2.1,0.1,0.19999999999999998,0.8391581901084574
10000,2.1,0.1,0.24999999999999997,0.8613094155233851
10000,2.1,0.1,0.3,0.8917303726507102
10000,2.1,0.1,0.35,0.9102931974433562
10000,2.1,0.1,0.39999999999999997,0.9180791341949689
10000,2.1,0.1,0.44999999999999996,0.9294781120634654
10000,2.1,0.1,0.49999999999999994,0.941498561914764
10000,2.1,0.1,0.5499999999999999,0.9528106543211201
10000,2.1,0.1,0.6,0.9608739696432858
10000,2.1,0.1,0.6499999999999999,0.968276308420535
10000,2.1,0.1,0.7,0.974376379838354
10000,2.1,0.1,0.7499999999999999,0.97699257203074
10000,2.1,0.1,0.7999999999999999,0.9797705444655065
10000,2.1,0.1,0.85,0.981156696588175
10000,2.1,0.1,0.8999999999999999,0.9823673282429554
10000,2.1,0.1,0.95,0.9852023348355523
10000,2.7,0.3,0.0,0.47890253996236953
10000,2.7,0.3,0.049999999999999996,0.5068741344352885
10000,2.7,0.3,0.09999999999999999,0.47227798191765735
10000,2.7,0.3,0.15,0.4573767676108086
10000,2.7,0.3,0.19999999999999998,0.4695469586240894
10000,2.7,0.3,0.24999999999999997,0.47144576693067264
10000,2.7,0.3,0.3,0.5000978952722783
10000,2.7,0.3,0.35,0.533987587783579
10000,2.7,0.3,0.39999999999999997,0.5710363034707817
10000,2.7,0.3,0.44999999999999996,0.6125646554334494
10000,2.7,0.3,0.49999999999999994,0.6483682419973339
10000,2.7,0.3,0.5499999999999999,0.6866491895303368
10000,2.7,0.3,0.6,0.7178109115655238
10000,2.7,0.3,0.6499999999999999,0.749743253271755
10000,2.7,0.3,0.7,0.7665085400138165
10000,2.7,0.3,0.7499999999999999,0.7890908695771507
10000,2.7,0.3,0.7999999999999999,0.8145654563482826
10000,2.7,0.3,0.85,0.8306494470675356
10000,2.7,0.3,0.8999999999999999,0.8388033941206774
10000,2.7,0.3,0.95,0.8517299008638116
1000,2.1,0.1,0.0,0.4276186536537139
1000,2.1,0.1,0.049999999999999996,0.7375689658641512
1000,2.1,0.1,0.09999999999999999,0.8202190591657039
1000,2.1,0.1,0.15,0.820325249552186
1000,2.1,0.1,0.19999999999999998,0.8525631742333579
1000,2.1,0.1,0.24999999999999997,0.8895495313381877
1000,2.1,0.1,0.3,0.908246415781414
1000,2.1,0.1,0.35,0.9193877643288364
1000,2.1,0.1,0.39999999999999997,0.9298855122365035
1000,2.1,0.1,0.44999999999999996,0.9302917226639988
1000,2.1,0.1,0.49999999999999994,0.9386016546346303
1000,2.1,0.1,0.5499999999999999,0.9476523914155622
1000,2.1,0.1,0.6,0.9548089667651118
1000,2.1,0.1,0.6499999999999999,0.9554544850986406
1000,2.1,0.1,0.7,0.9664701007614784
1000,2.1,0.1,0.7499999999999999,0.9608578994097883
1000,2.1,0.1,0.7999999999999999,0.961191555443633
1000,2.1,0.1,0.85,0.9706351758554567
1000,2.1,0.1,0.8999999999999999,0.9597723704866562
1000,2.1,0.1,0.95,0.9537730243612597
500,2.1,0.1,0.0,0.4875753060177247
500,2.1,0.1,0.049999999999999996,0.5937986199511023
500,2.1,0.1,0.09999999999999999,0.730709099997086
500,2.1,0.1,0.15,0.777361807699859
500,2.1,0.1,0.19999999999999998,0.8091750841750842
500,2.1,0.1,0.24999999999999997,0.8399998370247235
500,2.1,0.1,0.3,0.8612543984082829
500,2.1,0.1,0.35,0.8996648042267872
500,2.1,0.1,0.39999999999999997,0.902132209773692
500,2.1,0.1,0.44999999999999996,0.9075989628870331
500,2.1,0.1,0.49999999999999994,0.9309589569969114
500,2.1,0.1,0.5499999999999999,0.9158349660697473
500,2.1,0.1,0.6,0.9283319420119053
500,2.1,0.1,0.6499999999999999,0.9444817800161127
500,2.1,0.1,0.7,0.9428267657192076
500,2.1,0.1,0.7499999999999999,0.957776395116823
500,2.1,0.1,0.7999999999999999,0.9474237235367373
500,2.1,0.1,0.85,0.9586735819907306
500,2.1,0.1,0.8999999999999999,0.9631611491628616
500,2.1,0.1,0.95,0.9832535885167464
10000,2.1,0.2,0.0,0.5027606878147222
10000,2.1,0.2,0.049999999999999996,0.7034124997707725
10000,2.1,0.2,0.09999999999999999,0.7461935263418282
10000,2.1,0.2,0.15,0.7725749311699568
10000,2.1,0.2,0.19999999999999998,0.8075277063630012
10000,2.1,0.2,0.24999999999999997,0.8262709363729183
10000,2.1,0.2,0.3,0.840900910413401
10000,2.1,0.2,0.35,0.8620951553124485
10000,2.1,0.2,0.39999999999999997,0.8720432976173708
10000,2.1,0.2,0.44999999999999996,0.884803898940848
10000,2.1,0.2,0.49999999999999994,0.9006208345611175
10000,2.1,0.2,0.5499999999999999,0.9114852069778995
10000,2.1,0.2,0.6,0.9208251056659594
10000,2.1,0.2,0.6499999999999999,0.9303269512399495
10000,2.1,0.2,0.7,0.9379467232393873
10000,2.1,0.2,0.7499999999999999,0.9418251355441976
10000,2.1,0.2,0.7999999999999999,0.9511618708287886
10000,2.1,0.2,0.85,0.9518236376379884
10000,2.1,0.2,0.8999999999999999,0.9522068278427519
10000,2.1,0.2,0.95,0.9624472836172739
10000,2.1,0.4,0.0,0.5021090252579336
10000,2.1,0.4,0.049999999999999996,0.6504072857275564
10000,2.1,0.4,0.09999999999999999,0.6637962664140143
10000,2.1,0.4,0.15,0.678819290285033
10000,2.1,0.4,0.19999999999999998,0.702126153158974
10000,2.1,0.4,0.24999999999999997,0.7147623407804937
10000,2.1,0.4,0.3,0.730770905619375
10000,2.1,0.4,0.35,0.7571841576234601
10000,2.1,0.4,0.39999999999999997,0.7714570962548973
10000,2.1,0.4,0.44999999999999996,0.7871019103549273
10000,2.1,0.4,0.49999999999999994,0.805583933842693
10000,2.1,0.4,0.5499999999999999,0.8167403414186503
10000,2.1,0.4,0.6,0.8310894726133825
10000,2.1,0.4,0.6499999999999999,0.8486929378886721
10000,2.1,0.4,0.7,0.8586870674538686
10000,2.1,0.4,0.7499999999999999,0.8727872975549622
10000,2.1,0.4,0.7999999999999999,0.8797654273174573
10000,2.1,0.4,0.85,0.8809578214947495
10000,2.1,0.4,0.8999999999999999,0.890567200557103
10000,2.1,0.4,0.95,0.8965606725340096
10000,2.1,0.3,0.0,0.4940545454774143
10000,2.1,0.3,0.049999999999999996,0.6603099429793619
10000,2.1,0.3,0.09999999999999999,0.6987987491801084
10000,2.1,0.3,0.15,0.7229093939241615
10000,2.1,0.3,0.19999999999999998,0.7442364073394958
10000,2.1,0.3,0.24999999999999997,0.76122854045621
10000,2.1,0.3,0.3,0.779197858905947
10000,2.1,0.3,0.35,0.8036688050025944
10000,2.1,0.3,0.39999999999999997,0.8162454196318857
10000,2.1,0.3,0.44999999999999996,0.8327696543588999
10000,2.1,0.3,0.49999999999999994,0.843148195054452
10000,2.1,0.3,0.5499999999999999,0.858731319562462
10000,2.1,0.3,0.6,0.8697031392910127
10000,2.1,0.3,0.6499999999999999,0.8821973557238691
10000,2.1,0.3,0.7,0.8931979105679158
10000,2.1,0.3,0.7499999999999999,0.9061466823054364
10000,2.1,0.3,0.7999999999999999,0.9099463958600517
10000,2.1,0.3,0.85,0.9149022805983952
10000,2.1,0.3,0.8999999999999999,0.9254015906645153
10000,2.1,0.3,0.95,0.9394612459575677
5000,2.1,0.1,0.0,0.4901503896271676
5000,2.1,0.1,0.049999999999999996,0.6883660943994806
5000,2.1,0.1,0.09999999999999999,0.7422326126857767
5000,2.1,0.1,0.15,0.7980595435764445
5000,2.1,0.1,0.19999999999999998,0.828626290247322
5000,2.1,0.1,0.24999999999999997,0.8499062428160025
5000,2.1,0.1,0.3,0.871298550606583
5000,2.1,0.1,0.35,0.8896038926274924
5000,2.1,0.1,0.39999999999999997,0.9092605336108253
5000,2.1,0.1,0.44999999999999996,0.9233670316869578
5000,2.1,0.1,0.49999999999999994,0.9365472865484468
5000,2.1,0.1,0.5499999999999999,0.9463920105524952
5000,2.1,0.1,0.6,0.9522087242051491
5000,2.1,0.1,0.6499999999999999,0.9610476768418784
5000,2.1,0.1,0.7,0.9655826340353941
5000,2.1,0.1,0.7499999999999999,0.9712010791987302
5000,2.1,0.1,0.7999999999999999,0.9725413518865285
5000,2.1,0.1,0.85,0.9751957313360272
5000,2.1,0.1,0.8999999999999999,0.9774581989069107
5000,2.1,0.1,0.95,0.9710145885234598
10000,4.0,0.1,0.0,0.5278595317130875
10000,4.0,0.1,0.049999999999999996,0.33052178544202504
10000,4.0,0.1,0.09999999999999999,0.2585278732430994
10000,4.0,0.1,0.15,0.293085902087047
10000,4.0,0.1,0.19999999999999998,0.38952192708046074
10000,4.0,0.1,0.24999999999999997,0.5072819389355814
10000,4.0,0.1,0.3,0.6213401585998221
10000,4.0,0.1,0.35,0.6940227400972825
10000,4.0,0.1,0.39999999999999997,0.7486584579072637
10000,4.0,0.1,0.44999999999999996,0.7967319523413099
10000,4.0,0.1,0.49999999999999994,0.8373887489280355
10000,4.0,0.1,0.5499999999999999,0.8684648275775225
10000,4.0,0.1,0.6,0.8832287298868545
10000,4.0,0.1,0.6499999999999999,0.9005558047589739
10000,4.0,0.1,0.7,0.9153986391515065
10000,4.0,0.1,0.7499999999999999,0.9296927259777936
10000,4.0,0.1,0.7999999999999999,0.9332981371879485
10000,4.0,0.1,0.85,0.9468845696541857
10000,4.0,0.1,0.8999999999999999,0.9512994326944262
10000,4.0,0.1,0.95,0.9549639801261953
10000,4.0,0.1,0.0,0.5498583412846488
10000,4.0,0.1,0.049999999999999996,0.31720116054668185
10000,4.0,0.1,0.09999999999999999,0.25958525168974134
10000,4.0,0.1,0.15,0.2913706202279538
10000,4.0,0.1,0.19999999999999998,0.37599025280706877
10000,4.0,0.1,0.24999999999999997,0.5132595488157007
10000,4.0,0.1,0.3,0.629509897217326
10000,4.0,0.1,0.35,0.696950552984174
10000,4.0,0.1,0.39999999999999997,0.7432526717766865
10000,4.0,0.1,0.44999999999999996,0.7946173048285905
10000,4.0,0.1,0.49999999999999994,0.832605994144104
10000,4.0,0.1,0.5499999999999999,0.8690258478962958
10000,4.0,0.1,0.6,0.8773533745559957
10000,4.0,0.1,0.6499999999999999,0.9109041332027316
10000,4.0,0.1,0.7,0.9150603229682244
10000,4.0,0.1,0.7499999999999999,0.9319391666798794
10000,4.0,0.1,0.7999999999999999,0.9366916416763489
10000,4.0,0.1,0.85,0.942195339994082
10000,4.0,0.1,0.8999999999999999,0.9557357506648061
10000,4.0,0.1,0.95,0.9579521251906372
10000,4.0,0.1,0.0,0.5042802777612204
10000,4.0,0.1,0.049999999999999996,0.35108021024183883
10000,4.0,0.1,0.09999999999999999,0.2571502568052325
10000,4.0,0.1,0.15,0.2803361389340131
10000,4.0,0.1,0.19999999999999998,0.37754791568699814
10000,4.0,0.1,0.24999999999999997,0.5014286336005235
10000,4.0,0.1,0.3,0.6203269819986312
10000,4.0,0.1,0.35,0.6841288530598959
10000,4.0,0.1,0.39999999999999997,0.7522543927234424
10000,4.0,0.1,0.44999999999999996,0.7894204291012733
10000,4.0,0.1,0.49999999999999994,0.8257293504589929
10000,4.0,0.1,0.5499999999999999,0.8563262266108507
10000,4.0,0.1,0.6,0.8920690085762968
10000,4.0,0.1,0.6499999999999999,0.9017571245532893
10000,4.0,0.1,0.7,0.9191072279572513
10000,4.0,0.1,0.7499999999999999,0.9334262461976254
10000,4.0,0.1,0.7999999999999999,0.938412363942238
10000,4.0,0.1,0.85,0.9438307619073927
10000,4.0,0.1,0.8999999999999999,0.9530791942345631
10000,4.0,0.1,0.95,0.9571740539862247
10000,4.0,0.1,0.0,0.5056858174788811
10000,4.0,0.1,0.049999999999999996,0.34913161052516756
10000,4.0,0.1,0.09999999999999999,0.25954802253555365
10000,4.0,0.1,0.15,0.28524340548610916
10000,4.0,0.1,0.19999999999999998,0.39030640048876475
10000,4.0,0.1,0.24999999999999997,0.501611025180911
10000,4.0,0.1,0.3,0.6028719686707601
10000,4.0,0.1,0.35,0.6742013331762878
10000,4.0,0.1,0.39999999999999997,0.7694518611302101
10000,4.0,0.1,0.44999999999999996,0.8016154661804432
10000,4.0,0.1,0.49999999999999994,0.8282688306007053
10000,4.0,0.1,0.5499999999999999,0.8612957858754073
10000,4.0,0.1,0.6,0.8869796210816334
10000,4.0,0.1,0.6499999999999999,0.900155417740893
10000,4.0,0.1,0.7,0.914418730769048
10000,4.0,0.1,0.7499999999999999,0.9310279384379999
10000,4.0,0.1,0.7999999999999999,0.9379162919747506
10000,4.0,0.1,0.85,0.9453988082817464
10000,4.0,0.1,0.8999999999999999,0.9587162771091343
10000,4.0,0.1,0.95,0.9556022783961039
100,2.1,0.1,0.0,0.6484225591144547
100,2.1,0.1,0.049999999999999996,0.8081594873620506
100,2.1,0.1,0.09999999999999999,0.8689673639112903
100,2.1,0.1,0.15,0.8419965277777778
100,2.1,0.1,0.19999999999999998,0.8111060582094274
100,2.1,0.1,0.24999999999999997,0.8301082725605119
100,2.1,0.1,0.3,0.8539132806108537
100,2.1,0.1,0.35,0.853846620004242
100,2.1,0.1,0.39999999999999997,0.8930395913154534
100,2.1,0.1,0.44999999999999996,0.8883893260064111
100,2.1,0.1,0.49999999999999994,0.9073009485484335
100,2.1,0.1,0.5499999999999999,0.903775659824047
100,2.1,0.1,0.6,0.9291348709594445
100,2.1,0.1,0.6499999999999999,0.9107033639143731
100,2.1,0.1,0.7,0.9492181069958847
100,2.1,0.1,0.7499999999999999,0.9340639269406392
100,2.1,0.1,0.7999999999999999,0.9563193698532045
100,2.1,0.1,0.85,0.9318181818181818
100,2.1,0.1,0.8999999999999999,0.9343715239154616
100,2.1,0.1,0.95,0.9230769230769231
100,2.1,0.1,0.0,0.6138657750421115
100,2.1,0.1,0.049999999999999996,0.7265201768933113
100,2.1,0.1,0.09999999999999999,0.5958559584057592
100,2.1,0.1,0.15,0.882321397682062
100,2.1,0.1,0.19999999999999998,0.8475719932241672
100,2.1,0.1,0.24999999999999997,0.8400071585163975
100,2.1,0.1,0.3,0.8926316382906754
100,2.1,0.1,0.35,0.897215716887848
100,2.1,0.1,0.39999999999999997,0.8546007527893533
100,2.1,0.1,0.44999999999999996,0.8788982259570496
100,2.1,0.1,0.49999999999999994,0.8824586977648201
100,2.1,0.1,0.5499999999999999,0.917213277678394
100,2.1,0.1,0.6,0.8880635245901639
100,2.1,0.1,0.6499999999999999,0.954616230078769
100,2.1,0.1,0.7,0.9418449197860963
100,2.1,0.1,0.7499999999999999,0.9371890547263683
100,2.1,0.1,0.7999999999999999,0.9544606196341918
100,2.1,0.1,0.85,0.9641612742658038
100,2.1,0.1,0.8999999999999999,0.9791666666666667
100,2.1,0.1,0.95,0.9666666666666667
100,2.1,0.1,0.0,0.7975416999126106
100,2.1,0.1,0.049999999999999996,0.31846824680827795
100,2.1,0.1,0.09999999999999999,0.767797816801139
100,2.1,0.1,0.15,0.8068656489709121
100,2.1,0.1,0.19999999999999998,0.8299262465929131
100,2.1,0.1,0.24999999999999997,0.8364291958041958
100,2.1,0.1,0.3,0.8472266581496859
100,2.1,0.1,0.35,0.8374246721020915
100,2.1,0.1,0.39999999999999997,0.8687628161312372
100,2.1,0.1,0.44999999999999996,0.9077699106853625
100,2.1,0.1,0.49999999999999994,0.9065952622183625
100,2.1,0.1,0.5499999999999999,0.9259123820668471
100,2.1,0.1,0.6,0.9159159159159158
100,2.1,0.1,0.6499999999999999,0.9574540043290043
100,2.1,0.1,0.7,0.944027517198249
100,2.1,0.1,0.7499999999999999,0.9420289855072463
100,2.1,0.1,0.7999999999999999,0.9671955403087479
100,2.1,0.1,0.85,0.9490384615384615
100,2.1,0.1,0.8999999999999999,0.9616161616161616
100,2.1,0.1,0.95,0.9972222222222222
100,2.1,0.1,0.0,0.4277201514748534
100,2.1,0.1,0.049999999999999996,0.6752735978112177
100,2.1,0.1,0.09999999999999999,0.671261314893682
100,2.1,0.1,0.15,0.6318983598665887
100,2.1,0.1,0.19999999999999998,0.803016534639774
100,2.1,0.1,0.24999999999999997,0.8282694198623403
100,2.1,0.1,0.3,0.8984255384301316
100,2.1,0.1,0.35,0.8265979493891796
100,2.1,0.1,0.39999999999999997,0.8595167185596319
100,2.1,0.1,0.44999999999999996,0.9305806840699578
100,2.1,0.1,0.49999999999999994,0.8800170390003785
100,2.1,0.1,0.5499999999999999,0.8849227810828676
100,2.1,0.1,0.6,0.9165443335290664
100,2.1,0.1,0.6499999999999999,0.9372095372802586
100,2.1,0.1,0.7,0.9159517973856209
100,2.1,0.1,0.7499999999999999,0.9448356807511736
100,2.1,0.1,0.7999999999999999,0.9821152856407617
100,2.1,0.1,0.85,0.9640507518796992
100,2.1,0.1,0.8999999999999999,0.9928571428571429
100,2.1,0.1,0.95,1.0
10000,2.1,0.5,0.0,0.4986191760652981
10000,2.1,0.5,0.049999999999999996,0.6316843493603133
10000,2.1,0.5,0.09999999999999999,0.6316451521782906
10000,2.1,0.5,0.15,0.6428686844723707
10000,2.1,0.5,0.19999999999999998,0.659666149403396
10000,2.1,0.5,0.24999999999999997,0.6931338690527845
10000,2.1,0.5,0.3,0.7119674058915924
10000,2.1,0.5,0.35,0.7255094311238773
10000,2.1,0.5,0.39999999999999997,0.7437834261031187
10000,2.1,0.5,0.44999999999999996,0.7579942512820952
10000,2.1,0.5,0.49999999999999994,0.784074418136516
10000,2.1,0.5,0.5499999999999999,0.8009525799263197
10000,2.1,0.5,0.6,0.8096881238805872
10000,2.1,0.5,0.6499999999999999,0.8243279512815209
10000,2.1,0.5,0.7,0.833394647572754
10000,2.1,0.5,0.7499999999999999,0.8398750887488207
10000,2.1,0.5,0.7999999999999999,0.8539385543157266
10000,2.1,0.5,0.85,0.853253853245167
10000,2.1,0.5,0.8999999999999999,0.8722274095464879
10000,2.1,0.5,0.95,0.8885788537431661
10000,2.1,0.5,0.0,0.4952090450720873
10000,2.1,0.5,0.049999999999999996,0.627668772396498
10000,2.1,0.5,0.09999999999999999,0.6350297617777159
10000,2.1,0.5,0.15,0.6549765447772757
10000,2.1,0.5,0.19999999999999998,0.6618484270595095
10000,2.1,0.5,0.24999999999999997,0.6893031491128656
10000,2.1,0.5,0.3,0.7066616553970245
10000,2.1,0.5,0.35,0.7290571982016345
10000,2.1,0.5,0.39999999999999997,0.7483881562268837
10000,2.1,0.5,0.44999999999999996,0.769032481609076
10000,2.1,0.5,0.49999999999999994,0.7824635445673461
10000,2.1,0.5,0.5499999999999999,0.7971091836091175
10000,2.1,0.5,0.6,0.8154186372609141
10000,2.1,0.5,0.6499999999999999,0.823707371547328
10000,2.1,0.5,0.7,0.8335040030129531
10000,2.1,0.5,0.7499999999999999,0.846347605785926
10000,2.1,0.5,0.7999999999999999,0.8460625881559941
10000,2.1,0.5,0.85,0.8629010269468914
10000,2.1,0.5,0.8999999999999999,0.8713151221069991
10000,2.1,0.5,0.95,0.881810066784591
10000,2.1,0.5,0.0,0.5046803146263258
10000,2.1,0.5,0.049999999999999996,0.6337715208526189
10000,2.1,0.5,0.09999999999999999,0.6304380986758047
10000,2.1,0.5,0.15,0.6550510850261078
10000,2.1,0.5,0.19999999999999998,0.6577892111165735
10000,2.1,0.5,0.24999999999999997,0.6953743035789111
10000,2.1,0.5,0.3,0.7092458506001253
10000,2.1,0.5,0.35,0.7281832231834283
10000,2.1,0.5,0.39999999999999997,0.7438376044734303
10000,2.1,0.5,0.44999999999999996,0.7602675151265883
10000,2.1,0.5,0.49999999999999994,0.7787993831111869
10000,2.1,0.5,0.5499999999999999,0.7967501938373529
10000,2.1,0.5,0.6,0.813995342635761
10000,2.1,0.5,0.6499999999999999,0.8272227812441391
10000,2.1,0.5,0.7,0.8333786039032851
10000,2.1,0.5,0.7499999999999999,0.8412966663435009
10000,2.1,0.5,0.7999999999999999,0.8494255955057126
10000,2.1,0.5,0.85,0.8632078442265837
10000,2.1,0.5,0.8999999999999999,0.8739761173900863
10000,2.1,0.5,0.95,0.8726568772239347
10000,2.1,0.5,0.0,0.5009673279891858
10000,2.1,0.5,0.049999999999999996,0.6181991939880876
10000,2.1,0.5,0.09999999999999999,0.6386156136000638
10000,2.1,0.5,0.15,0.6438065102927694
10000,2.1,0.5,0.19999999999999998,0.6593512795332577
10000,2.1,0.5,0.24999999999999997,0.6817927201324632
10000,2.1,0.5,0.3,0.711286971865754
10000,2.1,0.5,0.35,0.7293330115192532
10000,2.1,0.5,0.39999999999999997,0.7455680666777336
10000,2.1,0.5,0.44999999999999996,0.7694833416023795
10000,2.1,0.5,0.49999999999999994,0.7854446711646867
10000,2.1,0.5,0.5499999999999999,0.7958364735836041
10000,2.1,0.5,0.6,0.8100291135367649
10000,2.1,0.5,0.6499999999999999,0.8254865178219281
10000,2.1,0.5,0.7,0.8354826461517219
10000,2.1,0.5,0.7499999999999999,0.8486064693686499
10000,2.1,0.5,0.7999999999999999,0.8496930301867595
10000,2.1,0.5,0.85,0.8599975466521831
10000,2.1,0.5,0.8999999999999999,0.861441180928503
10000,2.1,0.5,0.95,0.8739671243609654
10000,2.1,0.1,0.0,0.5052945609508718
10000,2.1,0.1,0.049999999999999996,0.7201603955875322
10000,2.1,0.1,0.09999999999999999,0.7590961565769982
10000,2.1,0.1,0.15,0.8073916939883874
10000,2.1,0.1,0.19999999999999998,0.841608662262882
10000,2.1,0.1,0.24999999999999997,0.8705749802556729
10000,2.1,0.1,0.3,0.8912294680649169
10000,2.1,0.1,0.35,0.904612156889798
10000,2.1,0.1,0.39999999999999997,0.9229551361571208
10000,2.1,0.1,0.44999999999999996,0.9324059273254753
10000,2.1,0.1,0.49999999999999994,0.9415255002398422
10000,2.1,0.1,0.5499999999999999,0.9511598297620691
10000,2.1,0.1,0.6,0.9607030621161486
10000,2.1,0.1,0.6499999999999999,0.9675066536146195
10000,2.1,0.1,0.7,0.9737747318488323
10000,2.1,0.1,0.7499999999999999,0.9760317472356596
10000,2.1,0.1,0.7999999999999999,0.9784726916073916
10000,2.1,0.1,0.85,0.9814320150511503
10000,2.1,0.1,0.8999999999999999,0.9830762268000762
10000,2.1,0.1,0.95,0.9847731172374896
10000,2.1,0.1,0.0,0.5096486972325432
10000,2.1,0.1,0.049999999999999996,0.7272232495368847
10000,2.1,0.1,0.09999999999999999,0.764494942645963
10000,2.1,0.1,0.15,0.8055917728443336
10000,2.1,0.1,0.19999999999999998,0.8421137728000936
10000,2.1,0.1,0.24999999999999997,0.8658422621767952
10000,2.1,0.1,0.3,0.8895946333943279
10000,2.1,0.1,0.35,0.9085911382717646
10000,2.1,0.1,0.39999999999999997,0.9206436458463735
10000,2.1,0.1,0.44999999999999996,0.9332241832872135
10000,2.1,0.1,0.49999999999999994,0.9425789772438169
10000,2.1,0.1,0.5499999999999999,0.9536824004493138
10000,2.1,0.1,0.6,0.9628301014014323
10000,2.1,0.1,0.6499999999999999,0.9663431146773969
10000,2.1,0.1,0.7,0.9712527235443871
10000,2.1,0.1,0.7499999999999999,0.9756617102549657
10000,2.1,0.1,0.7999999999999999,0.9789871580591264
10000,2.1,0.1,0.85,0.9831240797466786
10000,2.1,0.1,0.8999999999999999,0.984864690201977
10000,2.1,0.1,0.95,0.9846725873738877
10000,2.1,0.1,0.0,0.5013463630177342
10000,2.1,0.1,0.049999999999999996,0.7180692011462381
10000,2.1,0.1,0.09999999999999999,0.7613956291907472
10000,2.1,0.1,0.15,0.8105112168439329
10000,2.1,0.1,0.19999999999999998,0.8402170962414761
10000,2.1,0.1,0.24999999999999997,0.8659467448078183
10000,2.1,0.1,0.3,0.8917534562119558
10000,2.1,0.1,0.35,0.9078696870763
10000,2.1,0.1,0.39999999999999997,0.9141131335033745
10000,2.1,0.1,0.44999999999999996,0.9331555109594538
10000,2.1,0.1,0.49999999999999994,0.9421981421477368
10000,2.1,0.1,0.5499999999999999,0.952100916173562
10000,2.1,0.1,0.6,0.9607607661130863
10000,2.1,0.1,0.6499999999999999,0.9675851974900876
10000,2.1,0.1,0.7,0.971865688901319
10000,2.1,0.1,0.7499999999999999,0.977791628226696
10000,2.1,0.1,0.7999999999999999,0.9793782743471667
10000,2.1,0.1,0.85,0.9803763396655503
10000,2.1,0.1,0.8999999999999999,0.9845039321348485
10000,2.1,0.1,0.95,0.9848979798506752
10000,2.1,0.1,0.0,0.49858420177385204
10000,2.1,0.1,0.049999999999999996,0.7212377067000455
10000,2.1,0.1,0.09999999999999999,0.7644506226975477
10000,2.1,0.1,0.15,0.8126224841065133
10000,2.1,0.1,0.19999999999999998,0.8363652772895949
10000,2.1,0.1,0.24999999999999997,0.8684711877102408
10000,2.1,0.1,0.3,0.8911562674336967
10000,2.1,0.1,0.35,0.9050000743518687
10000,2.1,0.1,0.39999999999999997,0.9230680686557304
10000,2.1,0.1,0.44999999999999996,0.9369436420338232
10000,2.1,0.1,0.49999999999999994,0.9436521648096794
10000,2.1,0.1,0.5499999999999999,0.9508819388932963
10000,2.1,0.1,0.6,0.9604875322945976
10000,2.1,0.1,0.6499999999999999,0.9685034803629623
10000,2.1,0.1,0.7,0.9728970044073473
10000,2.1,0.1,0.7499999999999999,0.9752117564446632
10000,2.1,0.1,0.7999999999999999,0.9771537630701048
10000,2.1,0.1,0.85,0.9825653778345622
10000,2.1,0.1,0.8999999999999999,0.9823352739498306
10000,2.1,0.1,0.95,0.982931938297598
10000,2.7,0.3,0.0,0.4896908166641228
10000,2.7,0.3,0.049999999999999996,0.5154777229877644
10000,2.7,0.3,0.09999999999999999,0.47764217246074014
10000,2.7,0.3,0.15,0.45742898054235476
10000,2.7,0.3,0.19999999999999998,0.46170584557400546
10000,2.7,0.3,0.24999999999999997,0.476959085949811
10000,2.7,0.3,0.3,0.49574639277408944
10000,2.7,0.3,0.35,0.5383649367930805
10000,2.7,0.3,0.39999999999999997,0.5722307744340226
10000,2.7,0.3,0.44999999999999996,0.6167285549851826
10000,2.7,0.3,0.49999999999999994,0.6603025165178844
10000,2.7,0.3,0.5499999999999999,0.6859547191322698
10000,2.7,0.3,0.6,0.7176706566033051
10000,2.7,0.3,0.6499999999999999,0.7465503469362307
10000,2.7,0.3,0.7,0.7731423546878542
10000,2.7,0.3,0.7499999999999999,0.7948145009101625
10000,2.7,0.3,0.7999999999999999,0.8077338301746526
10000,2.7,0.3,0.85,0.8274773545697831
10000,2.7,0.3,0.8999999999999999,0.8448316475769134
10000,2.7,0.3,0.95,0.8589024943310658
10000,2.7,0.3,0.0,0.4820337992520228
10000,2.7,0.3,0.049999999999999996,0.5101075563475066
10000,2.7,0.3,0.09999999999999999,0.46614689907476814
10000,2.7,0.3,0.15,0.4524533171946541
10000,2.7,0.3,0.19999999999999998,0.46295153361157115
10000,2.7,0.3,0.24999999999999997,0.47788980037969975
10000,2.7,0.3,0.3,0.5071070246234581
10000,2.7,0.3,0.35,0.5374730882406187
10000,2.7,0.3,0.39999999999999997,0.5768749233414874
10000,2.7,0.3,0.44999999999999996,0.6091628588610203
10000,2.7,0.3,0.49999999999999994,0.6484268586914474
10000,2.7,0.3,0.5499999999999999,0.6837599310529262
10000,2.7,0.3,0.6,0.7146919768275122
10000,2.7,0.3,0.6499999999999999,0.7491349626080898
10000,2.7,0.3,0.7,0.7731262805236708
10000,2.7,0.3,0.7499999999999999,0.7889803179927273
10000,2.7,0.3,0.7999999999999999,0.8106046814432304
10000,2.7,0.3,0.85,0.8226569886564614
10000,2.7,0.3,0.8999999999999999,0.8407482736707574
10000,2.7,0.3,0.95,0.8545670886326717
10000,2.7,0.3,0.0,0.49533154844423105
10000,2.7,0.3,0.049999999999999996,0.5075143558385774
10000,2.7,0.3,0.09999999999999999,0.4642148838679809
10000,2.7,0.3,0.15,0.4433077313809546
10000,2.7,0.3,0.19999999999999998,0.4632594551479819
10000,2.7,0.3,0.24999999999999997,0.4773582061975356
10000,2.7,0.3,0.3,0.49399195591625894
10000,2.7,0.3,0.35,0.5376815674568151
10000,2.7,0.3,0.39999999999999997,0.5749180024754911
10000,2.7,0.3,0.44999999999999996,0.6131510869620511
10000,2.7,0.3,0.49999999999999994,0.6458577979918007
10000,2.7,0.3,0.5499999999999999,0.6864348424769925
10000,2.7,0.3,0.6,0.7178760883353514
10000,2.7,0.3,0.6499999999999999,0.7469271973116753
10000,2.7,0.3,0.7,0.7675938859090538
10000,2.7,0.3,0.7499999999999999,0.7916782134774375
10000,2.7,0.3,0.7999999999999999,0.814200914236592
10000,2.7,0.3,0.85,0.8324461675042416
10000,2.7,0.3,0.8999999999999999,0.8426671832024495
10000,2.7,0.3,0.95,0.843693691517678
10000,2.7,0.3,0.0,0.49682638453925576
10000,2.7,0.3,0.049999999999999996,0.5166579078374295
10000,2.7,0.3,0.09999999999999999,0.467258295325926
10000,2.7,0.3,0.15,0.4682651685628005
10000,2.7,0.3,0.19999999999999998,0.46539791892875315
10000,2.7,0.3,0.24999999999999997,0.47535031630004043
10000,2.7,0.3,0.3,0.49727602234950674
10000,2.7,0.3,0.35,0.5300641029567187
10000,2.7,0.3,0.39999999999999997,0.570644659165529
10000,2.7,0.3,0.44999999999999996,0.6082203263973395
10000,2.7,0.3,0.49999999999999994,0.6493482570186102
10000,2.7,0.3,0.5499999999999999,0.6833914789835421
10000,2.7,0.3,0.6,0.7210534993022772
10000,2.7,0.3,0.6499999999999999,0.7460886362234107
10000,2.7,0.3,0.7,0.7728481600756456
10000,2.7,0.3,0.7499999999999999,0.7919322312445596
10000,2.7,0.3,0.7999999999999999,0.8064536998518032
10000,2.7,0.3,0.85,0.827636313467618
10000,2.7,0.3,0.8999999999999999,0.8366100607546187
10000,2.7,0.3,0.95,0.8397789696083212
1000,2.1,0.1,0.0,0.5985762076488288
1000,2.1,0.1,0.049999999999999996,0.6731790498373701
1000,2.1,0.1,0.09999999999999999,0.7419799082773766
1000,2.1,0.1,0.15,0.8358147586127244
1000,2.1,0.1,0.19999999999999998,0.8694232183254851
1000,2.1,0.1,0.24999999999999997,0.8831686897396149
1000,2.1,0.1,0.3,0.9121968779980454
1000,2.1,0.1,0.35,0.9221910398322842
1000,2.1,0.1,0.39999999999999997,0.9192743242088884
1000,2.1,0.1,0.44999999999999996,0.9347171404446946
1000,2.1,0.1,0.49999999999999994,0.942603337315134
1000,2.1,0.1,0.5499999999999999,0.9413065597119477
1000,2.1,0.1,0.6,0.9461143754089325
1000,2.1,0.1,0.6499999999999999,0.95732581805144
1000,2.1,0.1,0.7,0.9582316250249382
1000,2.1,0.1,0.7499999999999999,0.9584188109069833
1000,2.1,0.1,0.7999999999999999,0.9635822546741896
1000,2.1,0.1,0.85,0.9647722483140654
1000,2.1,0.1,0.8999999999999999,0.9597131388629363
1000,2.1,0.1,0.95,0.9577116718855528
1000,2.1,0.1,0.0,0.5087324214425359
1000,2.1,0.1,0.049999999999999996,0.6923883557180817
1000,2.1,0.1,0.09999999999999999,0.7489009805949333
1000,2.1,0.1,0.15,0.851548199774399
1000,2.1,0.1,0.19999999999999998,0.8792078044861775
1000,2.1,0.1,0.24999999999999997,0.8879197331011477
1000,2.1,0.1,0.3,0.8971942080225084
1000,2.1,0.1,0.35,0.9234591331937367
1000,2.1,0.1,0.39999999999999997,0.9253697854822989
1000,2.1,0.1,0.44999999999999996,0.9302762918165989
1000,2.1,0.1,0.49999999999999994,0.9392754556496734
1000,2.1,0.1,0.5499999999999999,0.9503268057839913
1000,2.1,0.1,0.6,0.9516337247658002
1000,2.1,0.1,0.6499999999999999,0.9531842669759653
1000,2.1,0.1,0.7,0.9585130536098332
1000,2.1,0.1,0.7499999999999999,0.9552742177151992
1000,2.1,0.1,0.7999999999999999,0.9621164724169736
1000,2.1,0.1,0.85,0.9690011481056257
1000,2.1,0.1,0.8999999999999999,0.960181548398359
1000,2.1,0.1,0.95,0.968445217589688
1000,2.1,0.1,0.0,0.4733828928645604
1000,2.1,0.1,0.049999999999999996,0.6682089726458007
1000,2.1,0.1,0.09999999999999999,0.7052648918806589
1000,2.1,0.1,0.15,0.840387514977779
1000,2.1,0.1,0.19999999999999998,0.8793996755780353
1000,2.1,0.1,0.24999999999999997,0.8742946067552366
1000,2.1,0.1,0.3,0.9144787706740147
1000,2.1,0.1,0.35,0.9114191428851623
1000,2.1,0.1,0.39999999999999997,0.9275990872378812
1000,2.1,0.1,0.44999999999999996,0.9303662892206935
1000,2.1,0.1,0.49999999999999994,0.9392916566313076
1000,2.1,0.1,0.5499999999999999,0.9510563755466115
1000,2.1,0.1,0.6,0.9535953499760186
1000,2.1,0.1,0.6499999999999999,0.9483740679370339
1000,2.1,0.1,0.7,0.9551145124945224
1000,2.1,0.1,0.7499999999999999,0.960505743905856
1000,2.1,0.1,0.7999999999999999,0.9539213619970961
1000,2.1,0.1,0.85,0.9564353834329364
1000,2.1,0.1,0.8999999999999999,0.9660947712418301
1000,2.1,0.1,0.95,0.9818305408583186
1000,2.1,0.1,0.0,0.4663122919881428
1000,2.1,0.1,0.049999999999999996,0.7473903142928139
1000,2.1,0.1,0.09999999999999999,0.7785756789953803
1000,2.1,0.1,0.15,0.8289176806414278
1000,2.1,0.1,0.19999999999999998,0.85707698682626
1000,2.1,0.1,0.24999999999999997,0.8926422408575905
1000,2.1,0.1,0.3,0.9059548185025506
1000,2.1,0.1,0.35,0.9056435197011303
1000,2.1,0.1,0.39999999999999997,0.9267672010624032
1000,2.1,0.1,0.44999999999999996,0.933113639158706
1000,2.1,0.1,0.49999999999999994,0.9420951914213369
1000,2.1,0.1,0.5499999999999999,0.9496011039808803
1000,2.1,0.1,0.6,0.9554121373041902
1000,2.1,0.1,0.6499999999999999,0.957222543078434
1000,2.1,0.1,0.7,0.9595433826499891
1000,2.1,0.1,0.7499999999999999,0.9607968899795599
1000,2.1,0.1,0.7999999999999999,0.9566988890283099
1000,2.1,0.1,0.85,0.9678970170695564
1000,2.1,0.1,0.8999999999999999,0.9687038052053748
1000,2.1,0.1,0.95,0.9609404310308891
500,2.1,0.1,0.0,0.5716384160672318
500,2.1,0.1,0.049999999999999996,0.5521871070457957
500,2.1,0.1,0.09999999999999999,0.7584129577644972
500,2.1,0.1,0.15,0.7717457719585379
500,2.1,0.1,0.19999999999999998,0.8330048847103314
500,2.1,0.1,0.24999999999999997,0.8766214640985968
500,2.1,0.1,0.3,0.8480342852947655
500,2.1,0.1,0.35,0.8977706314653146
500,2.1,0.1,0.39999999999999997,0.9049257529392817
500,2.1,0.1,0.44999999999999996,0.8937867331801937
500,2.1,0.1,0.49999999999999994,0.9323191656637393
500,2.1,0.1,0.5499999999999999,0.9417787093163116
500,2.1,0.1,0.6,0.9407694108607172
500,2.1,0.1,0.6499999999999999,0.9426577808156755
500,2.1,0.1,0.7,0.9412732178063713
500,2.1,0.1,0.7499999999999999,0.9536015193370164
500,2.1,0.1,0.7999999999999999,0.9569826641747761
500,2.1,0.1,0.85,0.9582704876822524
500,2.1,0.1,0.8999999999999999,0.9578210894552723
500,2.1,0.1,0.95,0.9336148648648649
500,2.1,0.1,0.0,0.45790510026497494
500,2.1,0.1,0.049999999999999996,0.7537923590608528
500,2.1,0.1,0.09999999999999999,0.7349969686338661
500,2.1,0.1,0.15,0.8046003905992019
500,2.1,0.1,0.19999999999999998,0.8538884954049824
500,2.1,0.1,0.24999999999999997,0.843238628795615
500,2.1,0.1,0.3,0.8934324421414195
500,2.1,0.1,0.35,0.8862012690090059
500,2.1,0.1,0.39999999999999997,0.8857578776132157
500,2.1,0.1,0.44999999999999996,0.9232738745297902
500,2.1,0.1,0.49999999999999994,0.9314600346707325
500,2.1,0.1,0.5499999999999999,0.9271996593622699
500,2.1,0.1,0.6,0.9390632733634909
500,2.1,0.1,0.6499999999999999,0.941063483326453
500,2.1,0.1,0.7,0.943159868729489
500,2.1,0.1,0.7499999999999999,0.9512344367172557
500,2.1,0.1,0.7999999999999999,0.9492608956526483
500,2.1,0.1,0.85,0.9613636363636363
500,2.1,0.1,0.8999999999999999,0.9776915395787945
500,2.1,0.1,0.95,0.9588757396449704
500,2.1,0.1,0.0,0.5703712935925742
500,2.1,0.1,0.049999999999999996,0.591324809181794
500,2.1,0.1,0.09999999999999999,0.7336104822042726
500,2.1,0.1,0.15,0.792551867845706
500,2.1,0.1,0.19999999999999998,0.8477940312920023
500,2.1,0.1,0.24999999999999997,0.8593879542151736
500,2.1,0.1,0.3,0.8714107762920836
500,2.1,0.1,0.35,0.8602423905827078
500,2.1,0.1,0.39999999999999997,0.8842573529042529
500,2.1,0.1,0.44999999999999996,0.9211184739927094
500,2.1,0.1,0.49999999999999994,0.9210910541318882
500,2.1,0.1,0.5499999999999999,0.9334625915547219
500,2.1,0.1,0.6,0.9400029278290147
500,2.1,0.1,0.6499999999999999,0.9470677895349594
500,2.1,0.1,0.7,0.9463277696556205
500,2.1,0.1,0.7499999999999999,0.9585507057357332
500,2.1,0.1,0.7999999999999999,0.9474249629177209
500,2.1,0.1,0.85,0.9672737091037744
500,2.1,0.1,0.8999999999999999,0.9439200680272108
500,2.1,0.1,0.95,0.9865384615384615
500,2.1,0.1,0.0,0.4436389584349131
500,2.1,0.1,0.049999999999999996,0.5862301587301587
500,2.1,0.1,0.09999999999999999,0.7072106326859178
500,2.1,0.1,0.15,0.7282393103951049
500,2.1,0.1,0.19999999999999998,0.8097031973040038
500,2.1,0.1,0.24999999999999997,0.853417952783902
500,2.1,0.1,0.3,0.8792020106817467
500,2.1,0.1,0.35,0.8861043974847072
500,2.1,0.1,0.39999999999999997,0.8934412174197908
500,2.1,0.1,0.44999999999999996,0.9179807473660274
500,2.1,0.1,0.49999999999999994,0.9300262422136228
500,2.1,0.1,0.5499999999999999,0.9386330573585612
500,2.1,0.1,0.6,0.9224641796010141
500,2.1,0.1,0.6499999999999999,0.9431742887631908
500,2.1,0.1,0.7,0.9536997488075989
500,2.1,0.1,0.7499999999999999,0.9474894398530762
500,2.1,0.1,0.7999999999999999,0.9561787072243346
500,2.1,0.1,0.85,0.9364779874213836
500,2.1,0.1,0.8999999999999999,0.978031015037594
500,2.1,0.1,0.95,0.9876211911357341
10000,2.1,0.2,0.0,0.49491441847789025
10000,2.1,0.2,0.049999999999999996,0.7086380519851374
10000,2.1,0.2,0.09999999999999999,0.7483543717522394
10000,2.1,0.2,0.15,0.7862496931790071
10000,2.1,0.2,0.19999999999999998,0.8030902333526597
10000,2.1,0.2,0.24999999999999997,0.8266722988902526
10000,2.1,0.2,0.3,0.8440331015987639
10000,2.1,0.2,0.35,0.8597178567112196
10000,2.1,0.2,0.39999999999999997,0.8715026922117117
10000,2.1,0.2,0.44999999999999996,0.8866666683534776
10000,2.1,0.2,0.49999999999999994,0.9006563622103423
10000,2.1,0.2,0.5499999999999999,0.9126411090590016
10000,2.1,0.2,0.6,0.9212920376208913
10000,2.1,0.2,0.6499999999999999,0.9281194648873061
10000,2.1,0.2,0.7,0.938659590146252
10000,2.1,0.2,0.7499999999999999,0.9419843755299544
10000,2.1,0.2,0.7999999999999999,0.9479505562720548
10000,2.1,0.2,0.85,0.9525452052344567
10000,2.1,0.2,0.8999999999999999,0.9566794277654644
10000,2.1,0.2,0.95,0.9583917819842754
10000,2.1,0.2,0.0,0.4949198168897597
10000,2.1,0.2,0.049999999999999996,0.7124705070976883
10000,2.1,0.2,0.09999999999999999,0.7520267797392022
10000,2.1,0.2,0.15,0.7786580985833031
10000,2.1,0.2,0.19999999999999998,0.8065203256336189
10000,2.1,0.2,0.24999999999999997,0.8269738613728422
10000,2.1,0.2,0.3,0.8441651414126097
10000,2.1,0.2,0.35,0.8591149548267707
10000,2.1,0.2,0.39999999999999997,0.875271810957776
10000,2.1,0.2,0.44999999999999996,0.8885897442986943
10000,2.1,0.2,0.49999999999999994,0.8988161268956624
10000,2.1,0.2,0.5499999999999999,0.9101529465957726
10000,2.1,0.2,0.6,0.9191614762097643
10000,2.1,0.2,0.6499999999999999,0.9300565386134154
10000,2.1,0.2,0.7,0.9381646572134712
10000,2.1,0.2,0.7499999999999999,0.9429804080231733
10000,2.1,0.2,0.7999999999999999,0.9473419667569168
10000,2.1,0.2,0.85,0.9546878552039663
10000,2.1,0.2,0.8999999999999999,0.9532292940981981
10000,2.1,0.2,0.95,0.9645176924654671
10000,2.1,0.2,0.0,0.48712064117974996
10000,2.1,0.2,0.049999999999999996,0.7005049422386687
10000,2.1,0.2,0.09999999999999999,0.7416849931717038
10000,2.1,0.2,0.15,0.7805070470378224
10000,2.1,0.2,0.19999999999999998,0.8055577586623401
10000,2.1,0.2,0.24999999999999997,0.8260803048294324
10000,2.1,0.2,0.3,0.8464203122698357
10000,2.1,0.2,0.35,0.8576877814841372
10000,2.1,0.2,0.39999999999999997,0.8714747531956836
10000,2.1,0.2,0.44999999999999996,0.8850536816202056
10000,2.1,0.2,0.49999999999999994,0.8997439965881175
10000,2.1,0.2,0.5499999999999999,0.9107229843046818
10000,2.1,0.2,0.6,0.9207587345268199
10000,2.1,0.2,0.6499999999999999,0.930963991700632
10000,2.1,0.2,0.7,0.9370736878696191
10000,2.1,0.2,0.7499999999999999,0.9456674244726527
10000,2.1,0.2,0.7999999999999999,0.9484723147833138
10000,2.1,0.2,0.85,0.9527160301802183
10000,2.1,0.2,0.8999999999999999,0.9528828808724146
10000,2.1,0.2,0.95,0.9572667302440303
10000,2.1,0.2,0.0,0.4998272247265695
10000,2.1,0.2,0.049999999999999996,0.7104315455010476
10000,2.1,0.2,0.09999999999999999,0.7478403720994251
10000,2.1,0.2,0.15,0.7810924357936327
10000,2.1,0.2,0.19999999999999998,0.8046848218003595
10000,2.1,0.2,0.24999999999999997,0.8263667923524662
10000,2.1,0.2,0.3,0.8402204887464381
10000,2.1,0.2,0.35,0.8597490784981816
10000,2.1,0.2,0.39999999999999997,0.8752385907996407
10000,2.1,0.2,0.44999999999999996,0.8877015528273636
10000,2.1,0.2,0.49999999999999994,0.901032123156571
10000,2.1,0.2,0.5499999999999999,0.9094717573413668
10000,2.1,0.2,0.6,0.9193290327821527
10000,2.1,0.2,0.6499999999999999,0.9304092491581487
10000,2.1,0.2,0.7,0.9405363694996833
10000,2.1,0.2,0.7499999999999999,0.9446215921812242
10000,2.1,0.2,0.7999999999999999,0.9487087908853551
10000,2.1,0.2,0.85,0.9544617280959128
10000,2.1,0.2,0.8999999999999999,0.9546039050767291
10000,2.1,0.2,0.95,0.9587511962200808
10000,2.1,0.4,0.0,0.5008277732724206
10000,2.1,0.4,0.049999999999999996,0.6530965122054498
10000,2.1,0.4,0.09999999999999999,0.6637208236547611
10000,2.1,0.4,0.15,0.6704103006475026
10000,2.1,0.4,0.19999999999999998,0.704573431656629
10000,2.1,0.4,0.24999999999999997,0.7150189120674091
10000,2.1,0.4,0.3,0.7353709979168378
10000,2.1,0.4,0.35,0.7505402213592289
10000,2.1,0.4,0.39999999999999997,0.7679585054015234
10000,2.1,0.4,0.44999999999999996,0.7844912085394782
10000,2.1,0.4,0.49999999999999994,0.8047802777122525
10000,2.1,0.4,0.5499999999999999,0.816387747404284
10000,2.1,0.4,0.6,0.8331484496518546
10000,2.1,0.4,0.6499999999999999,0.8462251001034959
10000,2.1,0.4,0.7,0.8598036896266419
10000,2.1,0.4,0.7499999999999999,0.8700056354356316
10000,2.1,0.4,0.7999999999999999,0.8780213950083953
10000,2.1,0.4,0.85,0.8850977911277018
10000,2.1,0.4,0.8999999999999999,0.8922676231190658
10000,2.1,0.4,0.95,0.906627130526727
10000,2.1,0.4,0.0,0.4999308296559313
10000,2.1,0.4,0.049999999999999996,0.6530307077768106
10000,2.1,0.4,0.09999999999999999,0.6643539861315587
10000,2.1,0.4,0.15,0.6697322490230622
10000,2.1,0.4,0.19999999999999998,0.6909450250650363
10000,2.1,0.4,0.24999999999999997,0.711681658237683
10000,2.1,0.4,0.3,0.7335525585578997
10000,2.1,0.4,0.35,0.7505617846117512
10000,2.1,0.4,0.39999999999999997,0.7693293566196505
10000,2.1,0.4,0.44999999999999996,0.785720658845751
10000,2.1,0.4,0.49999999999999994,0.8004494888845182
10000,2.1,0.4,0.5499999999999999,0.8213987544751336
10000,2.1,0.4,0.6,0.8321268533309238
10000,2.1,0.4,0.6499999999999999,0.8465693479233571
10000,2.1,0.4,0.7,0.8599156134537715
10000,2.1,0.4,0.7499999999999999,0.8655601458994082
10000,2.1,0.4,0.7999999999999999,0.8790067481857732
10000,2.1,0.4,0.85,0.8883880273787869
10000,2.1,0.4,0.8999999999999999,0.9003381042434083
10000,2.1,0.4,0.95,0.897045235224213
10000,2.1,0.4,0.0,0.49527509433476824
10000,2.1,0.4,0.049999999999999996,0.6536133221607698
10000,2.1,0.4,0.09999999999999999,0.6639018503938837
10000,2.1,0.4,0.15,0.6717569644739153
10000,2.1,0.4,0.19999999999999998,0.6916890726276752
10000,2.1,0.4,0.24999999999999997,0.7203857115839687
10000,2.1,0.4,0.3,0.7362623556509094
10000,2.1,0.4,0.35,0.7506920568487502
10000,2.1,0.4,0.39999999999999997,0.7675107876469196
10000,2.1,0.4,0.44999999999999996,0.7867355705714114
10000,2.1,0.4,0.49999999999999994,0.7995870157815597
10000,2.1,0.4,0.5499999999999999,0.8164909181430664
10000,2.1,0.4,0.6,0.8312467372688885
10000,2.1,0.4,0.6499999999999999,0.8482328660773386
10000,2.1,0.4,0.7,0.85888822628338
10000,2.1,0.4,0.7499999999999999,0.8682277805206529
10000,2.1,0.4,0.7999999999999999,0.877327107781265
10000,2.1,0.4,0.85,0.8866267377751946
10000,2.1,0.4,0.8999999999999999,0.9021611858785001
10000,2.1,0.4,0.95,0.9004288501229358
10000,2.1,0.4,0.0,0.4975297502229299
10000,2.1,0.4,0.049999999999999996,0.6477752171592579
10000,2.1,0.4,0.09999999999999999,0.6507823406842201
10000,2.1,0.4,0.15,0.673594025734639
10000,2.1,0.4,0.19999999999999998,0.6912743094583971
10000,2.1,0.4,0.24999999999999997,0.7173926231519296
10000,2.1,0.4,0.3,0.734224155465284
10000,2.1,0.4,0.35,0.748755360375384
10000,2.1,0.4,0.39999999999999997,0.7682945865051578
10000,2.1,0.4,0.44999999999999996,0.7849830680071596
10000,2.1,0.4,0.49999999999999994,0.8053058700703667
10000,2.1,0.4,0.5499999999999999,0.8216031454399403
10000,2.1,0.4,0.6,0.8340973033873574
10000,2.1,0.4,0.6499999999999999,0.8480122850636755
10000,2.1,0.4,0.7,0.8616533106452533
10000,2.1,0.4,0.7499999999999999,0.8689276672827632
10000,2.1,0.4,0.7999999999999999,0.8748630979479666
10000,2.1,0.4,0.85,0.8858293234281878
10000,2.1,0.4,0.8999999999999999,0.888571427591716
10000,2.1,0.4,0.95,0.8993397032953702
10000,2.1,0.3,0.0,0.5071397791112416
10000,2.1,0.3,0.049999999999999996,0.6621494028671802
10000,2.1,0.3,0.09999999999999999,0.6950235664948591
10000,2.1,0.3,0.15,0.7245039546060685
10000,2.1,0.3,0.19999999999999998,0.7419811732292967
10000,2.1,0.3,0.24999999999999997,0.7616365797353044
10000,2.1,0.3,0.3,0.7845921760157356
10000,2.1,0.3,0.35,0.7980384021343101
10000,2.1,0.3,0.39999999999999997,0.8155822491073569
10000,2.1,0.3,0.44999999999999996,0.8312628364852113
10000,2.1,0.3,0.49999999999999994,0.8462465805318625
10000,2.1,0.3,0.5499999999999999,0.8570543226049239
10000,2.1,0.3,0.6,0.8711918722670086
10000,2.1,0.3,0.6499999999999999,0.881703701924912
10000,2.1,0.3,0.7,0.8929687021450032
10000,2.1,0.3,0.7499999999999999,0.9049359941921192
10000,2.1,0.3,0.7999999999999999,0.9114173936678927
10000,2.1,0.3,0.85,0.9143097298533274
10000,2.1,0.3,0.8999999999999999,0.9220218449581656
10000,2.1,0.3,0.95,0.9241261474635831
10000,2.1,0.3,0.0,0.5013941645092197
10000,2.1,0.3,0.049999999999999996,0.6615601376162736
10000,2.1,0.3,0.09999999999999999,0.6939909420046229
10000,2.1,0.3,0.15,0.7215718753643678
10000,2.1,0.3,0.19999999999999998,0.7440957474916257
10000,2.1,0.3,0.24999999999999997,0.7650397948742835
10000,2.1,0.3,0.3,0.781859414921731
10000,2.1,0.3,0.35,0.8039438392548373
10000,2.1,0.3,0.39999999999999997,0.8187750863564687
10000,2.1,0.3,0.44999999999999996,0.8318506994771996
10000,2.1,0.3,0.49999999999999994,0.8477839040495259
10000,2.1,0.3,0.5499999999999999,0.859517284954852
10000,2.1,0.3,0.6,0.8679379116148203
10000,2.1,0.3,0.6499999999999999,0.8841675157298
10000,2.1,0.3,0.7,0.8918598583652244
10000,2.1,0.3,0.7499999999999999,0.9019042856593238
10000,2.1,0.3,0.7999999999999999,0.9109716228402555
10000,2.1,0.3,0.85,0.9177771995390163
10000,2.1,0.3,0.8999999999999999,0.9279083481937962
10000,2.1,0.3,0.95,0.9267769384315201
10000,2.1,0.3,0.0,0.4970572743385635
10000,2.1,0.3,0.049999999999999996,0.6678931118679694
10000,2.1,0.3,0.09999999999999999,0.6968440997025017
10000,2.1,0.3,0.15,0.7232067120555907
10000,2.1,0.3,0.19999999999999998,0.7432386244429132
10000,2.1,0.3,0.24999999999999997,0.7628200642589213
10000,2.1,0.3,0.3,0.7835485913494303
10000,2.1,0.3,0.35,0.7973218954726013
10000,2.1,0.3,0.39999999999999997,0.8179774116934617
10000,2.1,0.3,0.44999999999999996,0.8328931154083551
10000,2.1,0.3,0.49999999999999994,0.8438621313677962
10000,2.1,0.3,0.5499999999999999,0.8608532350955782
10000,2.1,0.3,0.6,0.8690433975714636
10000,2.1,0.3,0.6499999999999999,0.8802075540343235
10000,2.1,0.3,0.7,0.8954496239735373
10000,2.1,0.3,0.7499999999999999,0.9013380485897358
10000,2.1,0.3,0.7999999999999999,0.9138248474421683
10000,2.1,0.3,0.85,0.9190552813324717
10000,2.1,0.3,0.8999999999999999,0.920579822682709
10000,2.1,0.3,0.95,0.9254293777618123
10000,2.1,0.3,0.0,0.5053862473935892
10000,2.1,0.3,0.049999999999999996,0.6600526200170045
10000,2.1,0.3,0.09999999999999999,0.6884302784394518
10000,2.1,0.3,0.15,0.7183592038383386
10000,2.1,0.3,0.19999999999999998,0.7442611328460037
10000,2.1,0.3,0.24999999999999997,0.7631631713687512
10000,2.1,0.3,0.3,0.7833020251255329
10000,2.1,0.3,0.35,0.8047702026893504
10000,2.1,0.3,0.39999999999999997,0.8150203512759836
10000,2.1,0.3,0.44999999999999996,0.8250054684662799
10000,2.1,0.3,0.49999999999999994,0.8414125211496882
10000,2.1,0.3,0.5499999999999999,0.8630838055067661
10000,2.1,0.3,0.6,0.8685282431703516
10000,2.1,0.3,0.6499999999999999,0.8809114295973907
10000,2.1,0.3,0.7,0.8939617142230403
10000,2.1,0.3,0.7499999999999999,0.9031011749587035
10000,2.1,0.3,0.7999999999999999,0.9110505669573641
10000,2.1,0.3,0.85,0.9150267150411442
10000,2.1,0.3,0.8999999999999999,0.9217015276953894
10000,2.1,0.3,0.95,0.9290272697117923
5000,2.1,0.1,0.0,0.508327439283127
5000,2.1,0.1,0.049999999999999996,0.6947629868598917
5000,2.1,0.1,0.09999999999999999,0.7543194242502409
5000,2.1,0.1,0.15,0.7933159657141478
5000,2.1,0.1,0.19999999999999998,0.8306995362758159
5000,2.1,0.1,0.24999999999999997,0.8486099568087362
5000,2.1,0.1,0.3,0.8776988097325996
5000,2.1,0.1,0.35,0.897928942340288
5000,2.1,0.1,0.39999999999999997,0.9105884775368114
5000,2.1,0.1,0.44999999999999996,0.9266839669303232
5000,2.1,0.1,0.49999999999999994,0.9407826587419881
5000,2.1,0.1,0.5499999999999999,0.9466746024079548
5000,2.1,0.1,0.6,0.9536289297325865
5000,2.1,0.1,0.6499999999999999,0.9578490257893995
5000,2.1,0.1,0.7,0.9682789266535373
5000,2.1,0.1,0.7499999999999999,0.9705659977968334
5000,2.1,0.1,0.7999999999999999,0.9745813769243267
5000,2.1,0.1,0.85,0.9767731492327103
5000,2.1,0.1,0.8999999999999999,0.9752218287220149
5000,2.1,0.1,0.95,0.981971196998528
5000,2.1,0.1,0.0,0.47881428511152035
5000,2.1,0.1,0.049999999999999996,0.6980491750661891
5000,2.1,0.1,0.09999999999999999,0.7528612474845955
5000,2.1,0.1,0.15,0.7921338340822881
5000,2.1,0.1,0.19999999999999998,0.8280538262911417
5000,2.1,0.1,0.24999999999999997,0.860581065767464
5000,2.1,0.1,0.3,0.8798168656566915
5000,2.1,0.1,0.35,0.8954782367526265
5000,2.1,0.1,0.39999999999999997,0.9113636772669133
5000,2.1,0.1,0.44999999999999996,0.9224814213140952
5000,2.1,0.1,0.49999999999999994,0.9320670813124499
5000,2.1,0.1,0.5499999999999999,0.9459708078286853
5000,2.1,0.1,0.6,0.9517477177085619
5000,2.1,0.1,0.6499999999999999,0.9599117145520843
5000,2.1,0.1,0.7,0.9654490196676577
5000,2.1,0.1,0.7499999999999999,0.9691103481302218
5000,2.1,0.1,0.7999999999999999,0.9752926609485741
5000,2.1,0.1,0.85,0.9738826939800946
5000,2.1,0.1,0.8999999999999999,0.9776874637501035
5000,2.1,0.1,0.95,0.9784117256027369
5000,2.1,0.1,0.0,0.49060769506315655
5000,2.1,0.1,0.049999999999999996,0.6840576400933068
5000,2.1,0.1,0.09999999999999999,0.7440130479087471
5000,2.1,0.1,0.15,0.7902126424750151
5000,2.1,0.1,0.19999999999999998,0.8256247195680622
5000,2.1,0.1,0.24999999999999997,0.8436528586906632
5000,2.1,0.1,0.3,0.8802537158807298
5000,2.1,0.1,0.35,0.896176550505198
5000,2.1,0.1,0.39999999999999997,0.9131616237383802
5000,2.1,0.1,0.44999999999999996,0.9258694536749064
5000,2.1,0.1,0.49999999999999994,0.9366155408982768
5000,2.1,0.1,0.5499999999999999,0.946680975060143
5000,2.1,0.1,0.6,0.9534558631055651
5000,2.1,0.1,0.6499999999999999,0.9626510031492161
5000,2.1,0.1,0.7,0.9656709006155925
5000,2.1,0.1,0.7499999999999999,0.9704755164408225
5000,2.1,0.1,0.7999999999999999,0.9706128230120843
5000,2.1,0.1,0.85,0.9760987230891401
5000,2.1,0.1,0.8999999999999999,0.9760432893551634
5000,2.1,0.1,0.95,0.9801396223810016
5000,2.1,0.1,0.0,0.5071922854495039
5000,2.1,0.1,0.049999999999999996,0.7041009333274718
5000,2.1,0.1,0.09999999999999999,0.747634088850204
5000,2.1,0.1,0.15,0.7944134718010667
5000,2.1,0.1,0.19999999999999998,0.8299258516718824
5000,2.1,0.1,0.24999999999999997,0.8612671108779273
5000,2.1,0.1,0.3,0.8768572569467611
5000,2.1,0.1,0.35,0.8997879220124098
5000,2.1,0.1,0.39999999999999997,0.9098257828690425
5000,2.1,0.1,0.44999999999999996,0.9252240705165375
5000,2.1,0.1,0.49999999999999994,0.9389742367291157
5000,2.1,0.1,0.5499999999999999,0.9415380167460335
5000,2.1,0.1,0.6,0.9542313613515013
5000,2.1,0.1,0.6499999999999999,0.9611965077847172
5000,2.1,0.1,0.7,0.9624417153284157
5000,2.1,0.1,0.7499999999999999,0.9689519363333154
5000,2.1,0.1,0.7999999999999999,0.9731480355901889
5000,2.1,0.1,0.85,0.9760915527495825
5000,2.1,0.1,0.8999999999999999,0.9727512275912764
5000,2.1,0.1,0.95,0.9770553230914433
