system,theta,embedding,mu,t1,t2,prob,accuracy,auroc,pr,intercept,coef_distances,coef_degrees
LFR,0.05,LE,0.1,2.1,1.0,1,0.6742665641138337,0.6990515639044779,0.6494966904918722,-0.0662188334396163,-1.2842485101945764,-16.057656896366055
LFR,0.05,LE,0.2,2.1,1.0,1,0.6825936684193109,0.7075972703640625,0.6602503735224515,-0.07466445923940832,0.43866667810345267,-15.855490817267123
LFR,0.05,LE,0.3,2.1,1.0,1,0.6802180741596563,0.7085433689100895,0.6591752714632673,-0.06586399036677575,0.09118902897279846,-15.755583787762768
LFR,0.05,LE,0.4,2.1,1.0,1,0.6883026599831693,0.7164524869644354,0.6656562327485281,-0.028960863588312222,-0.07691557690891966,-16.558181619395576
LFR,0.05,LE,0.5,2.1,1.0,1,0.6733684725316524,0.7027127159993227,0.652109349968262,0.031353331175233486,-0.2704314696106942,-15.345301358221981
LFR,0.05,LE,0.3,2.7,1.0,1,0.5761383200849848,0.5850019475926641,0.5618079188366344,-0.008986357105181616,-1.166523046446474,-9.58773332132693
LFR,0.05,LE,0.1,4.0,1.0,1,0.5736713548437931,0.6017499779759845,0.5853331145431445,0.001763255964488902,-4.2061335761379315,-4.473182101584843
LFR,0.05,LE,0.1,2.1,1.0,1,0.6692671135040106,0.6950672633829147,0.6471315658144495,-0.07215953857320008,-1.0190443039517245,-15.707937457397128
LFR,0.05,LE,0.2,2.1,1.0,1,0.6826672059418318,0.7103860680861227,0.6618747859610717,-0.07443998008827121,0.12011115919499055,-16.45181020167876
LFR,0.05,LE,0.3,2.1,1.0,1,0.6846589883380871,0.7116616022016858,0.661744416216882,-0.06228353069633647,0.1760478474534973,-16.216448695122725
LFR,0.05,LE,0.4,2.1,1.0,1,0.6884307196955838,0.716594648058125,0.6646181493551945,-0.021513811689526825,-0.1784981081926938,-16.167395400762267
LFR,0.05,LE,0.5,2.1,1.0,1,0.668459852560271,0.6957923815979732,0.6453095233195434,0.024750671480790083,-0.30102569577296545,-15.021537738283017
LFR,0.05,LE,0.3,2.7,1.0,1,0.5782629400344335,0.5835056915123654,0.5602279200240369,-0.01429125798293919,-0.8706084559252062,-9.756944055001657
LFR,0.05,LE,0.1,4.0,1.0,1,0.569920220624446,0.594229815917611,0.5766147057164158,-0.006819483916321412,-3.549939867593921,-4.560874977057193
LFR,0.05,LE,0.1,2.1,1.0,1,0.6689557924037651,0.6955514221539111,0.6481592427440088,-0.06535925091016972,-0.7222277941762488,-15.682313897178506
LFR,0.05,LE,0.2,2.1,1.0,1,0.6783836452549914,0.7101051832490264,0.6599897895315179,-0.06039629218148762,-0.030733795425006406,-15.799907648076076
LFR,0.05,LE,0.3,2.1,1.0,1,0.679694551756508,0.7089732812607827,0.6615746138554303,-0.05666032033935171,-0.03219565776379979,-16.328285598730076
LFR,0.05,LE,0.4,2.1,1.0,1,0.6806556657275621,0.7080885599301696,0.6577628109752595,-0.021201046122952285,0.08314563623709217,-15.311722472204401
LFR,0.05,LE,0.5,2.1,1.0,1,0.6650183846836567,0.7019575182955199,0.6553315904320185,0.036834075258126035,-0.12257255228400114,-15.553550629284441
LFR,0.05,LE,0.3,2.7,1.0,1,0.5757720063005971,0.5848705193219881,0.5605054720300482,-0.01805104013232517,-0.8704213494195764,-9.74537353660476
LFR,0.05,LE,0.1,4.0,1.0,1,0.5850290554515907,0.615971600783707,0.5982829928605468,0.003328171006618591,-5.002508688650841,-4.177555407272358
LFR,0.05,LE,0.1,2.1,1.0,1,0.672764897630297,0.6990964278512393,0.6491976513777451,-0.06728358862088683,-0.7863174460395612,-15.239556889854988
LFR,0.05,LE,0.2,2.1,1.0,1,0.6795050924734346,0.7083270701812687,0.655376107465049,-0.05810642200261504,0.04728607282646483,-16.326689450199833
LFR,0.05,LE,0.3,2.1,1.0,1,0.6798570242264506,0.7073454592777475,0.6606639583596043,-0.048085085412353346,0.15325894545563687,-15.877282589771632
LFR,0.05,LE,0.4,2.1,1.0,1,0.6830705060188065,0.7100847350508159,0.6597016686213857,-0.021980377309136503,-0.03221366568765346,-15.625329481718765
LFR,0.05,LE,0.5,2.1,1.0,1,0.6735133764422467,0.7026364832446835,0.6535736841476487,0.03833621597895109,-0.041382696176821304,-15.694135807529294
LFR,0.05,LE,0.3,2.7,1.0,1,0.5772555771273673,0.5839889482115463,0.5607491996643218,-0.01762226666085304,-1.034305791566595,-10.158919358673154
LFR,0.05,LE,0.1,4.0,1.0,1,0.5750615581601497,0.603624004359654,0.5846574777937352,0.00568481992581616,-4.281194678852397,-4.808575985190104
LFR,0.10,LE,0.1,2.1,1.0,1,0.6888966210469342,0.7188775467164069,0.6791563952812991,-0.07037415995230939,-0.8744354477610116,-14.431948053969602
LFR,0.10,LE,0.2,2.1,1.0,1,0.6958588838003571,0.7305280495759732,0.6887041785404355,-0.06991525460604371,-0.11464223798941735,-14.881383663920587
LFR,0.10,LE,0.3,2.1,1.0,1,0.6986737299439765,0.7325497859234056,0.6904174536203147,-0.05680942780318724,0.013317831691355468,-14.214432032074653
LFR,0.10,LE,0.4,2.1,1.0,1,0.6978333912640482,0.7323379598689472,0.6908701452571806,-0.02193769952602158,-0.04968275648238742,-14.420953111905115
LFR,0.10,LE,0.5,2.1,1.0,1,0.6878764124428809,0.7222482878880091,0.6776039739636114,0.03396047573926496,-0.21894054485479852,-13.661261407785418
LFR,0.10,LE,0.3,2.7,1.0,1,0.5859368958317223,0.6031060928548732,0.5754517390730153,-0.00433916900456346,-1.0867246003352729,-9.246718703608524
LFR,0.10,LE,0.1,4.0,1.0,1,0.5849464601309907,0.6176053492909388,0.6015315236083871,-0.00575237980944095,-3.4390016714857894,-4.270482798456033
LFR,0.10,LE,0.1,2.1,1.0,1,0.6877367973401376,0.7147330863885446,0.6763806787568046,-0.07684566057536396,-0.8189083057215912,-14.118866207317751
LFR,0.10,LE,0.2,2.1,1.0,1,0.6974113172397733,0.7269908213080847,0.6848245652423272,-0.06899361189038143,-0.19637218873474876,-14.373990205170218
LFR,0.10,LE,0.3,2.1,1.0,1,0.6973970044590114,0.7329802687195618,0.6933942345692192,-0.05532405933567883,-0.1463496453232544,-14.53299408168656
LFR,0.10,LE,0.4,2.1,1.0,1,0.6972733943536863,0.7325603561212148,0.6888497044386983,-0.015048316012709978,-0.2489750973509662,-13.950711466248052
LFR,0.10,LE,0.5,2.1,1.0,1,0.6851041049270596,0.7197837116585919,0.6777277723883275,0.019734442987421347,-0.40325645856320236,-13.742983734788627
LFR,0.10,LE,0.3,2.7,1.0,1,0.5805235480627948,0.5952014999202115,0.5715863705047658,-0.008776924550502902,-1.1963027478539516,-9.028178512966996
LFR,0.10,LE,0.1,4.0,1.0,1,0.6033310460981848,0.6411858416748387,0.6185064311719755,-0.016245700153721173,-4.251901479342658,-4.355690864934289
LFR,0.10,LE,0.1,2.1,1.0,1,0.6869055903502668,0.7120999676143764,0.6759049783545975,-0.06397078386284544,-0.7921937223359905,-14.41958639511019
LFR,0.10,LE,0.2,2.1,1.0,1,0.6922494760537142,0.7256421681049472,0.6893649957987268,-0.07057567389115184,-0.2576905427572226,-14.219134895039234
LFR,0.10,LE,0.3,2.1,1.0,1,0.6961965013910592,0.7309238786004207,0.6913854135684698,-0.04620445880904019,-0.1267994004540565,-14.224961583745657
LFR,0.10,LE,0.4,2.1,1.0,1,0.6972154636388213,0.7294882078073206,0.6900386794898649,-0.015515593171699416,-0.12516880112875692,-13.75133227294063
LFR,0.10,LE,0.5,2.1,1.0,1,0.690591361872168,0.7250046373675112,0.6816911945150925,0.04077743024175474,-0.24560007571409126,-13.979041481772496
LFR,0.10,LE,0.3,2.7,1.0,1,0.5777202072538861,0.5946713262072888,0.5713246179293193,-0.01145470183439904,-1.2401624497431931,-8.998752633906737
LFR,0.10,LE,0.1,4.0,1.0,1,0.6020418771962656,0.6393876687561155,0.6243803680154387,-0.0024477576970593625,-4.168948169199785,-4.413818730313508
LFR,0.10,LE,0.1,2.1,1.0,1,0.6927627000695894,0.7158037583071001,0.6778515938222525,-0.07050690579799776,-0.8722500709430874,-14.317591278246638
LFR,0.10,LE,0.2,2.1,1.0,1,0.6990801831871458,0.7276902448103664,0.6834293753696065,-0.04363842049490086,-0.4238983362712084,-15.12597390282818
LFR,0.10,LE,0.3,2.1,1.0,1,0.6945005526125233,0.7298988019815174,0.6887412215225966,-0.03894609785013962,-0.010755389980293422,-14.47547864989473
LFR,0.10,LE,0.4,2.1,1.0,1,0.696346502915846,0.7331347471500336,0.6922691090610695,-0.025840428325230202,-0.08604757681130984,-14.272789186868598
LFR,0.10,LE,0.5,2.1,1.0,1,0.6869013249717989,0.7211910495003175,0.6805669867470416,0.03906854592681391,-0.16861550485739107,-13.865948922606778
LFR,0.10,LE,0.3,2.7,1.0,1,0.5819928853143609,0.5997797907875081,0.575604444587435,-0.017335448029920587,-1.213482001377627,-9.454236830520049
LFR,0.10,LE,0.1,4.0,1.0,1,0.6110036803692845,0.6499735965095774,0.6301825063184079,0.013978666843684711,-4.662818154646446,-4.434109409274217
LFR,0.15,LE,0.1,2.1,1.0,1,0.6947480453559294,0.7395722761597932,0.709336299484268,-0.0731861371289248,-1.0993072340268777,-13.17168579791422
LFR,0.15,LE,0.2,2.1,1.0,1,0.7052888961946248,0.752932910410664,0.7146160000608375,-0.07107830393120783,-0.4542006809924207,-13.37131982377023
LFR,0.15,LE,0.3,2.1,1.0,1,0.7058028328154634,0.7536995681377943,0.7173667948006411,-0.04274098353059527,-0.3381651452474368,-12.64119134268418
LFR,0.15,LE,0.4,2.1,1.0,1,0.7034431994765683,0.7524947436456473,0.7183012035720895,-0.01391747409923363,-0.21926169107956336,-12.776720612363468
LFR,0.15,LE,0.5,2.1,1.0,1,0.6967709282316024,0.7430712080544016,0.7050541644533903,0.03420512301472224,-0.42486493460436464,-12.186140528546332
LFR,0.15,LE,0.3,2.7,1.0,1,0.5886386898669396,0.6128753376796304,0.5855041214613267,-0.006224366712200491,-1.2207406731997341,-8.573193083457465
LFR,0.15,LE,0.1,4.0,1.0,1,0.6176826717742113,0.6583707207436374,0.6394184244256319,0.0007665412039183807,-4.0755279278558465,-4.534036158213223
LFR,0.15,LE,0.1,2.1,1.0,1,0.6913913790986123,0.7355898760017412,0.7012828315437483,-0.07295990634374384,-0.8762770334251146,-12.888478971778166
LFR,0.15,LE,0.2,2.1,1.0,1,0.7018780307388839,0.7472487313532463,0.7100772364493003,-0.05488646976599325,-0.4527536484312285,-13.006916479109801
LFR,0.15,LE,0.3,2.1,1.0,1,0.7064081352649207,0.7551193025374661,0.7200249614443903,-0.04588513404031392,-0.356700510211642,-12.920513992694744
LFR,0.15,LE,0.4,2.1,1.0,1,0.702175513208473,0.7508867335628864,0.7156869279448881,-0.002420807276035409,-0.2884170830648294,-12.362876540984972
LFR,0.15,LE,0.5,2.1,1.0,1,0.6985727300334041,0.7443698908054787,0.705387735247125,0.014497357804033767,-0.3580409645232261,-12.294279625847796
LFR,0.15,LE,0.3,2.7,1.0,1,0.5881064483111565,0.6116107810239395,0.5887929938011033,0.0026760297766218405,-1.578593755874183,-8.622433688373677
LFR,0.15,LE,0.1,4.0,1.0,1,0.626142092864534,0.672401434738324,0.6510062335591619,-0.013902830315684652,-4.479362414063664,-4.547527572002723
LFR,0.15,LE,0.1,2.1,1.0,1,0.6948299152646444,0.7383822283843999,0.7073380977423532,-0.07239165511536952,-0.961570510314546,-13.342264018265244
LFR,0.15,LE,0.2,2.1,1.0,1,0.7002753349223308,0.747265710344064,0.7148803459530797,-0.05971970035355783,-0.4991510054216774,-13.108263402217196
LFR,0.15,LE,0.3,2.1,1.0,1,0.7026350833299705,0.7516898480631822,0.7153102546173318,-0.039729539316493735,-0.5095903710971319,-13.011411850986779
LFR,0.15,LE,0.4,2.1,1.0,1,0.704097489163327,0.7536312890323553,0.7210507580403446,-0.016772647845140994,-0.24580162354193635,-12.464634310282392
LFR,0.15,LE,0.5,2.1,1.0,1,0.6970341127644498,0.7448911522190154,0.7063247073432114,0.04906810774881063,-0.3392780573241389,-12.265596995545321
LFR,0.15,LE,0.3,2.7,1.0,1,0.5856499488229273,0.6092272238978595,0.5870107329578418,-0.008895747639395069,-1.4178390322544412,-8.564140649027047
LFR,0.15,LE,0.1,4.0,1.0,1,0.6277712952158693,0.6736725052975685,0.6600478067425234,-0.01600027695801398,-4.358431285556767,-4.296374662254033
LFR,0.15,LE,0.1,2.1,1.0,1,0.698759670882967,0.7381993725180398,0.7055444008254275,-0.07935516549003249,-1.0111397475271255,-12.943371118033603
LFR,0.15,LE,0.2,2.1,1.0,1,0.7039122215829703,0.7488650184685959,0.7123755290207952,-0.05103539480310662,-0.671694154764639,-13.522718305762812
LFR,0.15,LE,0.3,2.1,1.0,1,0.704007102215407,0.7512115090706188,0.7148669932154723,-0.03883038685456435,-0.2964792991762858,-12.995038922322394
LFR,0.15,LE,0.4,2.1,1.0,1,0.7064079496196941,0.7561908422467337,0.719808331396224,-0.026595989979250233,-0.20218403143637267,-12.731817264951193
LFR,0.15,LE,0.5,2.1,1.0,1,0.6990586091709687,0.7469206226899345,0.7095100728456831,0.0461568085277257,-0.23450502005489154,-12.588519128560351
LFR,0.15,LE,0.3,2.7,1.0,1,0.5867963152507677,0.6122617709886238,0.5888620091117371,-0.023047213961979993,-1.3658187427206507,-8.819381897555187
LFR,0.15,LE,0.1,4.0,1.0,1,0.6256357191607407,0.6700182278501197,0.6547445520079181,0.004135747187727097,-4.376700837616874,-4.51356719208812
LFR,0.20,LE,0.1,2.1,1.0,1,0.7019615518441197,0.7568218090531867,0.7303635441856293,-0.08882137875756793,-1.1110089918027901,-12.136575202717212
LFR,0.20,LE,0.2,2.1,1.0,1,0.711413351962625,0.768425688668305,0.7357524689165627,-0.07179251015453143,-0.6876452092644026,-12.139470962517553
LFR,0.20,LE,0.3,2.1,1.0,1,0.7149931401131882,0.7721900125412637,0.7383058172237058,-0.04377283267198991,-0.532738152311934,-11.574853297539686
LFR,0.20,LE,0.4,2.1,1.0,1,0.7139815780326729,0.7717892146691202,0.739779220277581,-0.01677412289089981,-0.3573052259954623,-11.453969127221793
LFR,0.20,LE,0.5,2.1,1.0,1,0.7049966660213804,0.761559678399132,0.7291412673726203,0.03242877239944607,-0.4061583251925525,-11.14572814339561
LFR,0.20,LE,0.3,2.7,1.0,1,0.5952194527817652,0.6247113560606665,0.5999409515535191,-0.008432977896228966,-1.54352791578438,-8.234941552985184
LFR,0.20,LE,0.1,4.0,1.0,1,0.6431662417253398,0.6931762903120464,0.6745784538645881,0.0045198208640174755,-4.47335721203218,-4.474419395699071
LFR,0.20,LE,0.1,2.1,1.0,1,0.7016788448155881,0.7571016010107173,0.7264260124687982,-0.06470945816478929,-0.9413231763778537,-11.86897667710282
LFR,0.20,LE,0.2,2.1,1.0,1,0.710081648692311,0.7646274466680284,0.7300044446831322,-0.041721203784598766,-0.6582530158431128,-11.89623839783057
LFR,0.20,LE,0.3,2.1,1.0,1,0.7133424798490825,0.7700202817977032,0.7371183605668596,-0.049397825579578725,-0.5660185054628557,-11.650662517565626
LFR,0.20,LE,0.4,2.1,1.0,1,0.7110488355926312,0.7699621394235852,0.7393292132750979,-0.005761119403826159,-0.23876802048911205,-11.22244190802758
LFR,0.20,LE,0.5,2.1,1.0,1,0.7080510206276484,0.7628281782711689,0.728734079061436,0.013947407448973067,-0.3765776641038616,-11.084241592095822
LFR,0.20,LE,0.3,2.7,1.0,1,0.597546652746966,0.6250351534184805,0.6008497727305406,0.012284387693959491,-1.6332409198690665,-8.249373904078087
LFR,0.20,LE,0.1,4.0,1.0,1,0.6394535544691103,0.692917725116837,0.6669764796029056,-0.01367175714700235,-4.5388521842057274,-4.548031091458961
LFR,0.20,LE,0.1,2.1,1.0,1,0.7061586638830898,0.7593608623785636,0.729095680836257,-0.07556205320692942,-0.9856436338281346,-12.07376171538136
LFR,0.20,LE,0.2,2.1,1.0,1,0.7082259965943326,0.7650100793844545,0.735045909193379,-0.05245039240203594,-0.6490348186373129,-11.950520443389149
LFR,0.20,LE,0.3,2.1,1.0,1,0.714199965700566,0.7701889095300516,0.7395852129077415,-0.04247366410337329,-0.6165831863439306,-11.701046247917898
LFR,0.20,LE,0.4,2.1,1.0,1,0.7106143552311436,0.7698167331027461,0.7401460338696138,-0.015278907959223473,-0.3490956923575864,-11.261678797480712
LFR,0.20,LE,0.5,2.1,1.0,1,0.7079219633907639,0.7640194432950113,0.7279034620324705,0.03690580249887639,-0.20959207750151426,-10.99301919245017
LFR,0.20,LE,0.3,2.7,1.0,1,0.5956544434294663,0.624523236654888,0.6014507001832989,-0.009410842063732595,-1.6693312900034103,-8.103704148375892
LFR,0.20,LE,0.1,4.0,1.0,1,0.6415354745140237,0.6923482006155792,0.683474457957578,-0.01378348883492188,-4.391021787248923,-4.398194843434192
LFR,0.20,LE,0.1,2.1,1.0,1,0.7050278357689631,0.7588417451726878,0.733383135691584,-0.08000510550302169,-0.9218314418746707,-12.025013084323291
LFR,0.20,LE,0.2,2.1,1.0,1,0.7116753263764573,0.7673771352095269,0.7330465914064962,-0.038124548918618335,-0.7233570971630207,-11.92634575891859
LFR,0.20,LE,0.3,2.1,1.0,1,0.7131495455324988,0.7695505781507546,0.7355829419903916,-0.033620779125133754,-0.44680618927732474,-11.788332113598528
LFR,0.20,LE,0.4,2.1,1.0,1,0.711548488008342,0.7713523727550943,0.7388390796877468,-0.020926615218560617,-0.28516400267149555,-11.553788559273313
LFR,0.20,LE,0.5,2.1,1.0,1,0.7043728893764385,0.7613398167610588,0.727709075440081,0.04533664989163675,-0.35295163683675396,-11.165344665984144
LFR,0.20,LE,0.3,2.7,1.0,1,0.5915220322763061,0.6210864169669733,0.5984467958401004,-0.025409659125862672,-1.6990689973728792,-8.316643360438878
LFR,0.20,LE,0.1,4.0,1.0,1,0.6405763877517603,0.6891916016128238,0.6734945189729938,0.011317434093087516,-4.331637637824639,-4.613994575278531
LFR,0.25,LE,0.1,2.1,1.0,1,0.7127812572488982,0.773092296623662,0.7505163600690649,-0.09011275053722667,-1.2144940470464118,-11.135414316139784
LFR,0.25,LE,0.2,2.1,1.0,1,0.7170501117734724,0.7797240659203903,0.7479194584245407,-0.05507646889863408,-0.8907685484760719,-11.087657911834933
LFR,0.25,LE,0.3,2.1,1.0,1,0.7239549986280069,0.7849416791894828,0.7544513051437826,-0.040113829293376216,-0.5849716482654417,-10.492095689731878
LFR,0.25,LE,0.4,2.1,1.0,1,0.7221115076238588,0.7867923367898839,0.7591330713026033,-0.01660777105184559,-0.23797112800467402,-10.363394623118614
LFR,0.25,LE,0.5,2.1,1.0,1,0.7120110129631754,0.7713623618356046,0.7432031318674219,0.023203627324940947,-0.6448710078765676,-9.959171735634023
LFR,0.25,LE,0.3,2.7,1.0,1,0.6025890868596881,0.636980851099449,0.6131396219216138,-0.005894477643551995,-1.7695788664460859,-7.960590808823395
LFR,0.25,LE,0.1,4.0,1.0,1,0.6433543751091594,0.6927074693276375,0.677514231942872,-0.00973216561569006,-4.162962276358564,-4.606912687917593
LFR,0.25,LE,0.1,2.1,1.0,1,0.7103920204128973,0.771435789646775,0.7442592849286536,-0.06727582504335354,-1.0010248787471745,-10.92688169927907
LFR,0.25,LE,0.2,2.1,1.0,1,0.7197047317436661,0.778996567081574,0.7485842679867515,-0.03720215480551705,-0.7627398831299165,-10.763383508521716
LFR,0.25,LE,0.3,2.1,1.0,1,0.7196789536266349,0.7815074968027613,0.7543265989385627,-0.05809721040674427,-0.7547271722052852,-10.662431809819985
LFR,0.25,LE,0.4,2.1,1.0,1,0.7214394957593734,0.7860539338265583,0.7592363645779543,0.003671445856616375,-0.17956171320190037,-10.197524597123532
LFR,0.25,LE,0.5,2.1,1.0,1,0.7180451990363658,0.7781553444362078,0.7483094294361892,0.011596047968231535,-0.4407439839558817,-10.12092586914878
LFR,0.25,LE,0.3,2.7,1.0,1,0.6035866740905717,0.6359909540448156,0.6122651847912193,0.02189858300877586,-1.7544597734563032,-7.700079703537478
LFR,0.25,LE,0.1,4.0,1.0,1,0.6589899695593593,0.7161662526827769,0.6939599301784961,-0.023333458250434407,-4.690059500100407,-4.566530250164622
LFR,0.25,LE,0.1,2.1,1.0,1,0.7143818139642775,0.7749996871085663,0.7473534737457936,-0.06821874803036844,-0.961281087545197,-10.994444933964399
LFR,0.25,LE,0.2,2.1,1.0,1,0.7170035394932935,0.7780716956481362,0.7511388741663815,-0.04731694734295169,-0.8242018322812747,-10.885864021876436
LFR,0.25,LE,0.3,2.1,1.0,1,0.7225372724778194,0.7846179563441759,0.7579262531582562,-0.040870126206636714,-0.7799982589472185,-10.780054479121024
LFR,0.25,LE,0.4,2.1,1.0,1,0.7205821013115817,0.7822366588241924,0.7542693513430984,-0.01265315798266658,-0.419380804709959,-10.12027168086413
LFR,0.25,LE,0.5,2.1,1.0,1,0.715636113341746,0.7775582042537066,0.7460535334782202,0.021781449199625224,-0.05001902741933013,-9.90019747718955
LFR,0.25,LE,0.3,2.7,1.0,1,0.6006171121009651,0.6341902105761436,0.6105452418846842,0.004152653188429196,-1.8566748297812723,-7.768440224582591
LFR,0.25,LE,0.1,4.0,1.0,1,0.6518451979938619,0.7055584439800187,0.6910007581363082,-0.003992936354748662,-4.401499970266262,-4.347599189097818
LFR,0.25,LE,0.1,2.1,1.0,1,0.712154952447228,0.7736824394619645,0.7503537356865846,-0.06882602926838298,-0.9974274610552412,-11.118383816974301
LFR,0.25,LE,0.2,2.1,1.0,1,0.7177719821162444,0.7815632350230209,0.7517096682681104,-0.03704924321752346,-0.7555337928903487,-10.808011512202665
LFR,0.25,LE,0.3,2.1,1.0,1,0.7203420836001098,0.7816418955669125,0.7518151631774839,-0.022025022611381756,-0.6222702872696656,-10.629522225863271
LFR,0.25,LE,0.4,2.1,1.0,1,0.7245214812068406,0.7862223392589811,0.7575962451189874,-0.018884069736829247,-0.1964438699973841,-10.35230086270456
LFR,0.25,LE,0.5,2.1,1.0,1,0.7141513329968339,0.7757183301187169,0.7486081983319366,0.03515264185083753,-0.35125343313164875,-10.088658957126068
LFR,0.25,LE,0.3,2.7,1.0,1,0.5965803637713437,0.631018546793336,0.6095846744647504,-0.026351384572413337,-1.929981500598344,-7.927592186876716
LFR,0.25,LE,0.1,4.0,1.0,1,0.6527933727574419,0.7071607317596251,0.6913598785087374,0.005326897278638117,-4.403388097890891,-4.568765064138535
LFR,0.30,LE,0.1,2.1,1.0,1,0.7243016204394075,0.7877843988190127,0.7682472266487014,-0.08249358910851567,-1.2559177346408514,-10.248881450774842
LFR,0.30,LE,0.2,2.1,1.0,1,0.7282435129740519,0.7930658717495149,0.7661223721168207,-0.054457147699075364,-1.0546423861633534,-10.251187001757868
LFR,0.30,LE,0.3,2.1,1.0,1,0.72765582124657,0.7930576778600902,0.7683977101309983,-0.03763014022803377,-0.8486312684480393,-9.749565434506131
LFR,0.30,LE,0.4,2.1,1.0,1,0.7352897363324892,0.7999905966606221,0.7769210512532487,-0.011533005925291304,0.06589122892436429,-9.339365369645895
LFR,0.30,LE,0.5,2.1,1.0,1,0.7194375476289978,0.7806321048040633,0.7544056409500774,0.02807125257866074,-0.6793015762452226,-9.007534621655457
LFR,0.30,LE,0.3,2.7,1.0,1,0.605170270942083,0.6441509938287361,0.6221482603581185,3.726094246364468e-05,-1.927699999368961,-7.602096312029801
LFR,0.30,LE,0.1,4.0,1.0,1,0.6520972010586253,0.7044729030062841,0.6825168104422031,0.009878803690789697,-4.206265634868039,-4.567886707317092
LFR,0.30,LE,0.1,2.1,1.0,1,0.7206730291281439,0.7847452144881238,0.7595823969594493,-0.057151838013724636,-1.06819388871208,-9.98278672128437
LFR,0.30,LE,0.2,2.1,1.0,1,0.7287425149700599,0.7902330867207701,0.7622328784997072,-0.024849482182463502,-0.8601156701745098,-9.862081560664459
LFR,0.30,LE,0.3,2.1,1.0,1,0.7309388475107801,0.7939139481853605,0.7684249907430448,-0.0455004975650867,-0.8078698694013592,-9.758615632667826
LFR,0.30,LE,0.4,2.1,1.0,1,0.7301504543423208,0.7947421855859362,0.7707169155663272,0.0032418524138407186,-0.2649382151166523,-9.328029114451382
LFR,0.30,LE,0.5,2.1,1.0,1,0.7285823151994887,0.7909375339365146,0.7639581406220322,0.009608818275089916,-0.0920842967014605,-9.190366226303345
LFR,0.30,LE,0.3,2.7,1.0,1,0.6077554064131245,0.6432847146802974,0.6207799912591665,0.015466665471540415,-1.8252085732523466,-7.332204457441091
LFR,0.30,LE,0.1,4.0,1.0,1,0.6730471047425547,0.7332328224376651,0.714212477445232,-0.03001738253041094,-4.82195647804401,-4.584488158671419
LFR,0.30,LE,0.1,2.1,1.0,1,0.7228104185306691,0.786533431282128,0.7610022652099223,-0.0752401061397399,-1.0679522448733716,-10.134722721146666
LFR,0.30,LE,0.2,2.1,1.0,1,0.7249750499001996,0.788098008075665,0.7644507917040426,-0.036309873063248975,-0.9448019804397982,-9.902854168760301
LFR,0.30,LE,0.3,2.1,1.0,1,0.733609368874951,0.7965106544254941,0.773407925446391,-0.040540806252512385,-0.7491478077421099,-9.752319338274315
LFR,0.30,LE,0.4,2.1,1.0,1,0.7269228859426983,0.7910211403504963,0.7651132350140863,-0.0030263523851124024,-0.5860134490013136,-9.310074709095433
LFR,0.30,LE,0.5,2.1,1.0,1,0.7226892822025566,0.7868555863013142,0.7581076129499845,0.018720980294294632,-0.1195942258661248,-8.96633210696143
LFR,0.30,LE,0.3,2.7,1.0,1,0.6057171265224957,0.6424673192528494,0.621539995985466,0.005159104997227885,-2.1134572598252164,-7.324088524589722
LFR,0.30,LE,0.1,4.0,1.0,1,0.6691084079668493,0.7280213791900261,0.716595649176449,-0.02760075469483276,-4.663998443385595,-4.530122882021504
LFR,0.30,LE,0.1,2.1,1.0,1,0.7218908440202804,0.7870649063753796,0.7670783971854356,-0.06837288602223844,-1.0697806423025438,-10.17725374630625
LFR,0.30,LE,0.2,2.1,1.0,1,0.7309880239520958,0.7941721048920124,0.7662006576191691,-0.04161323425328041,-0.8978441894107776,-9.934747966014212
LFR,0.30,LE,0.3,2.1,1.0,1,0.7295668365346922,0.7936018492067969,0.7681430001467807,-0.012095911699620302,-0.8002906611909973,-9.858483175222359
LFR,0.30,LE,0.4,2.1,1.0,1,0.734023536421868,0.7980615683312907,0.7755527338979707,-0.01701288142149714,-0.09780791924690911,-9.390010621175229
LFR,0.30,LE,0.5,2.1,1.0,1,0.7211897738446411,0.786171063273138,0.7627166514014234,0.035577141644002934,-0.3951432450479077,-9.110399795838626
LFR,0.30,LE,0.3,2.7,1.0,1,0.6050211285110614,0.64058925162419,0.619336491489713,-0.02661345545870798,-1.9289665525632698,-7.456606934751929
LFR,0.30,LE,0.1,4.0,1.0,1,0.6616318237715875,0.7184742470236208,0.6997824836359394,0.00405413885751475,-4.499372223625665,-4.667567399138558
LFR,0.35,LE,0.1,2.1,1.0,1,0.7323483753546384,0.7989209551897194,0.7837747526895155,-0.08083121357883517,-1.3065948160570175,-9.487900436369346
LFR,0.35,LE,0.2,2.1,1.0,1,0.7327099790423989,0.8013866222873796,0.7768674543491669,-0.057656113798070834,-1.1930715085265786,-9.3160007198947
LFR,0.35,LE,0.3,2.1,1.0,1,0.7381404675215029,0.8036748948219835,0.7793925891741544,-0.02183455331699707,-0.7251534885744539,-8.81691186624321
LFR,0.35,LE,0.4,2.1,1.0,1,0.742860962566845,0.8091696073665247,0.7892893331122406,-0.009111858595870421,-0.055491764523943915,-8.479632330093104
LFR,0.35,LE,0.5,2.1,1.0,1,0.7269742938077463,0.7906888698700991,0.7676562981492826,0.007162640026492813,-0.5831858481194432,-8.31232152466008
LFR,0.35,LE,0.3,2.7,1.0,1,0.6099421779633794,0.6520916050223786,0.6306778763279579,-0.003370473843164178,-2.0791649483275028,-7.303983155488326
LFR,0.35,LE,0.1,4.0,1.0,1,0.6609857208659604,0.7134966937874354,0.6905380176045703,0.015127631193764274,-4.244675391022275,-4.516988414037044
LFR,0.35,LE,0.1,2.1,1.0,1,0.7309565869064826,0.7957635887085154,0.7723722072339398,-0.05133463621841645,-1.137591253649313,-9.227059410561615
LFR,0.35,LE,0.2,2.1,1.0,1,0.733489171906067,0.796677727962141,0.7746368003382879,-0.023057004227531812,-1.0238776492124666,-9.067200042678536
LFR,0.35,LE,0.3,2.1,1.0,1,0.7398026489367315,0.8056549644494049,0.7826017672050447,-0.04044784323599725,-0.6653962459132913,-8.877072616500245
LFR,0.35,LE,0.4,2.1,1.0,1,0.7380213903743316,0.8031020389487833,0.783316513638971,0.004856354676185008,-0.18932017942617568,-8.517999446875663
LFR,0.35,LE,0.5,2.1,1.0,1,0.7312895454425119,0.7986670956958786,0.776331608111634,0.00822156766443575,-0.27726834348282936,-8.380470957673282
LFR,0.35,LE,0.3,2.7,1.0,1,0.6143591390941214,0.6507548747335394,0.6301852990359208,0.02623033093196862,-2.025463181371159,-6.973615479446085
LFR,0.35,LE,0.1,4.0,1.0,1,0.6762826049404043,0.7369780122214951,0.7204142348737967,0.0012377902329499882,-4.680420493942132,-4.6233821228471434
LFR,0.35,LE,0.1,2.1,1.0,1,0.7293239119961458,0.796640212611069,0.7764911610712341,-0.0642717162724086,-1.2548710320959255,-9.37235518558652
LFR,0.35,LE,0.2,2.1,1.0,1,0.7310978558761889,0.7970657036654261,0.7782526483641268,-0.03114344336295818,-1.0490959576163859,-9.173666336038375
LFR,0.35,LE,0.3,2.1,1.0,1,0.7375600232177721,0.8045030472636799,0.7864503530645062,-0.04872725986446745,-0.9253000347210775,-9.039994413649609
LFR,0.35,LE,0.4,2.1,1.0,1,0.7372994652406417,0.8020588692842232,0.7819407641087387,-0.005567810676073928,-0.46205281954186733,-8.55964469417532
LFR,0.35,LE,0.5,2.1,1.0,1,0.7328056335045269,0.7973275216140926,0.7710602236721474,0.01700644976247399,-0.08194140387179906,-8.17997997958119
LFR,0.35,LE,0.3,2.7,1.0,1,0.6136899025591606,0.651501481576035,0.6299691397119814,-0.019363397644778332,-2.2794299409730754,-7.069177067621627
LFR,0.35,LE,0.1,4.0,1.0,1,0.6784326145164541,0.7394975293383201,0.7230963296724257,-0.016326238229215567,-4.72424233156975,-4.674492850051503
LFR,0.35,LE,0.1,2.1,1.0,1,0.7334992773406135,0.7989282793966954,0.7831251923983782,-0.06701365238091346,-1.100069183185686,-9.36198387334385
LFR,0.35,LE,0.2,2.1,1.0,1,0.7385404911601913,0.8033413089926673,0.7794569684400652,-0.04535068237508598,-0.7340129396658535,-8.933598995371232
LFR,0.35,LE,0.3,2.1,1.0,1,0.7393277399609519,0.8051435516440268,0.7845350910880172,-0.013266971815090373,-0.759308771481554,-9.001032450128987
LFR,0.35,LE,0.4,2.1,1.0,1,0.740668449197861,0.8082600960851039,0.7893275090488316,-0.015647148111085682,-0.12311275311069692,-8.535499322798534
LFR,0.35,LE,0.5,2.1,1.0,1,0.7300259437708476,0.7968351426648386,0.7777935547455448,0.030757993316975457,-0.3836441004976793,-8.361035877010975
LFR,0.35,LE,0.3,2.7,1.0,1,0.6089517078916372,0.6478641140060425,0.62973960975715,-0.031760297881040844,-2.1884651434343105,-7.182275378209496
LFR,0.35,LE,0.1,4.0,1.0,1,0.6595554787815973,0.7114512536687448,0.6955658800078435,-0.059613216965257274,-4.107198258794796,-4.467421718685167
LFR,0.40,LE,0.1,2.1,1.0,1,0.7387497100440733,0.8076520895847723,0.7931060637064892,-0.08109691779986489,-1.397967782959768,-8.755504578350886
LFR,0.40,LE,0.2,2.1,1.0,1,0.741485707632299,0.8100007134739154,0.7889782330922414,-0.047556747297333044,-1.3270033104251662,-8.698028690659656
LFR,0.40,LE,0.3,2.1,1.0,1,0.743040073172126,0.8116947671670607,0.7917854199040996,-0.010538521153874601,-0.7736093850438042,-8.092776540951087
LFR,0.40,LE,0.4,2.1,1.0,1,0.7471034642567489,0.8173438855160742,0.8007360650670963,-0.004094215892312241,-0.07317065605251767,-7.74916543916443
LFR,0.40,LE,0.5,2.1,1.0,1,0.7320102102274357,0.7992922509134761,0.7794701943809735,0.0064583127239121905,-0.6062415210589281,-7.633316434215577
LFR,0.40,LE,0.3,2.7,1.0,1,0.6159378262382554,0.6587488023844899,0.639122443782981,-0.003862892822590465,-2.29208573743055,-6.969199067070636
LFR,0.40,LE,0.1,4.0,1.0,1,0.6656998502994012,0.721239764269956,0.6996853241997794,0.009979104311132171,-4.297210017058003,-4.599522146672762
LFR,0.40,LE,0.1,2.1,1.0,1,0.7358211551844119,0.8032191638766059,0.7835158532809011,-0.04021292015025421,-1.3340799207209542,-8.60879633044632
LFR,0.40,LE,0.2,2.1,1.0,1,0.7373522733888339,0.8046913809453198,0.7895596867381426,-0.028766476440826586,-1.173192994501346,-8.457972790741948
LFR,0.40,LE,0.3,2.1,1.0,1,0.7421540044589264,0.8126061344824412,0.7935534557581139,-0.03957850026955832,-0.8118959378842446,-8.220473595558492
LFR,0.40,LE,0.4,2.1,1.0,1,0.7453365774533658,0.8146438886666567,0.7978509417943881,0.007557707057901434,0.013530721785102406,-7.8283968334435725
LFR,0.40,LE,0.5,2.1,1.0,1,0.7388074683798435,0.8058422867687046,0.7849848176994123,0.01390371346299751,-0.2312402684909259,-7.642634000786496
LFR,0.40,LE,0.3,2.7,1.0,1,0.6181127479410741,0.6592997152740478,0.6435229300355934,0.030087884976860067,-2.243249820230883,-6.79416568760944
LFR,0.40,LE,0.1,4.0,1.0,1,0.6623105233609881,0.7160705258229642,0.6936578424655943,0.06931345646074193,-4.061315377524572,-4.5384406851496495
LFR,0.40,LE,0.1,2.1,1.0,1,0.7358501507770819,0.8057886300795153,0.7882815799115364,-0.058579840716897445,-1.1989572602235072,-8.591975154876167
LFR,0.40,LE,0.2,2.1,1.0,1,0.7364499039413169,0.804465666146287,0.7872091276929646,-0.04300027577146124,-1.1433087261339094,-8.431844831931796
LFR,0.40,LE,0.3,2.1,1.0,1,0.7408391928199851,0.8116243369566101,0.7953431081297333,-0.023823894059723568,-1.0343861046967304,-8.378270126116808
LFR,0.40,LE,0.4,2.1,1.0,1,0.7453365774533658,0.8126131389009132,0.795016473056568,-0.0032055748111903494,-0.16713922086764182,-7.784773511553551
LFR,0.40,LE,0.5,2.1,1.0,1,0.7363198348055524,0.8038855441026844,0.7805970771859546,0.0026495626723062214,-0.12543743864661627,-7.500754319369813
LFR,0.40,LE,0.3,2.7,1.0,1,0.6169237907435332,0.6578949864683423,0.6407994516238004,-0.018850478564258547,-2.4354819849941682,-6.753704881691266
LFR,0.40,LE,0.1,4.0,1.0,1,0.6811802133366602,0.7387343645522431,0.7232492645905308,-0.028264664196897812,-4.584212747838309,-4.608147455610249
LFR,0.40,LE,0.1,2.1,1.0,1,0.7423161679424728,0.8083051024817643,0.795406440800259,-0.0727695924634168,-0.9922903834483926,-8.459033230255192
LFR,0.40,LE,0.2,2.1,1.0,1,0.7436106421377423,0.8098524806338401,0.7910013013966163,-0.036424632997282186,-0.9710713051718958,-8.292552040385301
LFR,0.40,LE,0.3,2.1,1.0,1,0.745012290630538,0.8124512350774971,0.7965233301700814,-0.015421042179314915,-0.7260258149649363,-8.26172820812707
LFR,0.40,LE,0.4,2.1,1.0,1,0.7469296721121539,0.8180171564050503,0.8016137995122355,-0.014275465842304496,0.022505584027474018,-7.758093312491557
LFR,0.40,LE,0.5,2.1,1.0,1,0.7374956980612596,0.8040282979168503,0.7874375857640756,0.02250778361030457,-0.31506705884643327,-7.587013613435807
LFR,0.40,LE,0.3,2.7,1.0,1,0.6148358659088273,0.6562959771030891,0.6396781251039476,-0.025876676969199916,-2.2650182262013274,-6.7830541208452955
LFR,0.40,LE,0.1,4.0,1.0,1,0.6646290116333469,0.720969852292172,0.7029095775870744,-0.013162218749292503,-4.248176575762367,-4.498530722808427
LFR,0.45,LE,0.1,2.1,1.0,1,0.7476434491048269,0.8166480549370823,0.8033635891652369,-0.06147174974334802,-1.32543789566441,-8.086636427715327
LFR,0.45,LE,0.2,2.1,1.0,1,0.7458719674838055,0.815398390126608,0.798981619383283,-0.05631074170503238,-1.451722314031074,-8.130385365260508
LFR,0.45,LE,0.3,2.1,1.0,1,0.74792641097599,0.8187206443186478,0.8017182126610815,-0.013449846316116372,-0.8815021221018527,-7.512591597734233
LFR,0.45,LE,0.4,2.1,1.0,1,0.756304114264046,0.8264600849737866,0.8132186561216137,-0.006995376669063957,0.10502934061532608,-7.086209117361615
LFR,0.45,LE,0.5,2.1,1.0,1,0.7352481071272136,0.8055127608359153,0.7870075521178794,0.023532579962625536,-0.6717404407636001,-7.105316687612256
LFR,0.45,LE,0.3,2.7,1.0,1,0.6229041442581461,0.6688623218698386,0.6524898298272556,0.006968389643678901,-2.4232465068503966,-6.6635779719221615
LFR,0.45,LE,0.1,4.0,1.0,1,0.6713391399020141,0.7281708129253451,0.7068666333451785,-0.014033214592539228,-4.344182999655678,-4.516941023329578
LFR,0.45,LE,0.1,2.1,1.0,1,0.7420446637565635,0.8127421311337477,0.7936447813622052,-0.047129821027540035,-0.796696873990027,-7.671775617982018
LFR,0.45,LE,0.2,2.1,1.0,1,0.7424107709894576,0.813619809838741,0.8009305630222529,-0.025233484072688078,-1.1079325869386691,-7.786595484220211
LFR,0.45,LE,0.3,2.1,1.0,1,0.7510757717492984,0.8211115165618864,0.8037539033775664,-0.02827900221771129,-0.6476178615933703,-7.525620871432593
LFR,0.45,LE,0.4,2.1,1.0,1,0.7542185426278203,0.822643716425157,0.8070001283400037,0.004095143293257737,0.04602057467361689,-7.197934535881242
LFR,0.45,LE,0.5,2.1,1.0,1,0.741372297487563,0.8112356509533649,0.7931962218448221,0.006623218153104897,-0.22361201770270403,-7.0337809851464606
LFR,0.45,LE,0.3,2.7,1.0,1,0.6253717178108193,0.666755015376923,0.6502200695802653,0.03004076167770551,-2.526792448200693,-6.547305873695248
LFR,0.45,LE,0.1,4.0,1.0,1,0.6694906604062468,0.7245959600295462,0.706051915092871,0.05010602554044848,-4.21026789823379,-4.615312166109955
LFR,0.45,LE,0.1,2.1,1.0,1,0.7441323464287973,0.8147732944375059,0.8001339622025508,-0.07186969519274897,-1.2520116257285283,-8.016372949714476
LFR,0.45,LE,0.2,2.1,1.0,1,0.7437126889368728,0.8141951869647148,0.7987382053915375,-0.052298311241465965,-1.20703545251047,-7.759953333383452
LFR,0.45,LE,0.3,2.1,1.0,1,0.7477705020268164,0.819513332670222,0.8056892764545867,-0.012070583521460766,-1.0737967724879853,-7.7502373085937535
LFR,0.45,LE,0.4,2.1,1.0,1,0.7555773241483916,0.8238232353391445,0.8100310306818401,-0.002298099490643135,0.018012357353744082,-7.091453079324773
LFR,0.45,LE,0.5,2.1,1.0,1,0.7414116763656843,0.8104176733774743,0.7902658292017983,0.0018227751964149603,-0.20125444455670283,-6.940237165197493
LFR,0.45,LE,0.3,2.7,1.0,1,0.6198671306548561,0.6641974451159092,0.649115297555071,-0.025386692301569928,-2.698904160954656,-6.542497797099943
LFR,0.45,LE,0.1,4.0,1.0,1,0.6900646478394011,0.7522907026054674,0.7348621875069177,-0.02688704425890425,-4.7188107364110845,-4.686599921243068
LFR,0.45,LE,0.1,2.1,1.0,1,0.7470424495476687,0.8161763171207073,0.8042398643867689,-0.06166568590124793,-0.8888331402927377,-7.769177837428064
LFR,0.45,LE,0.2,2.1,1.0,1,0.7498729836148863,0.8196735732142013,0.8062302507541557,-0.04896357048792074,-0.5040198422206466,-7.498610549261122
LFR,0.45,LE,0.3,2.1,1.0,1,0.7503585905830995,0.8213465302212994,0.8080729843534946,-0.019179355441610677,-0.6209086612657875,-7.604675387256567
LFR,0.45,LE,0.4,2.1,1.0,1,0.7562409151235543,0.8276265111251797,0.8120397623152873,-0.008638542109666306,0.02699393077977533,-7.199000018403888
LFR,0.45,LE,0.5,2.1,1.0,1,0.7408879016362669,0.8108020082664489,0.7976815746786454,0.021310921944048128,-0.33774630537764533,-6.945622279799703
LFR,0.45,LE,0.3,2.7,1.0,1,0.6191078772540335,0.6622312806516384,0.6461432254933619,-0.014561325234715174,-2.475684470442172,-6.437262925776105
LFR,0.45,LE,0.1,4.0,1.0,1,0.6613248953761356,0.7124879582910952,0.6905717995102018,-0.0519351183891271,-4.007021452275089,-4.4801245573319255
LFR,0.50,LE,0.1,2.1,1.0,1,0.7484690327070286,0.8222165708056635,0.8123144870426874,-0.08022155229575065,-1.1849414276063484,-7.3866459078269
LFR,0.50,LE,0.2,2.1,1.0,1,0.753684945860985,0.82447396529047,0.8089403275439278,-0.0372649284066908,-1.1395770192595476,-7.289812585939222
LFR,0.50,LE,0.3,2.1,1.0,1,0.751269035532995,0.8230473459378638,0.8077897033419057,-0.008457969088200479,-0.9134865045050534,-6.978837417509427
LFR,0.50,LE,0.4,2.1,1.0,1,0.7614529023288147,0.8339806133261907,0.8230993582951937,-0.005293750621167931,0.16184115517730616,-6.538903539519928
LFR,0.50,LE,0.5,2.1,1.0,1,0.7469713656387665,0.8171694826123397,0.8014160061970537,0.007737404630670203,-0.16973629034909593,-6.45142462307176
LFR,0.50,LE,0.3,2.7,1.0,1,0.6260787861915368,0.6729526429990427,0.655525396207681,0.011479647374823963,-2.4877311114737255,-6.233266403552329
LFR,0.50,LE,0.1,4.0,1.0,1,0.6633233532934132,0.7140478308766889,0.6943687261438358,-0.04182334600546927,-4.017760519404443,-4.452720171518324
LFR,0.50,LE,0.1,2.1,1.0,1,0.746972860125261,0.8180652978325583,0.8014157911115067,-0.05227828378955519,-0.8280356503548524,-7.097606500344287
LFR,0.50,LE,0.2,2.1,1.0,1,0.7472231924554663,0.8201814007446104,0.8085090813406164,-0.0234448917614716,-1.0760280312633175,-7.1732036710289195
LFR,0.50,LE,0.3,2.1,1.0,1,0.7573055288791329,0.8287639418017716,0.8138712248449591,-0.022820017575732546,-0.6254798002629162,-6.92918962781357
LFR,0.50,LE,0.4,2.1,1.0,1,0.7588460201598888,0.8309863383789234,0.8197792359153957,0.009612477870207487,0.06835335182655518,-6.595796501845211
LFR,0.50,LE,0.5,2.1,1.0,1,0.7451904876621812,0.8152929761193749,0.8001700725913653,0.013697896071475318,-0.33787415257327535,-6.473541813307399
LFR,0.50,LE,0.3,2.7,1.0,1,0.6228424276169265,0.6677221062194012,0.6558865483697215,0.025697212304228625,-2.576082972045306,-6.130090038346574
LFR,0.50,LE,0.1,4.0,1.0,1,0.6691492945095251,0.72329469988044,0.6975276612181449,0.0332618889920519,-4.113636777288668,-4.590017579166765
LFR,0.50,LE,0.1,2.1,1.0,1,0.7495128740431455,0.8213568968831977,0.8082778463240305,-0.07533127070364806,-0.7241035435825772,-7.168109837060904
LFR,0.50,LE,0.2,2.1,1.0,1,0.7491442542787287,0.8217247064056581,0.8090532660279595,-0.0493613944526512,-0.9776165321270416,-7.084895507863164
LFR,0.50,LE,0.3,2.1,1.0,1,0.7577171079709151,0.8300390144680582,0.817168224071237,-0.01024846223285138,-0.7390071035699308,-7.052117601514699
LFR,0.50,LE,0.4,2.1,1.0,1,0.7617657281890858,0.8318759415251351,0.8188700847889541,-0.0040287173962641415,0.16087102602877032,-6.487447118453863
LFR,0.50,LE,0.5,2.1,1.0,1,0.752116456741689,0.8199803317835497,0.8034354823522776,-0.006411341359836395,0.07427232037880448,-6.335702208846157
LFR,0.50,LE,0.3,2.7,1.0,1,0.6245824053452116,0.6712835916457507,0.6557267345411486,-0.02461190727636001,-2.527524563989391,-6.0688215569508985
LFR,0.50,LE,0.1,4.0,1.0,1,0.6882251665543828,0.7526737114593594,0.7284519135909591,0.01426095845362648,-4.718754822765872,-4.618708293446678
LFR,0.50,LE,0.1,2.1,1.0,1,0.7542797494780793,0.8244844934718147,0.8114397974995399,-0.04420277009372869,-0.6404491006036332,-7.113822391042147
LFR,0.50,LE,0.2,2.1,1.0,1,0.7611246943765281,0.8317857194706841,0.8178452942265151,-0.03315647407832268,0.02429305055424109,-6.74281916306046
LFR,0.50,LE,0.3,2.1,1.0,1,0.7517492111400741,0.8266577445710457,0.8178365049402203,-0.018935426066406226,-0.7646827022559148,-7.0616070472821235
LFR,0.50,LE,0.4,2.1,1.0,1,0.762356621480709,0.835510757413591,0.8227782046231752,-0.004652095089947243,0.05270190886752845,-6.617536200888703
LFR,0.50,LE,0.5,2.1,1.0,1,0.7477201555456141,0.8190677950646397,0.8092122810178584,0.01348251120419067,-0.13624612251960186,-6.418516521617477
LFR,0.50,LE,0.3,2.7,1.0,1,0.6191188752783965,0.6659613427326749,0.6478239926181394,-0.009783318959500513,-2.5223255304526226,-6.100566434523689
LFR,0.50,LE,0.1,4.0,1.0,1,0.6583330214454134,0.7083784275726033,0.6821112031948288,-0.030487487375838472,-3.9141348394128292,-4.495157286270939
LFR,0.55,LE,0.1,2.1,1.0,1,0.752029691486894,0.8285305798600187,0.8195227531618829,-0.0683899086092451,-1.3065875536408706,-6.94217106085009
LFR,0.55,LE,0.2,2.1,1.0,1,0.7689979042148568,0.8384252629977152,0.8211213491980747,-0.030612242373759365,-0.18105002908757895,-6.352184283173316
LFR,0.55,LE,0.3,2.1,1.0,1,0.756592987804878,0.8298654016861244,0.8184610911157526,-0.01610479343999487,-0.8989700588432096,-6.506196082976727
LFR,0.55,LE,0.4,2.1,1.0,1,0.768556422337221,0.8428147053101191,0.8345518436165956,-0.0004537975259278416,0.33029698148912134,-6.0110003408770085
LFR,0.55,LE,0.5,2.1,1.0,1,0.7563475068828388,0.827831645636901,0.8140970659202649,0.009192329830755111,0.0020993013298144392,-5.928155698115408
LFR,0.55,LE,0.3,2.7,1.0,1,0.6291083442889182,0.6770906449017358,0.6614618023022115,0.023855660934507587,-2.7664230253482875,-5.99616273977637
LFR,0.55,LE,0.1,4.0,1.0,1,0.6758296598186808,0.7281091548948906,0.7042815614882909,-0.04968185848245978,-4.307857720736461,-4.615059836712091
LFR,0.55,LE,0.1,2.1,1.0,1,0.7520683522771205,0.8233120099031888,0.8094132875789881,-0.0557753733863658,-0.7671745528111457,-6.585427043096215
LFR,0.55,LE,0.2,2.1,1.0,1,0.7547543274082124,0.8270837383597393,0.8147499107633134,-0.011586469815289078,-0.9388222581253731,-6.610388745689528
LFR,0.55,LE,0.3,2.1,1.0,1,0.7671875,0.8403865526007585,0.8266044185051815,-0.02541577704077468,-0.13487313446614577,-6.29239839340108
LFR,0.55,LE,0.4,2.1,1.0,1,0.7674364717695219,0.8412005110770925,0.8320384511515644,0.014256275589447654,0.21912392558608498,-6.035457901157399
LFR,0.55,LE,0.5,2.1,1.0,1,0.750372834690834,0.8217481616839162,0.8102165265276731,0.015769189093173125,-0.24528261061939866,-5.9779507698757754
LFR,0.55,LE,0.3,2.7,1.0,1,0.6235016626711004,0.672721111531811,0.659976218123897,0.012380013026304919,-2.7877264789454497,-5.9528073456392185
LFR,0.55,LE,0.1,4.0,1.0,1,0.6694531087544188,0.7258915189613564,0.7055327988108074,0.05632373224203532,-4.217734426786947,-4.632140672017852
LFR,0.55,LE,0.1,2.1,1.0,1,0.7539627309982216,0.8281160039415651,0.8159230830156264,-0.07269338123298302,-0.6032499959766078,-6.654592066793096
LFR,0.55,LE,0.2,2.1,1.0,1,0.7574322750912055,0.8301186655996492,0.8179439926852982,-0.05009343625774976,-0.7187961393299978,-6.463855549733728
LFR,0.55,LE,0.3,2.1,1.0,1,0.7618140243902439,0.8348732327762493,0.8239920757513333,-0.007655917012255408,-0.7106167634376939,-6.522873169824814
LFR,0.55,LE,0.4,2.1,1.0,1,0.763729049200587,0.8346712448752142,0.8242821285104808,-0.0024000415208000857,0.021679058589629555,-6.019530598320596
LFR,0.55,LE,0.5,2.1,1.0,1,0.7514530437442642,0.8246227470734819,0.8100902090750319,-0.007528297421002391,-0.02139110993209447,-5.904659497187575
LFR,0.55,LE,0.3,2.7,1.0,1,0.627600340267574,0.6770517000398079,0.6623784087413613,-0.0221229582496681,-2.7221105643916252,-5.847871209751631
LFR,0.55,LE,0.1,4.0,1.0,1,0.6891532190983197,0.7493023728111616,0.7278461417967184,0.022261367481129953,-4.5945306805421255,-4.6297897705161875
LFR,0.55,LE,0.1,2.1,1.0,1,0.7561277352509085,0.8299900344063397,0.8193378009430785,-0.03726775836052763,-0.6424608027229143,-6.616470963965294
LFR,0.55,LE,0.2,2.1,1.0,1,0.7728013661414267,0.8423603618325534,0.8291410748697869,-0.03140276543459603,0.3040241296247586,-6.172398413292699
LFR,0.55,LE,0.3,2.1,1.0,1,0.761204268292683,0.8347406387102172,0.8245449809064376,-0.006164754153128446,-0.6332185407155289,-6.487936336658518
LFR,0.55,LE,0.4,2.1,1.0,1,0.7696763729049201,0.8432268280765052,0.8331121219348849,-0.0012441188052446667,0.10924717353298731,-6.083538467245756
LFR,0.55,LE,0.5,2.1,1.0,1,0.7507360532252514,0.8242097896608023,0.8158451221984337,0.010766133552293077,-0.20532146223900888,-5.958674202461919
LFR,0.55,LE,0.3,2.7,1.0,1,0.6233083288222102,0.6727145688906948,0.6524281812960641,-0.018684133537133045,-2.575725325100581,-5.853483359254174
LFR,0.55,LE,0.1,4.0,1.0,1,0.6656408550278633,0.7202737344089977,0.6982194020710741,-0.004305084765412836,-4.105661737772374,-4.4273049420673765
LFR,0.60,LE,0.1,2.1,1.0,1,0.767223382045929,0.8386327924293295,0.8260276424438623,-0.03741399908229367,-0.31691240159249867,-6.065556580037658
LFR,0.60,LE,0.2,2.1,1.0,1,0.7728344393992316,0.845158249244306,0.8289883723838731,-0.027284998317006516,-0.07839701507839189,-5.859710175958458
LFR,0.60,LE,0.3,2.1,1.0,1,0.7650060024009604,0.8373682716588118,0.8274064117326154,-0.009537069836938444,-0.5668985149463626,-5.943663872708841
LFR,0.60,LE,0.4,2.1,1.0,1,0.7749826207855405,0.8495917862944989,0.8424403674511689,0.00029598633004845675,0.3316148418636473,-5.542017725661428
LFR,0.60,LE,0.5,2.1,1.0,1,0.7591740159174016,0.8325097773948611,0.8205167009259025,0.010835380024028823,0.10178658880473539,-5.439420401474365
LFR,0.60,LE,0.3,2.7,1.0,1,0.6354184792065426,0.683280901067939,0.6689556952354323,0.009434694519616942,-2.9932353327888754,-5.761967975563807
LFR,0.60,LE,0.1,4.0,1.0,1,0.6420885187611116,0.6894416003758905,0.6658708074140707,-0.06663329075852453,-3.853615884773367,-4.431740654350049
LFR,0.60,LE,0.1,2.1,1.0,1,0.760786360473208,0.8312116232132298,0.8176053679106436,-0.025998838377855563,-0.5435206559596804,-6.044098386539171
LFR,0.60,LE,0.2,2.1,1.0,1,0.7700838281522878,0.8414214338600978,0.8295147775822223,-0.009282627940672432,-0.1476750956947426,-5.8299021109640625
LFR,0.60,LE,0.3,2.1,1.0,1,0.7716515177499571,0.8459586225650806,0.8352110927365328,-0.024641198119169976,-0.031852082596434246,-5.768188644000584
LFR,0.60,LE,0.4,2.1,1.0,1,0.7742005561348627,0.8490194713046033,0.841473243614925,0.013694864844744203,0.3153408373359785,-5.596860204972606
LFR,0.60,LE,0.5,2.1,1.0,1,0.7528718323796412,0.8274903054404507,0.8174814477674195,0.020758571474976995,-0.24076261734077017,-5.587478695890836
LFR,0.60,LE,0.3,2.7,1.0,1,0.6272402992865843,0.6801926586007652,0.6663251029386288,-0.00734181462687647,-2.89950135832357,-5.6790111867509925
LFR,0.60,LE,0.1,4.0,1.0,1,0.6607401862162542,0.7114618767845684,0.6894067565262083,0.02522292274015174,-4.058826867272711,-4.528922453639396
LFR,0.60,LE,0.1,2.1,1.0,1,0.7623086290883786,0.8367697726333907,0.8242593579688239,-0.04856074743671948,-0.190484026593308,-6.000548433906085
LFR,0.60,LE,0.2,2.1,1.0,1,0.7626178833391547,0.8384950673856979,0.8261386492517766,-0.030689727204716553,-0.48538810692040407,-5.948421288957015
LFR,0.60,LE,0.3,2.1,1.0,1,0.7699794203395643,0.8431964328470933,0.8334112308044694,-0.004694465085870797,-0.3695557618453962,-5.935978622837663
LFR,0.60,LE,0.4,2.1,1.0,1,0.7730709071949948,0.8435456907823957,0.8345363258284928,0.0030519322436962505,0.05112137679486236,-5.609075815404676
LFR,0.60,LE,0.5,2.1,1.0,1,0.7557649285837206,0.8297415217164161,0.818024448749364,-0.006852639814510162,-0.10135155293966548,-5.522091516412487
LFR,0.60,LE,0.3,2.7,1.0,1,0.6293283452235949,0.677173932888295,0.6646750049052046,-0.019845212537845585,-2.9726006467363058,-5.638740581631839
LFR,0.60,LE,0.1,4.0,1.0,1,0.6941793000187161,0.7569806799151831,0.7378347572024192,-0.041003539095526696,-4.827968733837781,-4.659906406207766
LFR,0.60,LE,0.1,2.1,1.0,1,0.7678757828810021,0.8390277590123629,0.827325545504348,-0.007584527889965881,-0.2950572396588434,-6.012732071126645
LFR,0.60,LE,0.2,2.1,1.0,1,0.7789469088368843,0.8485190246913145,0.8379428062127705,-0.019390373077752418,0.3056565105463361,-5.717319882432812
LFR,0.60,LE,0.3,2.1,1.0,1,0.7678785800034299,0.8402080630375481,0.8313122436026519,0.003640876410381433,-0.5737720321019748,-5.9975955453059075
LFR,0.60,LE,0.4,2.1,1.0,1,0.776199165797706,0.8486447565333342,0.8387810480555846,-0.0023051363855330358,0.17335901467336362,-5.599140533781304
LFR,0.60,LE,0.5,2.1,1.0,1,0.7539255753925576,0.8279067313127875,0.8220899813295214,-0.0010660745916038375,-0.23016254435231687,-5.5271056446388185
LFR,0.60,LE,0.3,2.7,1.0,1,0.6280668174699844,0.6766725024205971,0.6614188548264655,-0.007032395662115064,-2.6554350099406556,-5.602278523028126
LFR,0.60,LE,0.1,4.0,1.0,1,0.6534269005847954,0.7077787739024171,0.6829256839432266,0.09349859805540665,-3.9861943040262062,-4.416636465476818
LFR,0.65,LE,0.1,2.1,1.0,1,0.7715975743115618,0.8426495625308641,0.8292577713105684,-0.017559228868291695,-0.4196783081839593,-5.683091060610394
LFR,0.65,LE,0.2,2.1,1.0,1,0.7780439121756487,0.851957193397636,0.8375568859803335,-0.01938572147085199,0.012657532788149137,-5.417179622576823
LFR,0.65,LE,0.3,2.1,1.0,1,0.7767542140337123,0.8488239752252787,0.8391687005109574,0.002305080666665764,-0.07409885994383203,-5.377178836885451
LFR,0.65,LE,0.4,2.1,1.0,1,0.7774577954319761,0.8526339358354478,0.8451829731531756,0.009986202204294536,0.3239243668076243,-5.124792519380165
LFR,0.65,LE,0.5,2.1,1.0,1,0.7612211788997592,0.8341692457211766,0.8234884993081837,0.008279768071603627,0.001259778038172751,-5.069217965811225
LFR,0.65,LE,0.3,2.7,1.0,1,0.6338238218333665,0.6830080304565593,0.6670443611237596,0.00954184222103927,-2.8531223559048,-5.341354909738229
LFR,0.65,LE,0.1,4.0,1.0,1,0.6431397711474709,0.6906279991582914,0.6674515621071261,-0.10106175206338674,-3.9774294344963006,-4.482643579513788
LFR,0.65,LE,0.1,2.1,1.0,1,0.7837260165026344,0.8519212735920797,0.8379063429270688,-0.010237566125580189,0.4754352485168108,-5.23195344810192
LFR,0.65,LE,0.2,2.1,1.0,1,0.7797904191616767,0.8505115816271647,0.83947527371073,-0.014029765198005464,0.10883094795765957,-5.336852988584434
LFR,0.65,LE,0.3,2.1,1.0,1,0.7757742061936496,0.8503750172298516,0.8400313773202492,-0.023624293087373526,-0.06353475475077605,-5.372150731146071
LFR,0.65,LE,0.4,2.1,1.0,1,0.7818272095332671,0.8555582521160221,0.849304258423075,0.015058436053456511,0.46603161683991423,-5.131441165113269
LFR,0.65,LE,0.5,2.1,1.0,1,0.7572763028515241,0.8298118255076417,0.8224375137539426,0.009002660621485553,-0.36970813962256616,-5.204523433802813
LFR,0.65,LE,0.3,2.7,1.0,1,0.6288029429310003,0.6811298900657357,0.6633041848815571,-0.004349687892980128,-2.944376951258165,-5.417007819356085
LFR,0.65,LE,0.1,4.0,1.0,1,0.6212502005240361,0.6629580218869445,0.6423383786665506,0.03063956239049749,-3.571735521860471,-4.457658133058309
LFR,0.65,LE,0.1,2.1,1.0,1,0.7746793915896212,0.8490010241889188,0.8371313701404752,-0.02660720870981639,0.14586777664999065,-5.457598117638944
LFR,0.65,LE,0.2,2.1,1.0,1,0.7798403193612774,0.8545719140561192,0.8427922195459072,-0.018295647369716866,0.312642996689395,-5.237571533460872
LFR,0.65,LE,0.3,2.1,1.0,1,0.7803312426499412,0.853348866579251,0.8442336950899041,-0.009843950451262233,-0.04937055714870303,-5.412005181160938
LFR,0.65,LE,0.4,2.1,1.0,1,0.7771102284011917,0.8505677733521753,0.8437524890486918,0.007188948252745613,0.09853466673437725,-5.1837777057411945
LFR,0.65,LE,0.5,2.1,1.0,1,0.76200776756305,0.8356473525912405,0.823065184447237,-0.006536053890650314,-0.10272573076710502,-5.154295426909233
LFR,0.65,LE,0.3,2.7,1.0,1,0.6314873732352356,0.6828575609644614,0.6695237349865258,-0.00884104729688261,-2.9818902631564477,-5.3547623487412235
LFR,0.65,LE,0.1,4.0,1.0,1,0.6893048128342246,0.7503346850067203,0.7252992136742794,-0.010863284747924402,-4.648180852261919,-4.636928991728603
LFR,0.65,LE,0.1,2.1,1.0,1,0.7784073963614674,0.8497394352344924,0.8382746236595106,-0.013044234215139804,-0.01644919853644672,-5.484491669626892
LFR,0.65,LE,0.2,2.1,1.0,1,0.7882235528942115,0.8573187258218096,0.8465462034403263,-0.014189744889786797,0.509711732155159,-5.1917800119678095
LFR,0.65,LE,0.3,2.1,1.0,1,0.776656213249706,0.84784937452373,0.8394252722678728,-0.0017931220935553953,-0.3568732659160992,-5.544271566329168
LFR,0.65,LE,0.4,2.1,1.0,1,0.7793445878848063,0.8551842662435446,0.8482844957037086,0.001550515238994621,0.17899028621290436,-5.1920163408235815
LFR,0.65,LE,0.5,2.1,1.0,1,0.7565999705029252,0.8314378503209667,0.8255138652600346,0.0020966179352440006,-0.29473010572346486,-5.167034934873085
LFR,0.65,LE,0.3,2.7,1.0,1,0.6266156293497713,0.6749169491833031,0.6622450066972149,0.002298365433812806,-2.53507614586344,-5.255927848388492
LFR,0.65,LE,0.1,4.0,1.0,1,0.6499679213002566,0.6970933411622924,0.6714986584473571,0.03979451337955797,-3.9804895775580382,-4.4647512806533625
LFR,0.70,LE,0.1,2.1,1.0,1,0.7830549756437022,0.8539653756437883,0.8383485984355439,-0.006918032803050829,-0.014571958146984913,-5.127233973091651
LFR,0.70,LE,0.2,2.1,1.0,1,0.7907206892536965,0.8631957299272435,0.8499765022425794,-0.008615670309111766,0.3840590678680444,-4.879541985129622
LFR,0.70,LE,0.3,2.1,1.0,1,0.7848405167485996,0.8577378026448801,0.8498331025487975,0.0025691943822907333,0.09407880649313673,-4.969895917192824
LFR,0.70,LE,0.4,2.1,1.0,1,0.7867570385818561,0.8612970082312895,0.8548840150166082,0.0177228449793654,0.4813834279151504,-4.681889586353816
LFR,0.70,LE,0.5,2.1,1.0,1,0.7653570404359048,0.8392124719681501,0.8306289138914995,0.01046099844366163,-0.0441036307385021,-4.733611097505413
LFR,0.70,LE,0.3,2.7,1.0,1,0.6373970537060666,0.6857992949859651,0.6713066946267047,0.02285552428369112,-2.529683851999673,-5.043799383187235
LFR,0.70,LE,0.1,4.0,1.0,1,0.6310897635830578,0.675413069680975,0.6504762766447951,-0.1189818998593928,-3.8937456607582437,-4.57444857825768
LFR,0.70,LE,0.1,2.1,1.0,1,0.7853166318719554,0.8578117072621106,0.8451159203391012,-0.003684899369166767,0.4228678370176255,-4.8610446684854685
LFR,0.70,LE,0.2,2.1,1.0,1,0.7836767959017348,0.8570870763562786,0.8483423110949968,-0.011587132551505858,0.21179766777803158,-4.908518064195648
LFR,0.70,LE,0.3,2.1,1.0,1,0.78101063221676,0.8555877440819539,0.8476297776288823,-0.015620262982391412,0.003117521498084518,-4.971989292276708
LFR,0.70,LE,0.4,2.1,1.0,1,0.786467385007531,0.8597997767905594,0.8552798203073821,0.012530861017138366,0.44779760809682934,-4.758189730429074
LFR,0.70,LE,0.5,2.1,1.0,1,0.7584031203395664,0.8346523577310241,0.8290577825459411,0.0077523829929997436,-0.20442876876676502,-4.797432057976516
LFR,0.70,LE,0.3,2.7,1.0,1,0.6350191393109849,0.6870462803694013,0.6691722224474119,-0.03300299963669706,-2.983782212255873,-5.174729371544101
LFR,0.70,LE,0.1,4.0,1.0,1,0.6164691203992514,0.6576940018141905,0.6396072485420934,0.024409102628153503,-3.6876932629360244,-4.505049374224266
LFR,0.70,LE,0.1,2.1,1.0,1,0.7802713987473904,0.8540630634164484,0.8439550404264832,-0.025405552639143663,0.11173613903768226,-5.061121218906485
LFR,0.70,LE,0.2,2.1,1.0,1,0.784841075794621,0.8592363378518754,0.8488105546550635,-0.02475977226658205,0.33866385712758584,-4.855159566947533
LFR,0.70,LE,0.3,2.1,1.0,1,0.785126329027095,0.860636116249836,0.8518082703583618,-0.008597060252204788,0.20075185380845786,-4.921996421158256
LFR,0.70,LE,0.4,2.1,1.0,1,0.7813115513845441,0.857251026694562,0.8525565759782415,0.008058626279321045,0.2682815674278609,-4.750830852558678
LFR,0.70,LE,0.5,2.1,1.0,1,0.7620877545167766,0.8374953546167353,0.8262422347991792,-0.00025219968845462533,-0.17049886565424888,-4.84467545486457
LFR,0.70,LE,0.3,2.7,1.0,1,0.6304373042570467,0.6817865875700995,0.6698157440790358,-0.02308241642588769,-2.886476269897618,-5.046607826189869
LFR,0.70,LE,0.1,4.0,1.0,1,0.667207387072623,0.7245302066529569,0.7045589501439117,0.020383168599511923,-4.4540722485625865,-4.665319772508505
LFR,0.70,LE,0.1,2.1,1.0,1,0.7897239619577824,0.8620043179555937,0.8497408738212733,-0.008582458957434737,0.32518551369160853,-4.947258486589949
LFR,0.70,LE,0.2,2.1,1.0,1,0.7935731749912679,0.8651740297508282,0.8549351521209249,-0.009500716242781483,0.4862369706220489,-4.843829926398565
LFR,0.70,LE,0.3,2.1,1.0,1,0.7826111809763348,0.853216185087627,0.8465613901771348,-0.010901858597393708,-0.431234129024908,-5.182849850357292
LFR,0.70,LE,0.4,2.1,1.0,1,0.7853087707102305,0.860746213384429,0.8547705432001538,-0.00208204883366268,0.27781261395620505,-4.764374761328312
LFR,0.70,LE,0.5,2.1,1.0,1,0.7619156868368225,0.8389170438832358,0.8331147959308716,-0.0018779107037217662,-0.13399032115149306,-4.78189929740356
LFR,0.70,LE,0.3,2.7,1.0,1,0.6306692959053474,0.6793088435708786,0.665702373986409,-0.0011371268609960735,-2.6974771859302087,-5.0499641877429156
LFR,0.70,LE,0.1,4.0,1.0,1,0.6178268463073853,0.6620134646813761,0.6402081037498165,0.0696106687591058,-3.655418324590816,-4.430251516648332
LFR,0.75,LE,0.1,2.1,1.0,1,0.7892832289491997,0.8611919500970716,0.847323511874092,-0.008572325858500167,0.1328329141443191,-4.705062828381856
LFR,0.75,LE,0.2,2.1,1.0,1,0.7948449287510477,0.8693722758436665,0.8571988376944879,-0.003976232231512213,0.4321145897539117,-4.4940818021654705
LFR,0.75,LE,0.3,2.1,1.0,1,0.7879681712169022,0.861990982376822,0.8544342259311026,-0.001745597986448426,0.026645051037826356,-4.631433390664535
LFR,0.75,LE,0.4,2.1,1.0,1,0.7884749061587655,0.8647232780669082,0.8594057609248831,0.011577530404808177,0.37080616931775284,-4.358128588699833
LFR,0.75,LE,0.5,2.1,1.0,1,0.7697019753596256,0.8441142206160124,0.8373122656753973,0.012409177855600662,-0.027258743091293874,-4.411751446359665
LFR,0.75,LE,0.3,2.7,1.0,1,0.6348134743875279,0.6843221767563158,0.6733270244204896,0.009906279107671622,-2.3829961787726703,-4.764034277917423
LFR,0.75,LE,0.1,4.0,1.0,1,0.5933827382289093,0.6300252242931416,0.6074269473854613,-0.17345016112358536,-3.5096218584237397,-4.470111739932837
LFR,0.75,LE,0.1,2.1,1.0,1,0.7876826722338205,0.8611615961304988,0.8495523306172099,-0.014621974585511434,0.32879348453999474,-4.530734876244471
LFR,0.75,LE,0.2,2.1,1.0,1,0.7896060352053647,0.8628203068394139,0.8537852766837069,-0.008035124909575635,0.23040034583465951,-4.548296015854759
LFR,0.75,LE,0.3,2.1,1.0,1,0.787282206063932,0.862412612377966,0.856003835523854,-0.012969513515207275,0.18308632334212033,-4.553932189923856
LFR,0.75,LE,0.4,2.1,1.0,1,0.7905602669261782,0.8637277282474665,0.8587743599336861,0.005644266177486522,0.4106230954509755,-4.392864764652669
LFR,0.75,LE,0.5,2.1,1.0,1,0.7626651982378855,0.8391927466809305,0.8345522239154086,0.010195386510653189,-0.15644653274452774,-4.462713066856283
LFR,0.75,LE,0.3,2.7,1.0,1,0.6362750556792873,0.6865338473333465,0.6704448275250259,0.0015863169334084113,-2.9841972622583874,-4.971512664655043
LFR,0.75,LE,0.1,4.0,1.0,1,0.5845186405150472,0.6151416170354709,0.6004871719637301,0.026740613056301887,-3.3154303794791686,-4.430303485341082
LFR,0.75,LE,0.1,2.1,1.0,1,0.7926235212247739,0.864178861764995,0.8548056419785495,-0.03175795045828437,0.47175776411390996,-4.516249640636492
LFR,0.75,LE,0.2,2.1,1.0,1,0.7952640402347024,0.8669582764505719,0.8576882710788631,-0.014845489264519817,0.4410287311171263,-4.457311187437894
LFR,0.75,LE,0.3,2.1,1.0,1,0.7911236109205653,0.8653698760054697,0.8574860099414474,-0.004659626867074464,0.18982104249743081,-4.571912103759684
LFR,0.75,LE,0.4,2.1,1.0,1,0.7881273460308633,0.8652187433180561,0.8609967918306871,0.00440246636581547,0.31016208913722115,-4.400562550658495
LFR,0.75,LE,0.5,2.1,1.0,1,0.7660013764624914,0.842957793378107,0.8332637522215289,0.0005296038166695498,-0.07279046343728095,-4.477948013780273
LFR,0.75,LE,0.3,2.7,1.0,1,0.626391982182628,0.676820508857843,0.6615943099707311,-0.006393350799047139,-2.396328443961256,-4.7347123489373475
LFR,0.75,LE,0.1,4.0,1.0,1,0.6565096952908587,0.7070158302378695,0.6885702599465481,0.0007690148290486662,-4.313236976469844,-4.600328764671213
LFR,0.75,LE,0.1,2.1,1.0,1,0.7851078636047321,0.8593823539239571,0.850410576793301,-0.023068061350239418,-0.0860243987902716,-4.76822515921556
LFR,0.75,LE,0.2,2.1,1.0,1,0.7974294495669181,0.8697660150199376,0.8591022880823158,-0.003570203370568993,0.39741417788482286,-4.507281797453344
LFR,0.75,LE,0.3,2.1,1.0,1,0.784606941967348,0.8588147444431129,0.8529615489040581,-0.01133298990247677,-0.28837938189134404,-4.781658972652928
LFR,0.75,LE,0.4,2.1,1.0,1,0.7900736827471152,0.8670138988681494,0.8618616964093767,0.004203906038053231,0.2589686097598204,-4.448902475359387
LFR,0.75,LE,0.5,2.1,1.0,1,0.7653819683413627,0.8434521830856159,0.8393170651006242,-0.004357104232588387,-0.16953764004358832,-4.478755576414541
LFR,0.75,LE,0.3,2.7,1.0,1,0.6335606904231625,0.6829141123741946,0.6684216920080173,0.003008659658879525,-3.1623913873341785,-5.0180943694881535
LFR,0.75,LE,0.1,4.0,1.0,1,0.6059131736526946,0.6411891704881219,0.6201509259179402,0.09033002714197964,-3.573849996295643,-4.433641725953256
LFR,0.80,LE,0.1,2.1,1.0,1,0.7954940848990953,0.8674988583363722,0.8529624430100893,-0.00645338386588675,0.2985616172115948,-4.2983669894467535
LFR,0.80,LE,0.2,2.1,1.0,1,0.7912155082081732,0.8700107322775597,0.8596586066746195,-0.0019328147627331832,0.2528076803742113,-4.243324368993808
LFR,0.80,LE,0.3,2.1,1.0,1,0.7884582404390328,0.8644089725460707,0.8579500562745659,0.00490006897870984,-0.009395916445040954,-4.332803016217547
LFR,0.80,LE,0.4,2.1,1.0,1,0.7918839068474105,0.868048208503214,0.8625027288417346,0.009661195325555552,0.33652742206635866,-4.062496123606433
LFR,0.80,LE,0.5,2.1,1.0,1,0.7729697178251893,0.8464655751297473,0.8413423083346839,0.01067633176784865,-0.1592610580659707,-4.188266256213401
LFR,0.80,LE,0.3,2.7,1.0,1,0.6297842727905358,0.6839766117554307,0.6725936111299857,0.0017680047852581772,-2.4828481507717277,-4.6434438970440635
LFR,0.80,LE,0.1,4.0,1.0,1,0.5599738023952096,0.5899668520591274,0.5810339973766916,-0.08298582283922261,-3.3489327808400975,-4.532668654147055
LFR,0.80,LE,0.1,2.1,1.0,1,0.7922755741127349,0.8676309426436909,0.856055486392854,-0.016972315513477918,0.3652443075481393,-4.168478467241293
LFR,0.80,LE,0.2,2.1,1.0,1,0.7953195948305972,0.8711481011603476,0.8627474256365057,-0.001561217502725711,0.3721885218252958,-4.13752775603407
LFR,0.80,LE,0.3,2.1,1.0,1,0.7876865031726976,0.8644378544224609,0.8596892380171375,-0.012391258371931658,0.14980856478026358,-4.250291072040642
LFR,0.80,LE,0.4,2.1,1.0,1,0.791797010775113,0.8684342421146269,0.8643019521043562,0.014721960128337222,0.3381773666407228,-4.089566168128961
LFR,0.80,LE,0.5,2.1,1.0,1,0.7663253893142906,0.8444648812250303,0.8430369328077512,0.005630449693669584,-0.17811670136018515,-4.178548705314043
LFR,0.80,LE,0.3,2.7,1.0,1,0.6290883785664579,0.6801168988493289,0.661708850443425,-0.05156630843077448,-2.7127665324214756,-4.69625116810507
LFR,0.80,LE,0.1,4.0,1.0,1,0.5227804284778744,0.5368429067963232,0.535706215307796,-0.02419485496115989,-2.949025518451461,-4.468939631021565
LFR,0.80,LE,0.1,2.1,1.0,1,0.7976687543493389,0.8674414724869961,0.861409618854361,-0.030331229955337415,0.3612028274216427,-4.222438559744431
LFR,0.80,LE,0.2,2.1,1.0,1,0.7977645826056584,0.8701762853143721,0.8632095012143488,-0.018858738136527747,0.3224528494619919,-4.184102048795299
LFR,0.80,LE,0.3,2.1,1.0,1,0.790258960727148,0.8669569893273232,0.8608687642443886,0.0016167600849219244,0.07002734996556562,-4.305899019238072
LFR,0.80,LE,0.4,2.1,1.0,1,0.7948383733055265,0.8710101352775823,0.866437948995316,0.008365031711991969,0.3452596104329928,-4.065016956590485
LFR,0.80,LE,0.5,2.1,1.0,1,0.764280798348245,0.8431607789659858,0.8372708223149983,0.003578632972759631,-0.2708590577842072,-4.245992623697786
LFR,0.80,LE,0.3,2.7,1.0,1,0.6236082115518441,0.6735188276434174,0.6617341078977741,0.0032297633748183587,-2.4988511924150547,-4.593487680203888
LFR,0.80,LE,0.1,4.0,1.0,1,0.5642897248736665,0.5996125424706661,0.5948484722638355,0.010758957357388767,-3.567050298620391,-4.57520117464638
LFR,0.80,LE,0.1,2.1,1.0,1,0.7887961029923451,0.8666999964648381,0.8577800552646029,0.003603132245591962,0.13269412321138252,-4.341788196918963
LFR,0.80,LE,0.2,2.1,1.0,1,0.8011701012923507,0.8725471890204543,0.8616651397000643,-0.002113750822802701,0.29624719281631656,-4.226649701008438
LFR,0.80,LE,0.3,2.1,1.0,1,0.7904304578974447,0.864065537036286,0.8587444004902387,-0.006338914971742167,-0.1506967741644455,-4.390392596019058
LFR,0.80,LE,0.4,2.1,1.0,1,0.793448036148766,0.8717093209493292,0.869413882793581,0.003962017193610273,0.29571648995755623,-4.116183280900659
LFR,0.80,LE,0.5,2.1,1.0,1,0.7706666666666667,0.8496748098484436,0.8461369802265895,-0.004467922084896632,-0.033530556931673686,-4.136038892209184
LFR,0.80,LE,0.3,2.7,1.0,1,0.6196938065414057,0.668762854309193,0.6640126283809791,0.020851973935727283,-2.651379568829202,-4.672303386023001
LFR,0.80,LE,0.1,4.0,1.0,1,0.5909431137724551,0.628796216586156,0.6117561245177818,0.05036270488817974,-3.7144205293333505,-4.758701570764634
LFR,0.85,LE,0.1,2.1,1.0,1,0.7964509394572025,0.8693633872684987,0.8580583325768327,-0.008807537927834374,0.08786252673601867,-4.092841828542274
LFR,0.85,LE,0.2,2.1,1.0,1,0.7934807916181607,0.8730284693602357,0.865805682036674,0.0017351229589543215,0.2899792021892679,-3.9104703798580553
LFR,0.85,LE,0.3,2.1,1.0,1,0.8001828989483311,0.8740181569230325,0.8672152818026415,0.0073651311579195425,0.11814512100467868,-3.994638517980934
LFR,0.85,LE,0.4,2.1,1.0,1,0.7965708989805376,0.8754120710402743,0.8706513109873641,0.006875581996021876,0.27239969399616726,-3.7994049874953992
LFR,0.85,LE,0.5,2.1,1.0,1,0.7719137218907756,0.849027780564015,0.8429600618901116,0.007902326391460414,-0.2504590015590331,-3.9583634997031507
LFR,0.85,LE,0.3,2.7,1.0,1,0.6332637439109255,0.684747917388698,0.6706083107042552,0.010175289007709941,-2.663913435271179,-4.528193452188702
LFR,0.85,LE,0.1,4.0,1.0,1,0.49632031932144194,0.5082769108826498,0.5144360004746209,-0.04106191686731819,-2.8400437723689285,-4.463542534258487
LFR,0.85,LE,0.1,2.1,1.0,1,0.794247274414289,0.8678424604813814,0.8571149534060851,0.009075635626057836,0.05845638392894779,-4.042676042267775
LFR,0.85,LE,0.2,2.1,1.0,1,0.7990686845168801,0.8759991922816822,0.8694333276074946,-0.004784128290041981,0.2945883624036677,-3.892703716681641
LFR,0.85,LE,0.3,2.1,1.0,1,0.7927526291723822,0.8715355462266221,0.8679349971169869,-0.008165582553930536,0.2542266782211585,-3.889156956966222
LFR,0.85,LE,0.4,2.1,1.0,1,0.7897358665430955,0.8690032819665345,0.865200748049389,0.007631099699750502,0.21901034978347794,-3.847062850550321
LFR,0.85,LE,0.5,2.1,1.0,1,0.7678714859437751,0.8482940944618979,0.8479756182345103,0.0053461888326448185,-0.25210239087728276,-3.9435116450019434
LFR,0.85,LE,0.3,2.7,1.0,1,0.6334957086522849,0.6799722739986249,0.662569855725637,-0.03154762646622325,-2.9124285103560124,-4.646087626622464
LFR,0.85,LE,0.1,4.0,1.0,1,0.5311213670949233,0.5571173069177185,0.5569129462432039,-0.012685467533574085,-3.3637967087403906,-4.777237487399993
LFR,0.85,LE,0.1,2.1,1.0,1,0.7894919972164232,0.8653664480623626,0.8586782654531875,-0.00964921250999871,0.006598953696319447,-4.092551860715837
LFR,0.85,LE,0.2,2.1,1.0,1,0.7935972060535507,0.8715983742636007,0.8664942475392444,-0.008139022680814444,0.20780320481765394,-3.9347285211965555
LFR,0.85,LE,0.3,2.1,1.0,1,0.7876085962505716,0.8692752869608814,0.8642390911363396,0.0031581200801786466,-0.08992796363790125,-4.096337301998807
LFR,0.85,LE,0.4,2.1,1.0,1,0.7972659870250232,0.8727701137479269,0.8680327804161271,0.009345042371382315,0.2775765635399775,-3.811318538673035
LFR,0.85,LE,0.5,2.1,1.0,1,0.7711368590111277,0.8515260846169631,0.8462643108423238,0.002613294856809022,-0.25055703720349215,-3.98093066881406
LFR,0.85,LE,0.3,2.7,1.0,1,0.6208536302482023,0.6706502077701355,0.6616828175618998,0.019388097288941888,-2.577153320938433,-4.486906069437686
LFR,0.85,LE,0.1,4.0,1.0,1,0.5487211478477854,0.5742747191261002,0.5687789480716425,-0.011818732605991379,-3.4942273895062157,-4.763945675933491
LFR,0.85,LE,0.1,2.1,1.0,1,0.7853166318719554,0.8646609760781452,0.8550571746115373,-0.07428170482943054,-0.3165123358320649,-4.239685839940242
LFR,0.85,LE,0.2,2.1,1.0,1,0.80023282887078,0.8748593336865973,0.8633473930018821,-0.003967151810130102,0.18314185556058699,-3.97410551867194
LFR,0.85,LE,0.3,2.1,1.0,1,0.7944673068129858,0.8684770902759352,0.8619981809345175,-0.006568745964337843,0.10068068035844634,-3.9657482352466604
LFR,0.85,LE,0.4,2.1,1.0,1,0.7933271547729379,0.8758620423091095,0.8750573498483678,0.0050402210035339476,0.2182039447201042,-3.8637529021956016
LFR,0.85,LE,0.5,2.1,1.0,1,0.7726281977744637,0.8525411651669711,0.849286034974426,-0.0024169813564429835,-0.143548417204481,-3.9278384995894395
LFR,0.85,LE,0.3,2.7,1.0,1,0.6259568545581071,0.6764101005336588,0.6716366871897564,0.02501748733166984,-3.098004157355007,-4.662854090555203
LFR,0.85,LE,0.1,4.0,1.0,1,0.5590619932643134,0.5876329157598996,0.5749658722473139,0.11448924932352521,-3.3810005869468127,-4.7256791906347875
LFR,0.90,LE,0.1,2.1,1.0,1,0.7940153096729298,0.8695272180841456,0.8600776618600108,0.009896002894736747,-0.12490750824554292,-3.915643028608003
LFR,0.90,LE,0.2,2.1,1.0,1,0.796018162766329,0.874515678067785,0.8675674930900589,-0.00417925499670609,0.042743939168483125,-3.783421428466395
LFR,0.90,LE,0.3,2.1,1.0,1,0.8034979423868313,0.8793561985243894,0.8687929032225516,0.0067759616537713865,0.0723323937549794,-3.75035358379109
LFR,0.90,LE,0.4,2.1,1.0,1,0.8013555787278415,0.8815003366505464,0.8783800021687517,0.008184007668516425,0.16745335605015538,-3.593802162945473
LFR,0.90,LE,0.5,2.1,1.0,1,0.7778733654507914,0.8546526959970208,0.8498921438433786,-0.0029395611215826825,-0.2395620039706793,-3.71980026369786
LFR,0.90,LE,0.3,2.7,1.0,1,0.6257828810020877,0.6804873341924262,0.6687764812893061,0.028402886897911747,-2.575466617087951,-4.432622672193418
LFR,0.90,LE,0.1,4.0,1.0,1,0.47456041900486345,0.4783826403313455,0.4991021797643981,0.04566884756903386,-3.0662268987494072,-4.818199588608598
LFR,0.90,LE,0.1,2.1,1.0,1,0.796276965901183,0.8709675544766048,0.8621121898469152,-0.04794526064700467,-0.21058408586338928,-3.9115213573106544
LFR,0.90,LE,0.2,2.1,1.0,1,0.8014320642682501,0.8764110590404586,0.8688044960257416,-0.003421467980537389,0.08715757047515653,-3.74881285727867
LFR,0.90,LE,0.3,2.1,1.0,1,0.7882373113854595,0.8663820395867086,0.8612679159647241,-0.0016108543330355786,0.0626435690053773,-3.723169842590823
LFR,0.90,LE,0.4,2.1,1.0,1,0.7897115050399722,0.868754854491213,0.8656022093610194,0.005886104585087877,0.11181259453191211,-3.620810517898647
LFR,0.90,LE,0.5,2.1,1.0,1,0.7677219545767378,0.8513396650141773,0.8509650247074445,0.006241455948854263,-0.25670987069588264,-3.7224333271923684
LFR,0.90,LE,0.3,2.7,1.0,1,0.6346555323590815,0.6799648081884038,0.6640045190568191,0.004304774105489147,-2.9667338345355385,-4.530219189751344
LFR,0.90,LE,0.1,4.0,1.0,1,0.48381665107577176,0.4951728137440047,0.5118350850115874,-0.0701446558978486,-2.944780711272732,-4.675051873712619
LFR,0.90,LE,0.1,2.1,1.0,1,0.8014961725817675,0.8743544091945206,0.8726090098517884,-0.005402311706966062,-0.008586421507050575,-3.8182412241415467
LFR,0.90,LE,0.2,2.1,1.0,1,0.7914774711840726,0.872194397572995,0.8683163463503356,-0.005632036709403485,0.016032277690881717,-3.7703941173143445
LFR,0.90,LE,0.3,2.1,1.0,1,0.7932098765432098,0.8766408218409947,0.874280129599336,0.0015088044047641776,-0.033478465235223125,-3.796946574615234
LFR,0.90,LE,0.4,2.1,1.0,1,0.7950990615224192,0.8746428864404554,0.8727557790784025,0.006036001463737052,0.16007630988440977,-3.5910517902558983
LFR,0.90,LE,0.5,2.1,1.0,1,0.7793257653938769,0.8595983574752661,0.853101446843991,0.001876575275006337,-0.20316533374322585,-3.7152356072350576
LFR,0.90,LE,0.3,2.7,1.0,1,0.6090814196242171,0.6546541376650206,0.6423259655326137,0.017559968639215818,-2.4394723953452107,-4.335172918313558
LFR,0.90,LE,0.1,4.0,1.0,1,0.5232035928143712,0.544643713785525,0.539157854156885,-0.03473927736310076,-3.333520676644489,-4.827167792359968
LFR,0.90,LE,0.1,2.1,1.0,1,0.7792275574112735,0.8629076271847181,0.8526203154423196,-0.15313969036728303,-1.0039530965327421,-4.271584847928068
LFR,0.90,LE,0.2,2.1,1.0,1,0.8077191756898359,0.8799556264181657,0.8704755529312327,-0.003726089334601369,0.06832751384176969,-3.7581922418885165
LFR,0.90,LE,0.3,2.1,1.0,1,0.7962962962962963,0.8734124531227361,0.8658223516268028,-0.002398713018116324,-0.05382632094952219,-3.782537363047825
LFR,0.90,LE,0.4,2.1,1.0,1,0.7949252693778242,0.8766322235644751,0.8761927698836208,-0.002417259441430638,0.11870292267549881,-3.643843243941167
LFR,0.90,LE,0.5,2.1,1.0,1,0.7808360571133666,0.8592726908563257,0.8576201667329035,-0.0007237982913047226,-0.2272356819097749,-3.7333064244067358
LFR,0.90,LE,0.3,2.7,1.0,1,0.6344815588030619,0.6836889561053944,0.6745542106862794,0.014465804229556846,-3.1757644877339564,-4.520803441361154
LFR,0.90,LE,0.1,4.0,1.0,1,0.5003741114852226,0.5222369599473977,0.5305327963975215,0.0337463672321868,-3.284293547807046,-4.928693419733566
LFR,0.95,LE,0.1,2.1,1.0,1,0.7894919972164232,0.8680396654865038,0.8570752356463532,-0.06793455455391659,-0.5916670819185064,-3.8720356104499274
LFR,0.95,LE,0.2,2.1,1.0,1,0.7870111731843575,0.8766672973689961,0.8694901099148922,-0.005141677182990387,-0.03793114805379765,-3.562184930893205
LFR,0.95,LE,0.3,2.1,1.0,1,0.8031550068587106,0.8808014436221517,0.8702951034968499,0.0070726860163618874,-0.0784178551012585,-3.5725652543048763
LFR,0.95,LE,0.4,2.1,1.0,1,0.7963863794301599,0.8781255417798922,0.8748094095735344,0.0075012310907790715,-0.08642272702079835,-3.508108703037291
LFR,0.95,LE,0.5,2.1,1.0,1,0.7735719201651755,0.8527800197801448,0.8504960692101723,-0.0018610941756994589,-0.3944450794216178,-3.578150910005506
LFR,0.95,LE,0.3,2.7,1.0,1,0.6228253305497564,0.6787118838103623,0.6695341457840954,-0.024393725556703286,-2.5368306850968625,-4.3128663393898625
LFR,0.95,LE,0.1,4.0,1.0,1,0.46035901271503366,0.4630926134879269,0.4953612896174643,-0.04316493121248994,-3.126983298302496,-5.081953588262545
LFR,0.95,LE,0.1,2.1,1.0,1,0.7922755741127349,0.8747995732623589,0.8665286624164633,-0.10477890689019931,-0.37777800349745,-3.7301978887047342
LFR,0.95,LE,0.2,2.1,1.0,1,0.80481843575419,0.888538318092444,0.8781893411196823,0.002941821933381651,-0.021015163667891683,-3.554769081431726
LFR,0.95,LE,0.3,2.1,1.0,1,0.7935528120713305,0.8689431188034044,0.8610235994828546,0.006347404168704446,-0.05238791738583588,-3.5384236100442195
LFR,0.95,LE,0.4,2.1,1.0,1,0.7887421820708825,0.8730731952783597,0.869686453807661,-0.008736162525490618,-0.08907193599308155,-3.5002988300809275
LFR,0.95,LE,0.5,2.1,1.0,1,0.7581699346405228,0.8494657451120908,0.8481773502045085,0.00037094646243261123,-0.38424807892657575,-3.565879875926877
LFR,0.95,LE,0.3,2.7,1.0,1,0.628044537230341,0.6814373484541415,0.663178271984734,0.033566848775642345,-3.1970854799975967,-4.43479778084346
LFR,0.95,LE,0.1,4.0,1.0,1,0.4725028058361392,0.47507658579624595,0.4918990723715886,-0.2688085639198396,-3.003371621641573,-4.93912508852209
LFR,0.95,LE,0.1,2.1,1.0,1,0.7954070981210856,0.8677461986112139,0.8620163698617482,-0.08723786831214639,-0.4375699125761862,-3.7730752536253793
LFR,0.95,LE,0.2,2.1,1.0,1,0.806913407821229,0.8857913493648761,0.886032261537705,-0.01790710375021245,-0.09782242347199212,-3.59217188995574
LFR,0.95,LE,0.3,2.1,1.0,1,0.7973251028806584,0.8833257125438196,0.8763133548114082,0.002473078581234744,-0.09176967187196314,-3.5692018251194653
LFR,0.95,LE,0.4,2.1,1.0,1,0.7890896455872134,0.8693329521456535,0.8654614517604446,0.003976358196406142,-0.040047814929923986,-3.4663851567552397
LFR,0.95,LE,0.5,2.1,1.0,1,0.7726960110041265,0.857299694056523,0.846204659998644,-0.0018597298232291976,-0.35354832970234457,-3.559180424343602
LFR,0.95,LE,0.3,2.7,1.0,1,0.6085594989561587,0.6496770653699886,0.6418892436373989,0.0033949787383722617,-2.7977682077503947,-4.390716699731089
LFR,0.95,LE,0.1,4.0,1.0,1,0.41922213911742706,0.4049029715776006,0.4528862552197577,0.0891382657343663,-2.5210728157177242,-4.740089743857744
LFR,0.95,LE,0.1,2.1,1.0,1,0.8002783576896312,0.8813110511586374,0.8751161098281489,-0.045592976667128596,-0.6182073556361243,-3.8917342034350244
LFR,0.95,LE,0.2,2.1,1.0,1,0.80481843575419,0.8834798578383947,0.8756545476489783,-0.0007923334507867653,0.028946880419378953,-3.5167598051278883
LFR,0.95,LE,0.3,2.1,1.0,1,0.8055555555555556,0.8869592297169395,0.8771930386831401,0.00012373133344511592,-0.06522821669126458,-3.5516026567250796
LFR,0.95,LE,0.4,2.1,1.0,1,0.8029881862404448,0.8795409907949937,0.8782827513497384,0.002119640963971543,0.02223768902054704,-3.439436076615539
LFR,0.95,LE,0.5,2.1,1.0,1,0.7720082530949106,0.8573389539646832,0.8554627665151715,0.0013006533700682852,-0.36806098133968873,-3.579031567591128
LFR,0.95,LE,0.3,2.7,1.0,1,0.628044537230341,0.6765404226407272,0.6590814816669394,-0.011499558354781121,-2.9758632181971287,-4.372925962928474
LFR,0.95,LE,0.1,4.0,1.0,1,0.4050112191473448,0.3815114269714904,0.4384819714432705,0.04181141169738767,-1.8610765010388715,-4.280534927904432
