_UID,system,l1,l2,theta,accuracy,auroc
0,arxiv,2,6,0.05,0.519469864310508,0.5576021253655029
1,arxiv,2,6,0.05,0.5172848057427114,0.5424810256660119
2,arxiv,2,6,0.05,0.5274905422446406,0.552770240431133
3,arxiv,2,6,0.05,0.5062598301352627,0.5435681714259751
4,arxiv,2,6,0.05,0.5101707684580613,0.5506374751513821
5,arxiv,2,6,0.15555555555555556,0.5177289845804022,0.5814243339465439
6,arxiv,2,6,0.15555555555555556,0.5208569004524887,0.580652487481309
7,arxiv,2,6,0.15555555555555556,0.5293235231087935,0.5936481455272618
8,arxiv,2,6,0.15555555555555556,0.542689810894722,0.5856906366512591
9,arxiv,2,6,0.15555555555555556,0.5007068136839129,0.5654991545786285
10,arxiv,2,6,0.2611111111111111,0.5338907378845685,0.6069107543323966
11,arxiv,2,6,0.2611111111111111,0.5215622457282343,0.6129617550711242
12,arxiv,2,6,0.2611111111111111,0.5242560130452507,0.6062471714871855
13,arxiv,2,6,0.2611111111111111,0.5282097207522592,0.6084104320117183
14,arxiv,2,6,0.2611111111111111,0.5107843137254902,0.5936196164004692
15,arxiv,2,6,0.36666666666666664,0.5216375362183382,0.5984435653667427
16,arxiv,2,6,0.36666666666666664,0.5094912680334093,0.6052201367818304
17,arxiv,2,6,0.36666666666666664,0.5207960011317552,0.6138617050346034
18,arxiv,2,6,0.36666666666666664,0.5145501383455777,0.6026653165515452
19,arxiv,2,6,0.36666666666666664,0.503998476770754,0.6067424681481366
20,arxiv,2,6,0.4722222222222222,0.4988529479238357,0.5926716292648266
21,arxiv,2,6,0.4722222222222222,0.5036446469248291,0.6023864670269569
22,arxiv,2,6,0.4722222222222222,0.5042608794455176,0.5975224854145011
23,arxiv,2,6,0.4722222222222222,0.503244573730141,0.6001705459172377
24,arxiv,2,6,0.4722222222222222,0.5001708233686368,0.597281944636529
25,arxiv,2,6,0.5777777777777778,0.49322106464963605,0.5948999920864163
26,arxiv,2,6,0.5777777777777778,0.4907472806893629,0.5900148261410252
27,arxiv,2,6,0.5777777777777778,0.4871540099361249,0.5907426678724911
28,arxiv,2,6,0.5777777777777778,0.4981879007527181,0.5925295701977837
29,arxiv,2,6,0.5777777777777778,0.493422003758855,0.5882970969014397
30,arxiv,2,6,0.6833333333333333,0.46855828220858897,0.5523630092478132
31,arxiv,2,6,0.6833333333333333,0.4686971235194585,0.5568909814221698
32,arxiv,2,6,0.6833333333333333,0.4725105728565936,0.558861999477385
33,arxiv,2,6,0.6833333333333333,0.47105864432597105,0.5625994384399289
34,arxiv,2,6,0.6833333333333333,0.46737451737451735,0.5521124023567391
35,arxiv,2,6,0.788888888888889,0.44490818030050083,0.5072628138480463
36,arxiv,2,6,0.788888888888889,0.4539344721366564,0.5073148576258997
37,arxiv,2,6,0.788888888888889,0.4522275147100028,0.5164721141374838
38,arxiv,2,6,0.788888888888889,0.4311717861205916,0.49175352202460637
39,arxiv,2,6,0.788888888888889,0.42592592592592593,0.4761174036896365
40,arxiv,2,6,0.8944444444444445,0.39329608938547483,0.4145421419910421
41,arxiv,2,6,0.8944444444444445,0.3826754385964912,0.4173228231387954
42,arxiv,2,6,0.8944444444444445,0.3956422018348624,0.42163411309023263
43,arxiv,2,6,0.8944444444444445,0.3744075829383886,0.39391898261219804
44,arxiv,2,6,0.8944444444444445,0.3819767441860465,0.3921121619379459
45,arxiv,2,6,1.0,,-1.0
46,arxiv,2,6,1.0,,-1.0
47,arxiv,2,6,1.0,,-1.0
48,arxiv,2,6,1.0,,-1.0
49,arxiv,2,6,1.0,,-1.0
50,arxiv,2,7,0.05,0.500963528656056,0.539179418506791
51,arxiv,2,7,0.05,0.5243397573162027,0.5788045378392654
52,arxiv,2,7,0.05,0.5256465209315616,0.5427308426133307
53,arxiv,2,7,0.05,0.508074889238245,0.5696804604400324
54,arxiv,2,7,0.05,0.5214877213021131,0.5445206400649014
55,arxiv,2,7,0.15555555555555556,0.5475810314545745,0.6135220001956952
56,arxiv,2,7,0.15555555555555556,0.5373014599711214,0.6259127580427302
57,arxiv,2,7,0.15555555555555556,0.5198422281252516,0.6038111372535196
58,arxiv,2,7,0.15555555555555556,0.5175690784219773,0.6195442937204303
59,arxiv,2,7,0.15555555555555556,0.5345352564102565,0.6046691665550111
60,arxiv,2,7,0.2611111111111111,0.5285178064634258,0.6626243639997998
61,arxiv,2,7,0.2611111111111111,0.5129672358098754,0.6244100945167602
62,arxiv,2,7,0.2611111111111111,0.5278899082568808,0.642577164285509
63,arxiv,2,7,0.2611111111111111,0.5172921265636498,0.6479547999485755
64,arxiv,2,7,0.2611111111111111,0.5286606650744075,0.6484624626624594
65,arxiv,2,7,0.36666666666666664,0.5116702355460385,0.670366429753655
66,arxiv,2,7,0.36666666666666664,0.49482312338222606,0.6438018738058322
67,arxiv,2,7,0.36666666666666664,0.5186418824540668,0.6752897335034121
68,arxiv,2,7,0.36666666666666664,0.5052397586535408,0.6693787125842604
69,arxiv,2,7,0.36666666666666664,0.5153137716855858,0.6715338021121382
70,arxiv,2,7,0.4722222222222222,0.48064068608904026,0.6667354442978444
71,arxiv,2,7,0.4722222222222222,0.4944841012329656,0.6602916145525463
72,arxiv,2,7,0.4722222222222222,0.4759707804690504,0.6606661229337522
73,arxiv,2,7,0.4722222222222222,0.47870026864526033,0.6432197280779078
74,arxiv,2,7,0.4722222222222222,0.48937259923175414,0.6542909608180782
75,arxiv,2,7,0.5777777777777778,0.4377865612648221,0.6357362921421914
76,arxiv,2,7,0.5777777777777778,0.4477040816326531,0.6333902859266174
77,arxiv,2,7,0.5777777777777778,0.45190120246993826,0.6384870517652814
78,arxiv,2,7,0.5777777777777778,0.45201736055296576,0.6673122687663888
79,arxiv,2,7,0.5777777777777778,0.4536876867431986,0.6450342630588035
80,arxiv,2,7,0.6833333333333333,0.40960999784529195,0.5773159842398463
81,arxiv,2,7,0.6833333333333333,0.41017521638167614,0.604852905106119
82,arxiv,2,7,0.6833333333333333,0.4117520909285867,0.6393849432899444
83,arxiv,2,7,0.6833333333333333,0.4158818493150685,0.6056678401411498
84,arxiv,2,7,0.6833333333333333,0.42018040696454795,0.6282399364591145
85,arxiv,2,7,0.788888888888889,0.399404367968233,0.5742327522133052
86,arxiv,2,7,0.788888888888889,0.396973599484868,0.5788973020516645
87,arxiv,2,7,0.788888888888889,0.39105431309904154,0.573785523841355
88,arxiv,2,7,0.788888888888889,0.3757556474705695,0.5280939775745804
89,arxiv,2,7,0.788888888888889,0.37078294080203694,0.5444405307032992
90,arxiv,2,7,0.8944444444444445,0.3481912144702842,0.4408730059975612
91,arxiv,2,7,0.8944444444444445,0.32181018227529856,0.4302516080387977
92,arxiv,2,7,0.8944444444444445,0.3274336283185841,0.46214416080020854
93,arxiv,2,7,0.8944444444444445,0.3267515923566879,0.4418473004114126
94,arxiv,2,7,0.8944444444444445,0.331421287444232,0.4565829929787527
95,arxiv,2,7,1.0,,-1.0
96,arxiv,2,7,1.0,,-1.0
97,arxiv,2,7,1.0,,-1.0
98,arxiv,2,7,1.0,,-1.0
99,arxiv,2,7,1.0,,-1.0
100,arxiv,6,7,0.05,0.5148374941121056,0.5428748069199876
101,arxiv,6,7,0.05,0.5206367924528302,0.5651536424822852
102,arxiv,6,7,0.05,0.5146295422369042,0.5543818575136445
103,arxiv,6,7,0.05,0.5150375939849624,0.5477596695676916
104,arxiv,6,7,0.05,0.5219689849624061,0.5627527737091287
105,arxiv,6,7,0.15555555555555556,0.540990099009901,0.6232984432521332
106,arxiv,6,7,0.15555555555555556,0.5399496488670995,0.6270065797580029
107,arxiv,6,7,0.15555555555555556,0.5204600160470714,0.6002521947326416
108,arxiv,6,7,0.15555555555555556,0.5323310271420969,0.6255428236589786
109,arxiv,6,7,0.15555555555555556,0.5406992260475046,0.6256319020937824
110,arxiv,6,7,0.2611111111111111,0.5443057018203701,0.6602638520447408
111,arxiv,6,7,0.2611111111111111,0.527016800363251,0.6480941781717309
112,arxiv,6,7,0.2611111111111111,0.5509118541033434,0.670615965521187
113,arxiv,6,7,0.2611111111111111,0.5386240193120096,0.6527009617705726
114,arxiv,6,7,0.2611111111111111,0.546328277519147,0.6763127492744305
115,arxiv,6,7,0.36666666666666664,0.5375480265455815,0.674504622183704
116,arxiv,6,7,0.36666666666666664,0.53347465112171,0.6720470748872032
117,arxiv,6,7,0.36666666666666664,0.5385306269085683,0.6890866207539437
118,arxiv,6,7,0.36666666666666664,0.5337790288529205,0.67099584938984
119,arxiv,6,7,0.36666666666666664,0.544180269694819,0.6952395003878036
120,arxiv,6,7,0.4722222222222222,0.5311386034808135,0.6774837686666376
121,arxiv,6,7,0.4722222222222222,0.5305124388688072,0.674965526906403
122,arxiv,6,7,0.4722222222222222,0.5336972496325845,0.6809433248169238
123,arxiv,6,7,0.4722222222222222,0.5281779661016949,0.6784085598401234
124,arxiv,6,7,0.4722222222222222,0.5185732376530181,0.6792410915088211
125,arxiv,6,7,0.5777777777777778,0.5141955835962145,0.6797625565846397
126,arxiv,6,7,0.5777777777777778,0.5090233545647559,0.6588812210281558
127,arxiv,6,7,0.5777777777777778,0.5142480211081795,0.6678590369040738
128,arxiv,6,7,0.5777777777777778,0.4957081545064378,0.6523085028514434
129,arxiv,6,7,0.5777777777777778,0.49780941949616647,0.6535705518844533
130,arxiv,6,7,0.6833333333333333,0.5052891396332864,0.6681847437384483
131,arxiv,6,7,0.6833333333333333,0.487215411558669,0.6470423093437263
132,arxiv,6,7,0.6833333333333333,0.4758970641536789,0.6455709203061504
133,arxiv,6,7,0.6833333333333333,0.4776282284467079,0.6472075329566855
134,arxiv,6,7,0.6833333333333333,0.48157078883913196,0.6468481030605197
135,arxiv,6,7,0.788888888888889,0.45244351024697843,0.5981991293181746
136,arxiv,6,7,0.788888888888889,0.4638585543421737,0.6142949068871794
137,arxiv,6,7,0.788888888888889,0.4620355411954766,0.5957963313081877
138,arxiv,6,7,0.788888888888889,0.4579345088161209,0.6059251861318707
139,arxiv,6,7,0.788888888888889,0.4708355228586443,0.608343518510258
140,arxiv,6,7,0.8944444444444445,0.47125256673511295,0.5476975222066386
141,arxiv,6,7,0.8944444444444445,0.3997867803837953,0.48592600853795304
142,arxiv,6,7,0.8944444444444445,0.4299706170421156,0.5154573397396776
143,arxiv,6,7,0.8944444444444445,0.45161290322580644,0.5289001406469761
144,arxiv,6,7,0.8944444444444445,0.4582463465553236,0.5347779226733835
145,arxiv,6,7,1.0,,-1.0
146,arxiv,6,7,1.0,,-1.0
147,arxiv,6,7,1.0,,-1.0
148,arxiv,6,7,1.0,,-1.0
149,arxiv,6,7,1.0,,-1.0
150,drosophila,1,2,0.05,0.39573945104465386,0.3476267745054305
151,drosophila,1,2,0.05,0.3807712755081176,0.3489180523790712
152,drosophila,1,2,0.05,0.3938501799149493,0.3667387756704315
153,drosophila,1,2,0.05,0.35976258698321734,0.35061833051563907
154,drosophila,1,2,0.05,0.3522731931291764,0.3196022164635229
155,drosophila,1,2,0.15555555555555556,0.22483576055496854,0.20236185307380788
156,drosophila,1,2,0.15555555555555556,0.21591013718810423,0.20539048390299955
157,drosophila,1,2,0.15555555555555556,0.20457498144023756,0.21768161106573497
158,drosophila,1,2,0.15555555555555556,0.21500948503215658,0.19832840619463768
159,drosophila,1,2,0.15555555555555556,0.20569270449521002,0.22558231434008755
160,drosophila,1,2,0.2611111111111111,0.14887699412258606,0.1571895060169497
161,drosophila,1,2,0.2611111111111111,0.13971908332453267,0.1678288473271172
162,drosophila,1,2,0.2611111111111111,0.14508728442592692,0.16729070469066276
163,drosophila,1,2,0.2611111111111111,0.14055636896046853,0.17197765941401041
164,drosophila,1,2,0.2611111111111111,0.1316415543219667,0.15258576786002015
165,drosophila,1,2,0.36666666666666664,0.09766932392137771,0.13413035714709381
166,drosophila,1,2,0.36666666666666664,0.10708554499444513,0.1386999328830522
167,drosophila,1,2,0.36666666666666664,0.10499477790747681,0.14010341913612429
168,drosophila,1,2,0.36666666666666664,0.11081631393842167,0.1304143166034539
169,drosophila,1,2,0.36666666666666664,0.10392793676083094,0.14069184110782135
170,drosophila,1,2,0.4722222222222222,0.08512986535207122,0.11778540394337067
171,drosophila,1,2,0.4722222222222222,0.07804447062288322,0.11484117530056667
172,drosophila,1,2,0.4722222222222222,0.07709901136195957,0.10519909448405701
173,drosophila,1,2,0.4722222222222222,0.07806609004213795,0.09687826841687329
174,drosophila,1,2,0.4722222222222222,0.08256948551153163,0.11576073194909868
175,drosophila,1,2,0.5777777777777778,0.06954102920723226,0.09772065283584427
176,drosophila,1,2,0.5777777777777778,0.060889712696941614,0.08824741159069519
177,drosophila,1,2,0.5777777777777778,0.06234528284587879,0.09670677037182895
178,drosophila,1,2,0.5777777777777778,0.06510607168983175,0.08171924661696764
179,drosophila,1,2,0.5777777777777778,0.06687459866067333,0.09321695529040347
180,drosophila,1,2,0.6833333333333333,0.048591804665780246,0.07530354335963997
181,drosophila,1,2,0.6833333333333333,0.05384615384615385,0.08275788512863251
182,drosophila,1,2,0.6833333333333333,0.05497033539169391,0.07239891465503592
183,drosophila,1,2,0.6833333333333333,0.053889990089197225,0.07559384722292213
184,drosophila,1,2,0.6833333333333333,0.05700888450148075,0.08697069663359387
185,drosophila,1,2,0.788888888888889,0.04988036075832873,0.05706176817203837
186,drosophila,1,2,0.788888888888889,0.04869052010328292,0.06888231268591574
187,drosophila,1,2,0.788888888888889,0.054404611781660964,0.0647832229713763
188,drosophila,1,2,0.788888888888889,0.048852157943067034,0.07211443840552283
189,drosophila,1,2,0.788888888888889,0.04952485380116959,0.05982350982350983
190,drosophila,1,2,0.8944444444444445,0.04851157662624035,0.05594007785195757
191,drosophila,1,2,0.8944444444444445,0.052805280528052806,0.04759457890719419
192,drosophila,1,2,0.8944444444444445,0.047850467289719624,0.05003536384472139
193,drosophila,1,2,0.8944444444444445,0.04482629809488233,0.03581266571247564
194,drosophila,1,2,0.8944444444444445,0.04940564635958395,0.053167169426897344
195,drosophila,1,2,1.0,,-1.0
196,drosophila,1,2,1.0,,-1.0
197,drosophila,1,2,1.0,,-1.0
198,drosophila,1,2,1.0,,-1.0
199,drosophila,1,2,1.0,,-1.0
200,drosophila,1,3,0.05,0.4019301967635925,0.3518702218932468
201,drosophila,1,3,0.05,0.4034956304619226,0.3581005192780068
202,drosophila,1,3,0.05,0.37286582826684433,0.3705669004869878
203,drosophila,1,3,0.05,0.37881119753754006,0.37707044178447846
204,drosophila,1,3,0.05,0.37305742541344633,0.3587198041412669
205,drosophila,1,3,0.15555555555555556,0.20648096042018382,0.24954757076046064
206,drosophila,1,3,0.15555555555555556,0.21630373568612726,0.23567126659721127
207,drosophila,1,3,0.15555555555555556,0.22910245633697582,0.2497443739848719
208,drosophila,1,3,0.15555555555555556,0.21612237237237236,0.27217979304606965
209,drosophila,1,3,0.15555555555555556,0.21637698670880193,0.2641712005739369
210,drosophila,1,3,0.2611111111111111,0.14929036388859246,0.2048911444156008
211,drosophila,1,3,0.2611111111111111,0.12540279269602578,0.2002144326198948
212,drosophila,1,3,0.2611111111111111,0.11980086719126386,0.1834851254047455
213,drosophila,1,3,0.2611111111111111,0.1274001176659357,0.17933809284218233
214,drosophila,1,3,0.2611111111111111,0.1428187775271243,0.20716371370389053
215,drosophila,1,3,0.36666666666666664,0.09737711046040745,0.16405372883994984
216,drosophila,1,3,0.36666666666666664,0.09985627694807224,0.16229319249511245
217,drosophila,1,3,0.36666666666666664,0.09531835205992509,0.15830467412204757
218,drosophila,1,3,0.36666666666666664,0.10179790766146714,0.16151895411038894
219,drosophila,1,3,0.36666666666666664,0.0951219512195122,0.16247313680383524
220,drosophila,1,3,0.4722222222222222,0.07994895278132272,0.1489722235758908
221,drosophila,1,3,0.4722222222222222,0.08153995085263237,0.15393227718060598
222,drosophila,1,3,0.4722222222222222,0.0717585692995529,0.14819140454596627
223,drosophila,1,3,0.4722222222222222,0.08262472721799985,0.15009054042538936
224,drosophila,1,3,0.4722222222222222,0.0804771251698626,0.14557026208357224
225,drosophila,1,3,0.5777777777777778,0.060919432170724826,0.1251287592383594
226,drosophila,1,3,0.5777777777777778,0.0536295194720699,0.13828257292406007
227,drosophila,1,3,0.5777777777777778,0.05608869840678282,0.127115991631493
228,drosophila,1,3,0.5777777777777778,0.06545521972927869,0.1216575067103361
229,drosophila,1,3,0.5777777777777778,0.05600074543421543,0.12976630156857372
230,drosophila,1,3,0.6833333333333333,0.046375,0.08625879389266077
231,drosophila,1,3,0.6833333333333333,0.04962841667716337,0.10090601641013817
232,drosophila,1,3,0.6833333333333333,0.04684217031269312,0.09217109065848562
233,drosophila,1,3,0.6833333333333333,0.04955974842767295,0.1048933060839135
234,drosophila,1,3,0.6833333333333333,0.0480009871668312,0.10455576675455269
235,drosophila,1,3,0.788888888888889,0.041999628321873254,0.0922279171137786
236,drosophila,1,3,0.788888888888889,0.04463959019392609,0.09494185909003451
237,drosophila,1,3,0.788888888888889,0.04266715921684522,0.08745681866496599
238,drosophila,1,3,0.788888888888889,0.047499517281328445,0.10709279252770798
239,drosophila,1,3,0.788888888888889,0.041527623285131626,0.0850886584050249
240,drosophila,1,3,0.8944444444444445,0.04069988588817041,0.06401021638064627
241,drosophila,1,3,0.8944444444444445,0.04169769173492182,0.06399653979238754
242,drosophila,1,3,0.8944444444444445,0.03824308973873533,0.07278945564631291
243,drosophila,1,3,0.8944444444444445,0.04172767203513909,0.0779169105925943
244,drosophila,1,3,0.8944444444444445,0.045471914405808174,0.07528171868666396
245,drosophila,1,3,1.0,,-1.0
246,drosophila,1,3,1.0,,-1.0
247,drosophila,1,3,1.0,,-1.0
248,drosophila,1,3,1.0,,-1.0
249,drosophila,1,3,1.0,,-1.0
250,drosophila,1,4,0.05,0.4280484616055086,0.47446190475664407
251,drosophila,1,4,0.05,0.4026260748315129,0.43842376581445064
252,drosophila,1,4,0.05,0.41240355219100305,0.45179626431757214
253,drosophila,1,4,0.05,0.42780235129786987,0.473270035563335
254,drosophila,1,4,0.05,0.41653320909646796,0.4643173778188667
255,drosophila,1,4,0.15555555555555556,0.323943661971831,0.39292461928139105
256,drosophila,1,4,0.15555555555555556,0.3255433894427194,0.39705820609973463
257,drosophila,1,4,0.15555555555555556,0.32715766002098634,0.38168070074944027
258,drosophila,1,4,0.15555555555555556,0.32324193125163997,0.3886138307960708
259,drosophila,1,4,0.15555555555555556,0.3255486867497465,0.3837839038808559
260,drosophila,1,4,0.2611111111111111,0.30040013462473353,0.32346866495562776
261,drosophila,1,4,0.2611111111111111,0.30303257207038564,0.32277148873877365
262,drosophila,1,4,0.2611111111111111,0.30020634027386983,0.3261705463369636
263,drosophila,1,4,0.2611111111111111,0.3001340382753742,0.33721967649108364
264,drosophila,1,4,0.2611111111111111,0.31053377068734156,0.3477565788374135
265,drosophila,1,4,0.36666666666666664,0.30020911387993376,0.29281237197363114
266,drosophila,1,4,0.36666666666666664,0.2920164393144456,0.3030945218370013
267,drosophila,1,4,0.36666666666666664,0.29430393475337296,0.2925764246293786
268,drosophila,1,4,0.36666666666666664,0.2967910936476752,0.2846696510773353
269,drosophila,1,4,0.36666666666666664,0.2903211748812481,0.2933177849060154
270,drosophila,1,4,0.4722222222222222,0.28731459392179237,0.2440428952054734
271,drosophila,1,4,0.4722222222222222,0.2909499660166257,0.248019987471558
272,drosophila,1,4,0.4722222222222222,0.29396628682455495,0.2526721584232627
273,drosophila,1,4,0.4722222222222222,0.2885966302223631,0.2536856548966833
274,drosophila,1,4,0.4722222222222222,0.2791320794367973,0.23119889908655333
275,drosophila,1,4,0.5777777777777778,0.27830770229057167,0.19500184669676196
276,drosophila,1,4,0.5777777777777778,0.27577590741714886,0.2002981686848483
277,drosophila,1,4,0.5777777777777778,0.2798219196019379,0.19526964428533441
278,drosophila,1,4,0.5777777777777778,0.2781223477182216,0.19781990537392702
279,drosophila,1,4,0.5777777777777778,0.2796526544306296,0.20056706572989613
280,drosophila,1,4,0.6833333333333333,0.2712659657659223,0.15731841266636057
281,drosophila,1,4,0.6833333333333333,0.2682712579058327,0.15546014175576536
282,drosophila,1,4,0.6833333333333333,0.2741435703219143,0.16081811378322758
283,drosophila,1,4,0.6833333333333333,0.2685540069686411,0.1527318918233199
284,drosophila,1,4,0.6833333333333333,0.2689812379449413,0.15760902136969895
285,drosophila,1,4,0.788888888888889,0.24586349534643226,0.1206632589434122
286,drosophila,1,4,0.788888888888889,0.24289809747198332,0.11184831641037363
287,drosophila,1,4,0.788888888888889,0.2545407029922906,0.1201644397688582
288,drosophila,1,4,0.788888888888889,0.2596116251791998,0.1256537208648129
289,drosophila,1,4,0.788888888888889,0.24449163790814973,0.11208775440919672
290,drosophila,1,4,0.8944444444444445,0.2109004739336493,0.09437447264055335
291,drosophila,1,4,0.8944444444444445,0.2064329027155286,0.09230363582121331
292,drosophila,1,4,0.8944444444444445,0.22190277051751175,0.09489072009498474
293,drosophila,1,4,0.8944444444444445,0.22311688311688313,0.09303995972361576
294,drosophila,1,4,0.8944444444444445,0.21176470588235294,0.09553457438724122
295,drosophila,1,4,1.0,,-1.0
296,drosophila,1,4,1.0,,-1.0
297,drosophila,1,4,1.0,,-1.0
298,drosophila,1,4,1.0,,-1.0
299,drosophila,1,4,1.0,,-1.0
300,drosophila,2,3,0.05,0.49213483146067416,0.49705907967281426
301,drosophila,2,3,0.05,0.496415770609319,0.5079441738291965
302,drosophila,2,3,0.05,0.49310804802134284,0.49513936971399297
303,drosophila,2,3,0.05,0.5215651400622499,0.5249916377540648
304,drosophila,2,3,0.05,0.5054005400540054,0.49681580109799955
305,drosophila,2,3,0.15555555555555556,0.498496993987976,0.4950333546368584
306,drosophila,2,3,0.15555555555555556,0.5005005005005005,0.4953625509609785
307,drosophila,2,3,0.15555555555555556,0.4883955600403633,0.4869748900147706
308,drosophila,2,3,0.15555555555555556,0.5208121827411167,0.5084847148861856
309,drosophila,2,3,0.15555555555555556,0.538655886811521,0.5376536787748836
310,drosophila,2,3,0.2611111111111111,0.5096371882086168,0.5042694135655987
311,drosophila,2,3,0.2611111111111111,0.4988584474885845,0.4899453596037898
312,drosophila,2,3,0.2611111111111111,0.5121230041395624,0.4861572761617584
313,drosophila,2,3,0.2611111111111111,0.5045610034207526,0.5004721243427853
314,drosophila,2,3,0.2611111111111111,0.5026178010471204,0.4920289855072464
315,drosophila,2,3,0.36666666666666664,0.5190839694656488,0.5082189220146998
316,drosophila,2,3,0.36666666666666664,0.48754208754208755,0.4980530853710789
317,drosophila,2,3,0.36666666666666664,0.5006793478260869,0.4896054000288528
318,drosophila,2,3,0.36666666666666664,0.5080536912751678,0.4761497229854511
319,drosophila,2,3,0.36666666666666664,0.5043771043771044,0.49419209039548023
320,drosophila,2,3,0.4722222222222222,0.5008445945945946,0.481273513061257
321,drosophila,2,3,0.4722222222222222,0.5024311183144247,0.4919105752879205
322,drosophila,2,3,0.4722222222222222,0.5213464696223317,0.522064425387275
323,drosophila,2,3,0.4722222222222222,0.49878934624697335,0.47947344935296743
324,drosophila,2,3,0.4722222222222222,0.4973014649190439,0.48798195425822743
325,drosophila,2,3,0.5777777777777778,0.5048732943469786,0.5064394340354963
326,drosophila,2,3,0.5777777777777778,0.48102564102564105,0.44517827082201417
327,drosophila,2,3,0.5777777777777778,0.4751552795031056,0.4749012035207473
328,drosophila,2,3,0.5777777777777778,0.5108359133126935,0.48746798792561763
329,drosophila,2,3,0.5777777777777778,0.4845771144278607,0.4782125334339771
330,drosophila,2,3,0.6833333333333333,0.4609053497942387,0.45667956656346753
331,drosophila,2,3,0.6833333333333333,0.4946808510638298,0.48371049551307066
332,drosophila,2,3,0.6833333333333333,0.49157303370786515,0.4769449273942748
333,drosophila,2,3,0.6833333333333333,0.4936708860759494,0.4933676577514886
334,drosophila,2,3,0.6833333333333333,0.4857142857142857,0.49365253587922214
335,drosophila,2,3,0.788888888888889,0.4694736842105263,0.4983150183150183
336,drosophila,2,3,0.788888888888889,0.40425531914893614,0.38033840697502586
337,drosophila,2,3,0.788888888888889,0.49105367793240556,0.4901932179212864
338,drosophila,2,3,0.788888888888889,0.5019455252918288,0.49967289719626173
339,drosophila,2,3,0.788888888888889,0.45267489711934156,0.4675591080302039
340,drosophila,2,3,0.8944444444444445,0.461864406779661,0.4645639796224153
341,drosophila,2,3,0.8944444444444445,0.4200743494423792,0.4137872049264455
342,drosophila,2,3,0.8944444444444445,0.39316239316239315,0.41063503590736705
343,drosophila,2,3,0.8944444444444445,0.4530612244897959,0.4639546146395461
344,drosophila,2,3,0.8944444444444445,0.44155844155844154,0.4156892612338157
345,drosophila,2,3,1.0,,-1.0
346,drosophila,2,3,1.0,,-1.0
347,drosophila,2,3,1.0,,-1.0
348,drosophila,2,3,1.0,,-1.0
349,drosophila,2,3,1.0,,-1.0
350,drosophila,2,4,0.05,0.5818878288522694,0.47177134269514215
351,drosophila,2,4,0.05,0.5878128400435255,0.49151156172343985
352,drosophila,2,4,0.05,0.5523491879350348,0.45448970298487357
353,drosophila,2,4,0.05,0.5973621276904123,0.48576859928183425
354,drosophila,2,4,0.05,0.6036055603822763,0.552391902095573
355,drosophila,2,4,0.15555555555555556,0.6804073319755601,0.49345208943195795
356,drosophila,2,4,0.15555555555555556,0.6708251793868232,0.4932412387337308
357,drosophila,2,4,0.15555555555555556,0.6718036529680366,0.47315203245666043
358,drosophila,2,4,0.15555555555555556,0.6569450101832994,0.5060032139662427
359,drosophila,2,4,0.15555555555555556,0.6511132940406025,0.5042212004779099
360,drosophila,2,4,0.2611111111111111,0.686641467686918,0.4324543840817391
361,drosophila,2,4,0.2611111111111111,0.7037243428996006,0.4489708379715774
362,drosophila,2,4,0.2611111111111111,0.6915247964470762,0.4283592308931398
363,drosophila,2,4,0.2611111111111111,0.7001296536395629,0.45205156119114764
364,drosophila,2,4,0.2611111111111111,0.7024,0.4520577586201223
365,drosophila,2,4,0.36666666666666664,0.6922657357914258,0.4207731770286301
366,drosophila,2,4,0.36666666666666664,0.6977407326168019,0.37637474217729816
367,drosophila,2,4,0.36666666666666664,0.7023124525024428,0.381049252775534
368,drosophila,2,4,0.36666666666666664,0.6861226271001527,0.3809045251321035
369,drosophila,2,4,0.36666666666666664,0.6990554771468895,0.4365318563825552
370,drosophila,2,4,0.4722222222222222,0.6997107546673679,0.3683634850238656
371,drosophila,2,4,0.4722222222222222,0.6742128545407234,0.3506928757296792
372,drosophila,2,4,0.4722222222222222,0.6796741558270923,0.33869334298569764
373,drosophila,2,4,0.4722222222222222,0.6854700854700855,0.37360675394646187
374,drosophila,2,4,0.4722222222222222,0.6904575163398693,0.36721338989743785
375,drosophila,2,4,0.5777777777777778,0.6528683181225554,0.292009132590236
376,drosophila,2,4,0.5777777777777778,0.6579767174946712,0.294093290720824
377,drosophila,2,4,0.5777777777777778,0.6586064269805918,0.30247026078719064
378,drosophila,2,4,0.5777777777777778,0.6472402597402598,0.3216227024340016
379,drosophila,2,4,0.5777777777777778,0.6490912068118553,0.3071868583162218
380,drosophila,2,4,0.6833333333333333,0.6226291693917593,0.23871612370014927
381,drosophila,2,4,0.6833333333333333,0.6125517541948137,0.22777744107348166
382,drosophila,2,4,0.6833333333333333,0.6211046636578551,0.2671031757191564
383,drosophila,2,4,0.6833333333333333,0.61495246326707,0.2313826501940766
384,drosophila,2,4,0.6833333333333333,0.6361876075731497,0.25340532369274865
385,drosophila,2,4,0.788888888888889,0.5194719471947195,0.1362431810015353
386,drosophila,2,4,0.788888888888889,0.542312661498708,0.17757507516500365
387,drosophila,2,4,0.788888888888889,0.5338441890166028,0.15892425341699676
388,drosophila,2,4,0.788888888888889,0.5207022192779066,0.15501815431164903
389,drosophila,2,4,0.788888888888889,0.5059642147117296,0.1389541589451288
390,drosophila,2,4,0.8944444444444445,0.3400651465798046,0.08929368029739777
391,drosophila,2,4,0.8944444444444445,0.26373626373626374,0.09220650285430629
392,drosophila,2,4,0.8944444444444445,0.29565772669220947,0.08514363541872008
393,drosophila,2,4,0.8944444444444445,0.287598944591029,0.09117184170664507
394,drosophila,2,4,0.8944444444444445,0.26005361930294907,0.09273924721859331
395,drosophila,2,4,1.0,,-1.0
396,drosophila,2,4,1.0,,-1.0
397,drosophila,2,4,1.0,,-1.0
398,drosophila,2,4,1.0,,-1.0
399,drosophila,2,4,1.0,,-1.0
400,drosophila,3,4,0.05,0.6127465630603706,0.4849253219074191
401,drosophila,3,4,0.05,0.6225406488974683,0.5200117684252911
402,drosophila,3,4,0.05,0.5783025172644242,0.4171775673381355
403,drosophila,3,4,0.05,0.5977360165729506,0.4842781925545314
404,drosophila,3,4,0.05,0.6473516083500482,0.4953111385219932
405,drosophila,3,4,0.15555555555555556,0.7079049384796898,0.46663519846231044
406,drosophila,3,4,0.15555555555555556,0.7026731674512441,0.44703530987458906
407,drosophila,3,4,0.15555555555555556,0.6964225730601277,0.4400576283480556
408,drosophila,3,4,0.15555555555555556,0.7004530961570733,0.4239710538760392
409,drosophila,3,4,0.15555555555555556,0.6871037704371038,0.4633721121029142
410,drosophila,3,4,0.2611111111111111,0.7104184539128777,0.45378826516214243
411,drosophila,3,4,0.2611111111111111,0.7122281295311744,0.406727707929267
412,drosophila,3,4,0.2611111111111111,0.7128769201593022,0.4058954123910419
413,drosophila,3,4,0.2611111111111111,0.7032251890133027,0.40772419973804286
414,drosophila,3,4,0.2611111111111111,0.7184122429459588,0.37341628506129865
415,drosophila,3,4,0.36666666666666664,0.7093219386033959,0.42050678945519976
416,drosophila,3,4,0.36666666666666664,0.7015759472448866,0.39326041865314226
417,drosophila,3,4,0.36666666666666664,0.7326612009749612,0.4094320951340449
418,drosophila,3,4,0.36666666666666664,0.7031302216776206,0.3933360822233089
419,drosophila,3,4,0.36666666666666664,0.6918852275274602,0.3969858583340259
420,drosophila,3,4,0.4722222222222222,0.7011786766675596,0.3380608705830665
421,drosophila,3,4,0.4722222222222222,0.714401185504513,0.35019838539516535
422,drosophila,3,4,0.4722222222222222,0.6921539896096977,0.3565810627476528
423,drosophila,3,4,0.4722222222222222,0.7039871123640757,0.31669342931241884
424,drosophila,3,4,0.4722222222222222,0.6993243243243243,0.3390959747172322
425,drosophila,3,4,0.5777777777777778,0.6778455284552846,0.3111324159711256
426,drosophila,3,4,0.5777777777777778,0.6787406905890319,0.305480587196665
427,drosophila,3,4,0.5777777777777778,0.6762852404643449,0.30778926852144495
428,drosophila,3,4,0.5777777777777778,0.6740146960587843,0.26270715456446514
429,drosophila,3,4,0.5777777777777778,0.6922312406824582,0.3255425629526349
430,drosophila,3,4,0.6833333333333333,0.6318496980541266,0.22443444930446665
431,drosophila,3,4,0.6833333333333333,0.6442608307280036,0.21321216035960416
432,drosophila,3,4,0.6833333333333333,0.6312541326867974,0.2598300405101339
433,drosophila,3,4,0.6833333333333333,0.6330967169476486,0.23851761456338227
434,drosophila,3,4,0.6833333333333333,0.6444640494044993,0.253756572886899
435,drosophila,3,4,0.788888888888889,0.5494869248593182,0.15838707541548036
436,drosophila,3,4,0.788888888888889,0.5618279569892473,0.1703251121076233
437,drosophila,3,4,0.788888888888889,0.5485387974470944,0.1780429514883077
438,drosophila,3,4,0.788888888888889,0.5592083193559209,0.14953234423224554
439,drosophila,3,4,0.788888888888889,0.5756958587915818,0.20666917859834213
440,drosophila,3,4,0.8944444444444445,0.29309231762427373,0.08103214614842522
441,drosophila,3,4,0.8944444444444445,0.2619212163096061,0.08592982492425105
442,drosophila,3,4,0.8944444444444445,0.21947776993648554,0.09169314844239013
443,drosophila,3,4,0.8944444444444445,0.3290405666452028,0.09842479623090777
444,drosophila,3,4,0.8944444444444445,0.29881266490765174,0.12258932777067492
445,drosophila,3,4,1.0,,-1.0
446,drosophila,3,4,1.0,,-1.0
447,drosophila,3,4,1.0,,-1.0
448,drosophila,3,4,1.0,,-1.0
449,drosophila,3,4,1.0,,-1.0
