system,N,theta,embedding,mu,t1,t2,prob,accuracy,auroc,pr,intercept,coef_distances,coef_degrees
LFR,10000,0.05,LE,0.1,2.1,1.0,1,0.6452221367615281,0.6767015043852301,0.6404715017363329,-0.059852496284965764,-5.40621374697284,-16.394878123107528
LFR,1000,0.05,LE,0.1,2.1,1.0,1,0.5987045033929673,0.6821346341203512,0.6999040267960345,0.0006723864471400972,-24.429581808291513,-13.398816029955062
LFR,100,0.05,LE,0.1,2.1,1.0,1,0.5226415094339623,0.5396031847768804,0.5370855477186537,-0.018901776704511368,-16556.49487707339,-5.730711263351236
LFR,5000,0.05,LE,0.1,2.1,1.0,1,0.6043235271287744,0.642678388184105,0.6316348062537303,-0.05656005292645963,-10.825021766005797,-15.023827673908416
LFR,500,0.05,LE,0.1,2.1,1.0,1,0.5055179779280883,0.5284815837713321,0.5375323367662113,0.014977776542844379,-16.272987183887885,-3.6754435580668234
LFR,10000,0.05,LE,0.1,2.1,1.0,1,0.6357726257187855,0.6665702314494445,0.6332861482612594,-0.07755836006436428,-5.247056005715834,-16.153005649892382
LFR,1000,0.05,LE,0.1,2.1,1.0,1,0.6235348550277606,0.7082697345668236,0.7230503654636389,0.012871061971364473,-31.09091554548665,-10.615911767344036
LFR,100,0.05,LE,0.1,2.1,1.0,1,0.45660377358490567,0.4886980301670727,0.48978073605768446,0.041484686275716984,8451.306714428089,-5.821037235328504
LFR,5000,0.05,LE,0.1,2.1,1.0,1,0.613250019405418,0.6493389881533106,0.6328412739343653,-0.04640220471366902,-9.167267520103803,-14.143592685402037
LFR,500,0.05,LE,0.1,2.1,1.0,1,0.512993948024208,0.5389427429796199,0.5575904728355435,-0.005078129355486652,-11.370481585277982,-5.8573047195411725
LFR,10000,0.05,LE,0.1,2.1,1.0,1,0.6396183569571109,0.6706265377738515,0.6384536154598978,-0.06275275113284337,-5.043062048266599,-16.20251667034929
LFR,1000,0.05,LE,0.1,2.1,1.0,1,0.6167489204194941,0.7001182144996149,0.7154195007128505,0.016376590095151897,-30.459500109375792,-12.243798803406538
LFR,100,0.05,LE,0.1,2.1,1.0,1,0.5,0.4738281416912362,0.4850422948434848,-0.09958307688950725,-10811.368909145804,-5.4546157487988545
LFR,5000,0.05,LE,0.1,2.1,1.0,1,0.6085927190871692,0.6539438941045879,0.6382395240425601,-0.06835642396185375,-10.679002000364738,-16.144449951684255
LFR,500,0.05,LE,0.1,2.1,1.0,1,0.5026699893200427,0.5204941884043865,0.5324934106532694,-0.007419306177003235,-12.894398709786467,-3.6169107078563907
LFR,10000,0.05,LE,0.1,2.1,1.0,1,0.6285206753836575,0.6652369268395543,0.6330266744563438,-0.07002499012223683,-5.653958102422748,-15.795575063557491
LFR,1000,0.05,LE,0.1,2.1,1.0,1,0.614898210980876,0.6960477843235755,0.7194516213149045,-0.02396707876856124,-30.27564644815327,-12.656362991777131
LFR,100,0.05,LE,0.1,2.1,1.0,1,0.5056603773584906,0.47136407013345866,0.4805098100448274,-0.0701847555516017,-7448.573755699275,-6.863906844595494
LFR,5000,0.05,LE,0.1,2.1,1.0,1,0.6227198633858574,0.6613705163979533,0.6421295000004347,-0.06819377736342455,-10.102065612309307,-15.99243926216694
LFR,500,0.05,LE,0.1,2.1,1.0,1,0.4752580989676041,0.5026031527804815,0.5251498485293987,-0.01213721902342028,-11.826407285689841,-3.764374765076463
LFR,10000,0.10,LE,0.1,2.1,1.0,1,0.6711899791231732,0.7068895988388646,0.6757616158047776,-0.07277295541755543,-4.316216354972109,-15.098011850313902
LFR,1000,0.10,LE,0.1,2.1,1.0,1,0.6742633892235065,0.7664737850205265,0.7767574308139948,-0.01945797874099379,-25.981484433459205,-9.640829903130326
LFR,100,0.10,LE,0.1,2.1,1.0,1,0.50199203187251,0.49409383186472966,0.4799366881580509,0.04411617111608678,-809.9214915915683,-4.325151308719098
LFR,5000,0.10,LE,0.1,2.1,1.0,1,0.648136009832036,0.6980878837566253,0.6827891351398214,-0.05825630092047912,-8.51751341586434,-14.183902259411221
LFR,500,0.10,LE,0.1,2.1,1.0,1,0.532130777903044,0.5628741770787553,0.5680846915698718,0.026853480289150064,-14.661456127955443,-4.091342183358734
LFR,10000,0.10,LE,0.1,2.1,1.0,1,0.6687156885486739,0.7018075762342625,0.6721406454633884,-0.08018613013602265,-4.073808391488136,-14.719950527686514
LFR,1000,0.10,LE,0.1,2.1,1.0,1,0.6825138391403451,0.7787389545491947,0.7848673655492433,0.037121656508985246,-27.297194405288682,-9.055708594629944
LFR,100,0.10,LE,0.1,2.1,1.0,1,0.5079681274900398,0.47948717948717945,0.49319100123254506,-0.00737397000902718,3950.185917026333,-6.789486276677877
LFR,5000,0.10,LE,0.1,2.1,1.0,1,0.6494059811552643,0.6965972420580948,0.6825001860185449,-0.026341362505128474,-8.050603914012768,-14.082112118391093
LFR,500,0.10,LE,0.1,2.1,1.0,1,0.5272453964674935,0.5618068673794954,0.5833556895477964,-0.0002676068198430827,-13.717076076354425,-4.023761176826365
LFR,10000,0.10,LE,0.1,2.1,1.0,1,0.6725431067811026,0.7021697823712285,0.674064778723708,-0.061062529436674416,-4.00828627911632,-14.955222687908654
LFR,1000,0.10,LE,0.1,2.1,1.0,1,0.6818625854770433,0.7728028067341941,0.77487855750605,0.03598569509906108,-29.21716958134654,-10.534462693963645
LFR,100,0.10,LE,0.1,2.1,1.0,1,0.4940239043824701,0.49331586885766454,0.4716112143608104,-0.1817986581854247,1565.8322570965734,-7.160463624079478
LFR,5000,0.10,LE,0.1,2.1,1.0,1,0.6419500204834084,0.6970473165102935,0.6793842881349186,-0.06609032674540871,-8.33172739255384,-13.816581422710954
LFR,500,0.10,LE,0.1,2.1,1.0,1,0.5133408493047726,0.5525161307816326,0.5681985512762517,0.0031001637640901084,-14.276427952250065,-4.349743311676784
LFR,10000,0.10,LE,0.1,2.1,1.0,1,0.672079177298384,0.7017886060514141,0.6746928078515695,-0.0698783199008799,-4.618085630047057,-15.122332525522628
LFR,1000,0.10,LE,0.1,2.1,1.0,1,0.6753500488440247,0.7699355532369707,0.7795551148717138,-0.02552725694399428,-27.679043714187852,-8.91629452330701
LFR,100,0.10,LE,0.1,2.1,1.0,1,0.5438247011952191,0.5635389378423434,0.5338373049941594,-0.09931881516288,18038.668910751065,-7.22686358600657
LFR,5000,0.10,LE,0.1,2.1,1.0,1,0.6618327803039613,0.7104999664774232,0.6950448020168953,-0.07423654252886502,-8.15787448886285,-14.59659618955899
LFR,500,0.10,LE,0.1,2.1,1.0,1,0.5092070650131529,0.536867775607298,0.555138108757994,-0.025980183941210905,-11.782005534677193,-4.556772191665112
LFR,10000,0.15,LE,0.1,2.1,1.0,1,0.6849236563101232,0.7303612260801201,0.7067454848985772,-0.07704348962937563,-3.806645803641696,-13.830649161058247
LFR,1000,0.15,LE,0.1,2.1,1.0,1,0.7064299258748492,0.8032711201300669,0.8025391702283585,-0.048204790945349255,-24.237679428649635,-8.740649810743953
LFR,100,0.15,LE,0.1,2.1,1.0,1,0.5126582278481012,0.5048884298256548,0.4968612316719909,0.08227661613964095,7320.616968813161,-3.9457076861346345
LFR,5000,0.15,LE,0.1,2.1,1.0,1,0.6685173939446517,0.7242338127242647,0.7107975588773757,-0.046600147003372436,-7.133630203038919,-12.959648783943315
LFR,500,0.15,LE,0.1,2.1,1.0,1,0.5407879029048945,0.5772539555859588,0.5846392277997964,0.0025490022989460167,-14.81253999069573,-4.429373231391685
LFR,10000,0.15,LE,0.1,2.1,1.0,1,0.6806664210569405,0.7234922824255943,0.6967747636658448,-0.07270520355042462,-3.5968151878370827,-13.611038230925525
LFR,1000,0.15,LE,0.1,2.1,1.0,1,0.7139655172413794,0.8089700690523925,0.8102578995747214,0.052749650015488043,-23.638843368383853,-7.733642814058438
LFR,100,0.15,LE,0.1,2.1,1.0,1,0.5210970464135021,0.5226345876444713,0.5081381695711782,-0.0787983256220038,9748.17182046819,-6.111451649987468
LFR,5000,0.15,LE,0.1,2.1,1.0,1,0.6729417888435846,0.7262149401714713,0.7136638560003185,-0.02069847699676957,-6.862259399761159,-13.107240962239707
LFR,500,0.15,LE,0.1,2.1,1.0,1,0.5387982491046558,0.5833634197414976,0.6078267606125088,0.07092389125635162,-15.83975124436585,-3.5556489634701713
LFR,10000,0.15,LE,0.1,2.1,1.0,1,0.6891604240861271,0.7298001395468221,0.7059163159603112,-0.07448070380965018,-3.6194595016596978,-13.997976811711402
LFR,1000,0.15,LE,0.1,2.1,1.0,1,0.72,0.8148204914844737,0.8123864907267786,0.007060655896251151,-27.275065116568374,-8.408603517825025
LFR,100,0.15,LE,0.1,2.1,1.0,1,0.5042194092827004,0.5002671273128774,0.4873468037343216,-0.1579429485026071,7975.053856573016,-5.964207751514578
LFR,5000,0.15,LE,0.1,2.1,1.0,1,0.6618374251756745,0.7212796251422189,0.7056479781168379,-0.06345672005453877,-6.9266865251294405,-12.836917013580946
LFR,500,0.15,LE,0.1,2.1,1.0,1,0.538400318344608,0.5729550665703899,0.5899435470928462,0.04540542078442924,-13.925668097448739,-4.280215258629187
LFR,10000,0.15,LE,0.1,2.1,1.0,1,0.6815874575299848,0.7260775604763261,0.7030810356641412,-0.07518042620362825,-4.087571041820004,-13.844924228298554
LFR,1000,0.15,LE,0.1,2.1,1.0,1,0.7132758620689655,0.8076267309900989,0.8171772335391922,-0.06498339202689069,-26.724614209518798,-7.7170946827085745
LFR,100,0.15,LE,0.1,2.1,1.0,1,0.5,0.5051371082621082,0.4894199355892957,-0.05689769556441118,7510.057021150773,-4.935327811660371
LFR,5000,0.15,LE,0.1,2.1,1.0,1,0.6822381262199089,0.7371029986968862,0.7233690900321605,-0.09182056027363761,-6.66989056368887,-13.182333135533069
LFR,500,0.15,LE,0.1,2.1,1.0,1,0.5495423796259451,0.5833149647195935,0.5907570390556274,-0.003394899397036625,-13.88559237482248,-4.494028669015152
LFR,10000,0.20,LE,0.1,2.1,1.0,1,0.6946981558803061,0.7482785399108897,0.7287157243634,-0.09507061293083867,-3.4358242858695873,-12.875164761164077
LFR,1000,0.20,LE,0.1,2.1,1.0,1,0.7394250137337484,0.8297767807084794,0.8303678504286047,-0.08119084028141281,-24.075482899633865,-7.642434429713274
LFR,100,0.20,LE,0.1,2.1,1.0,1,0.4820627802690583,0.47186852533542534,0.48805332337158536,0.031132118231178882,3257.447261648867,-3.745890052673682
LFR,5000,0.20,LE,0.1,2.1,1.0,1,0.680247027375795,0.744844794891236,0.7344970018099624,-0.043668782899149286,-6.36193880902726,-12.185541512425292
LFR,500,0.20,LE,0.1,2.1,1.0,1,0.5691331923890064,0.5996982049631696,0.6072364714630254,0.015581833379150055,-15.796262642961942,-4.377423093866692
LFR,10000,0.20,LE,0.1,2.1,1.0,1,0.6940457550452331,0.746188978805493,0.7234774828181958,-0.06516703180047466,-3.340070428839038,-12.70026016022313
LFR,1000,0.20,LE,0.1,2.1,1.0,1,0.734065934065934,0.8260528699534182,0.8221937614450103,0.04517201668158318,-21.346072528941754,-6.095094763199887
LFR,100,0.20,LE,0.1,2.1,1.0,1,0.5100671140939598,0.516339607529035,0.5159604021910348,-0.1280027475939591,10851.991240467287,-6.16353725067491
LFR,5000,0.20,LE,0.1,2.1,1.0,1,0.6845476750080649,0.7466032376574451,0.736902613297705,-0.006473871641249459,-6.157452644475707,-12.179641658179882
LFR,500,0.20,LE,0.1,2.1,1.0,1,0.5577167019027485,0.6076035185582493,0.625315922855542,0.1000102413100335,-16.69772683329363,-2.8717761300758116
LFR,10000,0.20,LE,0.1,2.1,1.0,1,0.6978079331941545,0.749008266740324,0.7276307572744013,-0.0729738496862025,-3.3772388992351976,-12.923687299509098
LFR,1000,0.20,LE,0.1,2.1,1.0,1,0.7390587804431423,0.8366932130697579,0.8361952884897887,-0.039313895917311575,-25.140571626053504,-7.036620866273423
LFR,100,0.20,LE,0.1,2.1,1.0,1,0.5179372197309418,0.48437028543841654,0.46541415734027547,-0.11254352666379092,2782.477876052922,-5.550893630604258
LFR,5000,0.20,LE,0.1,2.1,1.0,1,0.6793252834362614,0.7431302251131683,0.7299778317696048,-0.07405145000275677,-6.351404319293267,-12.079166431970283
LFR,500,0.20,LE,0.1,2.1,1.0,1,0.5534883720930233,0.5936176512235625,0.6124649258453913,0.054029246446743444,-14.228972387916487,-4.093326464844094
LFR,10000,0.20,LE,0.1,2.1,1.0,1,0.6956115170494085,0.7483351861153847,0.7320347221058453,-0.08293879219163075,-3.710132983472767,-13.093112044351539
LFR,1000,0.20,LE,0.1,2.1,1.0,1,0.73992673992674,0.8357071743884932,0.8417267449524901,-0.01691848378350368,-26.234493613721533,-6.38099664241865
LFR,100,0.20,LE,0.1,2.1,1.0,1,0.4988814317673378,0.5129640011212109,0.5020520674038262,-0.051181782997185045,8368.847584647756,-4.370786908247992
LFR,5000,0.20,LE,0.1,2.1,1.0,1,0.6936264343978985,0.7587852009550458,0.7471855027893737,-0.09296097489954021,-5.991870424113601,-12.478297574913583
LFR,500,0.20,LE,0.1,2.1,1.0,1,0.5646661031276415,0.6062980535627518,0.6091969050426838,0.007106563108774197,-13.895664289250846,-4.529360513294729
LFR,10000,0.25,LE,0.1,2.1,1.0,1,0.7015541637671074,0.7636605488992814,0.7499421791481606,-0.09375511206008001,-3.283893808643746,-12.001788169683564
LFR,1000,0.25,LE,0.1,2.1,1.0,1,0.7603047470209026,0.8530984393317702,0.8519823073941369,-0.07066845713428786,-22.393043125273362,-6.680862775661531
LFR,100,0.25,LE,0.1,2.1,1.0,1,0.4688995215311005,0.46119317531203485,0.46196937304175334,0.05356389291278926,1141.584497223087,-3.849966565355484
LFR,5000,0.25,LE,0.1,2.1,1.0,1,0.6908366925572706,0.7565264858398187,0.748267751190811,-0.03378109381931601,-5.891954785202752,-11.469741002458079
LFR,500,0.25,LE,0.1,2.1,1.0,1,0.5669824086603519,0.6113442266468961,0.6244770108140738,0.036523964840644914,-16.451515826145716,-4.129421642447955
LFR,10000,0.25,LE,0.1,2.1,1.0,1,0.6981674785432614,0.7615071089848485,0.7436684120357298,-0.06791322259135217,-3.1742352848410724,-11.856790654367877
LFR,1000,0.25,LE,0.1,2.1,1.0,1,0.7497069167643611,0.8450279698836614,0.84083777118521,0.03939977784872126,-20.153346603879374,-5.697883449699222
LFR,100,0.25,LE,0.1,2.1,1.0,1,0.513126491646778,0.5170358721910753,0.5313024325475648,-0.11767597685460772,12872.84176843495,-4.99647709479292
LFR,5000,0.25,LE,0.1,2.1,1.0,1,0.6980779629356535,0.7689264269160934,0.7609724051317693,-0.030403626301191797,-5.7544861088442865,-11.537785596683642
LFR,500,0.25,LE,0.1,2.1,1.0,1,0.5787099684258006,0.6311877118995806,0.64654363658055,0.09253666623010838,-16.605556740471407,-2.777400670935871
LFR,10000,0.25,LE,0.1,2.1,1.0,1,0.7042217582927395,0.7651561882473243,0.7468014596320944,-0.06630518335940636,-3.2008706536488623,-11.98552387663008
LFR,1000,0.25,LE,0.1,2.1,1.0,1,0.7614768509474507,0.8531106692470227,0.8542878148225618,-0.0015393821332440032,-23.820902165067224,-6.621998871522754
LFR,100,0.25,LE,0.1,2.1,1.0,1,0.48325358851674644,0.44837970914920416,0.44660783060017406,-0.12959272360309562,4078.458112718938,-5.3487041482228435
LFR,5000,0.25,LE,0.1,2.1,1.0,1,0.6925572706715171,0.758882626880584,0.749242497742578,-0.05369282839428283,-6.092127719748087,-11.633567391259195
LFR,500,0.25,LE,0.1,2.1,1.0,1,0.5814163283716735,0.6188287379146458,0.6337889648765186,0.07673965231484446,-15.074227341884603,-4.434457141474827
LFR,10000,0.25,LE,0.1,2.1,1.0,1,0.7010670378102528,0.7645081763670275,0.7505111464649331,-0.06439006807669416,-3.417566473457477,-12.276762055729641
LFR,1000,0.25,LE,0.1,2.1,1.0,1,0.758694802657288,0.8569292634429265,0.8627373353424136,-0.05124601286744636,-24.600255296815092,-5.693349697047527
LFR,100,0.25,LE,0.1,2.1,1.0,1,0.5083532219570406,0.50468237331389,0.5058189734732229,-0.10216491589611836,7904.876694906407,-3.8091064297096615
LFR,5000,0.25,LE,0.1,2.1,1.0,1,0.6957675859017844,0.7661368402132422,0.7566056347126704,-0.08741225672417474,-5.616675414155678,-11.495907101153161
LFR,500,0.25,LE,0.1,2.1,1.0,1,0.5752930568079351,0.6276652055449448,0.6341521454143151,-0.01938808007260694,-16.34824182112098,-3.7874683956458792
LFR,10000,0.30,LE,0.1,2.1,1.0,1,0.7123471518043543,0.7791757110036568,0.7690663651325016,-0.08452128974916479,-3.118733547652668,-11.163808828370591
LFR,1000,0.30,LE,0.1,2.1,1.0,1,0.7816621310445887,0.8725939239941861,0.8743774219668562,-0.05533764350351091,-21.854586204019697,-6.057288394018474
LFR,100,0.30,LE,0.1,2.1,1.0,1,0.46153846153846156,0.44079033913020593,0.45681107534268195,0.09338735354359333,2017.0390766378296,-3.263828780209879
LFR,5000,0.30,LE,0.1,2.1,1.0,1,0.6976878917153843,0.7699892113912459,0.761626339045207,-0.020426989028330993,-5.646078168348685,-11.106832491812302
LFR,500,0.30,LE,0.1,2.1,1.0,1,0.5930401159980667,0.6460421759248878,0.65786885824792,0.024238006083025992,-17.459541585099892,-3.701975939558029
LFR,10000,0.30,LE,0.1,2.1,1.0,1,0.705934983596779,0.7759445882277958,0.7604279353826906,-0.05626377849999749,-3.076613259342484,-11.01252104981469
LFR,1000,0.30,LE,0.1,2.1,1.0,1,0.7665899099853465,0.8641645833793462,0.8604116754859605,0.0486377386575446,-20.435730679540985,-4.861229456437226
LFR,100,0.30,LE,0.1,2.1,1.0,1,0.49104859335038364,0.47641855108877723,0.501104918539252,-0.0688737999107631,8664.718623313924,-5.379016969000904
LFR,5000,0.30,LE,0.1,2.1,1.0,1,0.7083267498814979,0.7796368909837903,0.77444145069077,-0.01674887212456192,-5.490708518349083,-10.896197267279167
LFR,500,0.30,LE,0.1,2.1,1.0,1,0.5857902368293861,0.6417176859306437,0.6597558836760014,0.05553740667706522,-16.38526290532161,-2.9538151682527745
LFR,10000,0.30,LE,0.1,2.1,1.0,1,0.7117755244060046,0.7778636835987092,0.7626070086065987,-0.06991781581830721,-3.1708858769443022,-11.235775239691023
LFR,1000,0.30,LE,0.1,2.1,1.0,1,0.7785220849905798,0.8726391893602127,0.8738164812992966,-0.030737433387947644,-23.991287752529892,-6.3106322480703065
LFR,100,0.30,LE,0.1,2.1,1.0,1,0.4641025641025641,0.46018781565656564,0.45419427937865164,-0.06607725457330323,4572.928374425556,-4.30325984554904
LFR,5000,0.30,LE,0.1,2.1,1.0,1,0.7007426133670406,0.7709831532420972,0.7633320165384208,-0.035224408645138046,-5.518997664317706,-10.914053720537598
LFR,500,0.30,LE,0.1,2.1,1.0,1,0.5872402126631223,0.638570563566639,0.6523093388495119,0.06035901407263163,-15.933316491333475,-3.856740562191632
LFR,10000,0.30,LE,0.1,2.1,1.0,1,0.7074013321403718,0.777463512052921,0.7666413744289307,-0.06224805349481919,-3.3748004938000005,-11.52468734778952
LFR,1000,0.30,LE,0.1,2.1,1.0,1,0.7839195979899497,0.8762580133109035,0.8807511006107229,-0.04329227897108775,-23.17781471161518,-5.577461166864833
LFR,100,0.30,LE,0.1,2.1,1.0,1,0.4884910485933504,0.4797608456748129,0.48688739139177606,-0.020334385440086943,5199.396046343574,-4.293103017480523
LFR,5000,0.30,LE,0.1,2.1,1.0,1,0.6982672354769053,0.775359616038525,0.7675244302471329,-0.06986588838881837,-5.2640886264091735,-10.770829851405923
LFR,500,0.30,LE,0.1,2.1,1.0,1,0.5905359729599228,0.6455405322226553,0.6523644526199797,-0.018212932771879027,-17.73769339629615,-3.0928402778531607
LFR,10000,0.35,LE,0.1,2.1,1.0,1,0.7207322948450298,0.7907107398127882,0.785555007079947,-0.08316071413776985,-3.144754570733521,-10.577805596106232
LFR,1000,0.35,LE,0.1,2.1,1.0,1,0.7907553551296506,0.8829647778682067,0.8862498425986621,-0.09298161200000021,-20.167501465197898,-5.271578149057734
LFR,100,0.35,LE,0.1,2.1,1.0,1,0.49166666666666664,0.46726778656126483,0.46737508098972724,0.033470358284459295,2811.767733040633,-3.442106249599538
LFR,5000,0.35,LE,0.1,2.1,1.0,1,0.7078677179647173,0.7830332576917993,0.7761543305166523,-0.02530771814562999,-5.356620587263241,-10.4402280630327
LFR,500,0.35,LE,0.1,2.1,1.0,1,0.6087408949011447,0.6630175730387206,0.6677210686638451,0.017260759560092206,-19.17580326006003,-3.1748991410677423
LFR,10000,0.35,LE,0.1,2.1,1.0,1,0.7132380493549596,0.7875693370080565,0.774548907076201,-0.049968779213255765,-3.0628556884158447,-10.335047608880078
LFR,1000,0.35,LE,0.1,2.1,1.0,1,0.7826381059751973,0.8767616374839851,0.8753028413424248,0.054820224934143236,-20.251996916251663,-4.791404090845161
LFR,100,0.35,LE,0.1,2.1,1.0,1,0.4598337950138504,0.4510101940555146,0.4742731992046251,-0.0584229809988078,5742.109036281703,-4.0698447312109245
LFR,5000,0.35,LE,0.1,2.1,1.0,1,0.7126893187361734,0.7901354790456734,0.7883231321785447,0.0017435530294517743,-5.326628292625147,-10.431444475032453
LFR,500,0.35,LE,0.1,2.1,1.0,1,0.5996876626756897,0.6492155506754047,0.6676826045303428,0.07723821011954723,-17.068657646573335,-2.452829180473392
LFR,10000,0.35,LE,0.1,2.1,1.0,1,0.7171725282372464,0.7891998384399146,0.7791500263204654,-0.06056233048303974,-3.1503012866467786,-10.560255148258998
LFR,1000,0.35,LE,0.1,2.1,1.0,1,0.7954904171364149,0.8885222471500642,0.889091231550365,-0.03285534869856535,-24.11430449046403,-5.597868155670331
LFR,100,0.35,LE,0.1,2.1,1.0,1,0.4696132596685083,0.4645114021430534,0.4553672966167176,-0.07455126589801919,3721.602406551536,-4.397753825865053
LFR,5000,0.35,LE,0.1,2.1,1.0,1,0.709682908843383,0.7828825482195807,0.7777620159682588,-0.02500316544126545,-5.360694405247641,-10.412655572999933
LFR,500,0.35,LE,0.1,2.1,1.0,1,0.5996876626756897,0.6561712109157365,0.6612497977622657,0.05449590928344832,-16.502458949655534,-3.6424933790575422
LFR,10000,0.35,LE,0.1,2.1,1.0,1,0.7167710508002784,0.7912270677496396,0.7844898605898643,-0.06137441494902156,-3.332733745215409,-10.80413521509646
LFR,1000,0.35,LE,0.1,2.1,1.0,1,0.8011273957158963,0.8924762868123317,0.8962485309787183,-0.05905026150032474,-23.69373930873441,-4.8895597795864525
LFR,100,0.35,LE,0.1,2.1,1.0,1,0.4598337950138504,0.4399441340782123,0.4466101298112325,-0.0071214241158236175,3084.5581020868062,-3.6210225499387803
LFR,5000,0.35,LE,0.1,2.1,1.0,1,0.7083782403993419,0.7868047417472924,0.7822606260171516,-0.0657219393674074,-5.0280267117055075,-10.169858475226018
LFR,500,0.35,LE,0.1,2.1,1.0,1,0.609464378575143,0.6590699636552441,0.6685255696170744,-0.0014990476531524558,-17.26916062771567,-3.2838484032133373
LFR,10000,0.40,LE,0.1,2.1,1.0,1,0.7256147065646021,0.8007335568825595,0.7978535685989943,-0.08725068757079785,-3.1866448780759056,-9.915683848843416
LFR,1000,0.40,LE,0.1,2.1,1.0,1,0.801025390625,0.892253611625102,0.8944608148697581,-0.06014276550667942,-19.914512799668163,-4.983188625894059
LFR,100,0.40,LE,0.1,2.1,1.0,1,0.463855421686747,0.43453159041394335,0.4297910478727305,-0.03698754473613173,-385.60491463895994,-3.183888129506987
LFR,5000,0.40,LE,0.1,2.1,1.0,1,0.7174460763227432,0.7973599448432807,0.794760433111288,-0.021238875768344836,-5.4207326387114945,-10.163342904201837
LFR,500,0.40,LE,0.1,2.1,1.0,1,0.6144306651634723,0.6726701229967118,0.6789425877970576,0.025276633385960187,-18.384857902625352,-3.12576922215018
LFR,10000,0.40,LE,0.1,2.1,1.0,1,0.7203954998840176,0.7959185969216325,0.7878998930048832,-0.045103526394667116,-3.238296448289613,-9.87324104924988
LFR,1000,0.40,LE,0.1,2.1,1.0,1,0.7951159951159951,0.889857713638261,0.8889667215636593,0.0336164641253379,-19.808870975920716,-4.474098851027084
LFR,100,0.40,LE,0.1,2.1,1.0,1,0.45345345345345345,0.44500180440274273,0.47139892500231295,-0.07861682226870895,5731.369184461409,-4.304672765327704
LFR,5000,0.40,LE,0.1,2.1,1.0,1,0.7199041356848768,0.7978859964359121,0.7966413330243773,0.03166123030822334,-5.224192936495877,-10.020491202154073
LFR,500,0.40,LE,0.1,2.1,1.0,1,0.6102650874224478,0.6578128976434061,0.6732846091593925,0.04163038529132382,-16.785728170513554,-2.574865992794729
LFR,10000,0.40,LE,0.1,2.1,1.0,1,0.7233530503363489,0.7993771368695823,0.7918426613333773,-0.04817422773416859,-3.10945300194003,-9.875780362541839
LFR,1000,0.40,LE,0.1,2.1,1.0,1,0.8056166056166056,0.8972335645693224,0.8968609611614675,0.007270597496779716,-23.395452187143512,-5.354467663957099
LFR,100,0.40,LE,0.1,2.1,1.0,1,0.45209580838323354,0.46073157611619153,0.4594833770884857,-0.07561612952039538,2341.0616686510134,-4.245106506484023
LFR,5000,0.40,LE,0.1,2.1,1.0,1,0.715497111957724,0.7922067751879875,0.7926683427235712,-0.013069842001433019,-5.311279208981332,-10.015021387631679
LFR,500,0.40,LE,0.1,2.1,1.0,1,0.6170332769317541,0.6736371965185525,0.6804181615824535,0.056746313362106914,-17.021531420096427,-3.7183077429626685
LFR,10000,0.40,LE,0.1,2.1,1.0,1,0.7231790767803294,0.8010527471733366,0.7982107259926112,-0.06181752311710899,-3.3213896425190272,-10.082307072198672
LFR,1000,0.40,LE,0.1,2.1,1.0,1,0.805711496216744,0.8976205999877989,0.9011020544243294,-0.13177743716700277,-22.4247784213554,-4.262640667887547
LFR,100,0.40,LE,0.1,2.1,1.0,1,0.43243243243243246,0.42074314574314575,0.44369908595615914,0.03765911213604104,3123.682779728817,-3.8915068630054015
LFR,5000,0.40,LE,0.1,2.1,1.0,1,0.7176304307749032,0.7973000982800804,0.7970964749593292,-0.04421861689160633,-5.003737340458908,-9.773241436635741
LFR,500,0.40,LE,0.1,2.1,1.0,1,0.6174647887323944,0.672394223859715,0.6765285844424476,0.02751880271270391,-17.818800495425958,-3.2297482124912698
LFR,10000,0.45,LE,0.1,2.1,1.0,1,0.7338204592901879,0.8114276295801275,0.811190909095433,-0.07486406356948089,-3.2938419940837362,-9.429008117504171
LFR,1000,0.45,LE,0.1,2.1,1.0,1,0.8129994672349494,0.9035947601109012,0.9064708699928847,-0.09145235301951596,-19.382876424435715,-4.4938578436765715
LFR,100,0.45,LE,0.1,2.1,1.0,1,0.4459016393442623,0.42662622612287043,0.43013839720471625,-0.011154218317475288,120.30006566444924,-3.196253628285421
LFR,5000,0.45,LE,0.1,2.1,1.0,1,0.7248106187571227,0.8106325305070777,0.8103378458779786,0.00554584693072059,-5.298349466273177,-9.794157682623391
LFR,500,0.45,LE,0.1,2.1,1.0,1,0.6248462484624846,0.6757260930542885,0.6762478385764699,0.024350760073450505,-18.035496950313995,-3.158782496924898
LFR,10000,0.45,LE,0.1,2.1,1.0,1,0.7247422028215348,0.8052358851371946,0.8020415712992867,-0.04705796326884103,-3.4280159980592986,-9.420215518075814
LFR,1000,0.45,LE,0.1,2.1,1.0,1,0.8060218491873168,0.8955670805163853,0.8949419777287789,0.03934747528768827,-19.460759599469593,-4.049939968895355
LFR,100,0.45,LE,0.1,2.1,1.0,1,0.43934426229508194,0.43101445534331445,0.46154171777043523,0.03679385237590133,3501.2694467657957,-3.182327544074297
LFR,5000,0.45,LE,0.1,2.1,1.0,1,0.724475430716632,0.8063919355190694,0.8074608497863204,0.01566780035328708,-5.153253340586953,-9.566428961369029
LFR,500,0.45,LE,0.1,2.1,1.0,1,0.6203076923076923,0.6731459629116843,0.6933185145911487,0.09337448140195441,-17.222592653947235,-2.3187221904269464
LFR,10000,0.45,LE,0.1,2.1,1.0,1,0.7317011450623142,0.8103483705870693,0.8059283608405314,-0.05204922523521142,-3.2468421752127363,-9.411092801568978
LFR,1000,0.45,LE,0.1,2.1,1.0,1,0.8089528377298162,0.9031980120695776,0.9025615287183515,0.029391504661664274,-21.09862650718511,-5.149759675218022
LFR,100,0.45,LE,0.1,2.1,1.0,1,0.48366013071895425,0.4667378765221107,0.45656443766704013,-0.02480535514598624,1668.8976594131598,-3.8416938954851614
LFR,5000,0.45,LE,0.1,2.1,1.0,1,0.7196004826384234,0.8002205020141389,0.8009387765230196,0.006785958234079494,-5.3735923843485365,-9.664792967637087
LFR,500,0.45,LE,0.1,2.1,1.0,1,0.6363076923076924,0.6788734143851284,0.6823344029127687,0.06302396316071798,-16.87609279580857,-3.431413313739884
LFR,10000,0.45,LE,0.1,2.1,1.0,1,0.7327133548427912,0.8104863591712855,0.8104249566240721,-0.050332326111278684,-3.3975745614082076,-9.53878569183734
LFR,1000,0.45,LE,0.1,2.1,1.0,1,0.8149134487350199,0.9051771826771358,0.9085751136186203,-0.1753874081366937,-21.80412887846905,-4.063073894128152
LFR,100,0.45,LE,0.1,2.1,1.0,1,0.3901639344262295,0.3946202803818698,0.4310877933720244,0.0324793725935902,1995.4846355571,-3.31356400680329
LFR,5000,0.45,LE,0.1,2.1,1.0,1,0.723536904203258,0.8039227116999768,0.8047774903021784,-0.04647283986773805,-5.021382551281707,-9.321127774738951
LFR,500,0.45,LE,0.1,2.1,1.0,1,0.6269207129686539,0.6843386492832988,0.6867167082686599,0.026241383819010637,-18.239299891733815,-3.071115452481201
LFR,10000,0.50,LE,0.1,2.1,1.0,1,0.7377174669450244,0.8187759913102812,0.8214207685860272,-0.06548900196651546,-3.367728025415476,-8.89536756522773
LFR,1000,0.50,LE,0.1,2.1,1.0,1,0.8154116612950484,0.9070361266723944,0.9098972782431122,-0.10455827864011996,-18.103395837555713,-4.127027603044334
LFR,100,0.50,LE,0.1,2.1,1.0,1,0.4548736462093863,0.4318158114309553,0.43848954444101884,-0.037595827782472654,1768.4488856175997,-2.9723272499508124
LFR,5000,0.50,LE,0.1,2.1,1.0,1,0.7312145122041147,0.8149295119671092,0.8155298093663396,0.014553928477705777,-5.219503743329273,-9.179446890531642
LFR,500,0.50,LE,0.1,2.1,1.0,1,0.6326116373477673,0.6921652893772625,0.6943384455883982,0.017682422169372224,-17.496639432778252,-3.2327514031243685
LFR,10000,0.50,LE,0.1,2.1,1.0,1,0.7299930410577592,0.8128287882287821,0.8121876113915456,-0.05948195191606064,-3.47490064144757,-8.844632764159618
LFR,1000,0.50,LE,0.1,2.1,1.0,1,0.8132512459689241,0.9022200112489188,0.9009403336656636,0.01666288997316509,-19.054672073829156,-3.9774379752710227
LFR,100,0.50,LE,0.1,2.1,1.0,1,0.44244604316546765,0.41577775476387735,0.4428416101107704,0.002336429414499862,2208.7953970981093,-3.0426022510024064
LFR,5000,0.50,LE,0.1,2.1,1.0,1,0.7268638006046751,0.8120053254821407,0.8156882773753439,0.021763710650327447,-5.284414887132154,-9.20889764445246
LFR,500,0.50,LE,0.1,2.1,1.0,1,0.6427604871447903,0.6910843770599868,0.708003692255278,0.09146162765729997,-17.191960251651796,-2.8590500821379883
LFR,10000,0.50,LE,0.1,2.1,1.0,1,0.734098816979819,0.8168671006683393,0.8138406213754198,-0.04830559936495044,-3.3788225500433837,-8.930624975424264
LFR,1000,0.50,LE,0.1,2.1,1.0,1,0.8173556141893873,0.9071711070956103,0.9072305357384507,0.03043649214054003,-19.585487032565805,-4.489378033772946
LFR,100,0.50,LE,0.1,2.1,1.0,1,0.4731182795698925,0.44557508479802643,0.4466754856700114,-0.05794540511542415,1540.4654875079561,-3.5960991893996237
LFR,5000,0.50,LE,0.1,2.1,1.0,1,0.7261465860492553,0.8073279172962615,0.8090537332646897,0.00409118043098674,-5.423840080426032,-9.194565282229913
LFR,500,0.50,LE,0.1,2.1,1.0,1,0.6249153689911984,0.6725377808581875,0.6683144641388705,0.030449547050909662,-16.439208498480625,-2.9914901529526
LFR,10000,0.50,LE,0.1,2.1,1.0,1,0.7369867780097425,0.8188431109619563,0.8197881330004888,-0.038886541349904366,-3.5839729815207115,-9.12404460341279
LFR,1000,0.50,LE,0.1,2.1,1.0,1,0.8189276296513331,0.909741351898362,0.9121823306380507,-0.19531530695969465,-20.35893800112697,-3.8444899446582226
LFR,100,0.50,LE,0.1,2.1,1.0,1,0.420863309352518,0.4221273291925466,0.44650514403618174,-0.00805666155608366,2545.2826169318346,-2.9953523820586345
LFR,5000,0.50,LE,0.1,2.1,1.0,1,0.7271788821707713,0.8114676970823406,0.8145596813868594,-0.042484944614999985,-5.098628866600799,-9.044958567718428
LFR,500,0.50,LE,0.1,2.1,1.0,1,0.6297297297297297,0.6950803506208911,0.703247040599906,0.03552589434548682,-18.06680956140527,-2.8514744857233882
LFR,10000,0.55,LE,0.1,2.1,1.0,1,0.7415526173354984,0.8276203339291454,0.830307018813202,-0.0634016369043707,-3.526997818615495,-8.485192005250552
LFR,1000,0.55,LE,0.1,2.1,1.0,1,0.8212308694236405,0.90724663006127,0.9105195724749686,-0.10443321474600378,-16.743234051990477,-3.6671768619411407
LFR,100,0.55,LE,0.1,2.1,1.0,1,0.4538152610441767,0.41812959855427906,0.4297817823324181,-0.08815670287596018,1980.3048050039845,-2.5800206865166744
LFR,5000,0.55,LE,0.1,2.1,1.0,1,0.7387136419500205,0.8254760555616512,0.8294069839521064,0.022157832633473956,-5.5170373661775685,-8.89450441868885
LFR,500,0.55,LE,0.1,2.1,1.0,1,0.6237772761474794,0.6856984328290606,0.6861593349565737,0.04184714522216825,-17.827539537400583,-2.9078570417495877
LFR,10000,0.55,LE,0.1,2.1,1.0,1,0.7362174282842341,0.8201590674643134,0.8211976956076465,-0.05174700233005589,-3.7284619761144815,-8.503836911330463
LFR,1000,0.55,LE,0.1,2.1,1.0,1,0.820136852394917,0.9072928681725445,0.9043636166443355,-0.004421078770716983,-18.660713665155495,-3.5432462928405855
LFR,100,0.55,LE,0.1,2.1,1.0,1,0.452,0.4165919569672131,0.43310161915904466,-0.014131835611803228,2323.23537400211,-2.987614980600213
LFR,5000,0.55,LE,0.1,2.1,1.0,1,0.7310938140106513,0.8174457941038717,0.8220967384000787,0.013441440091382975,-5.424896240959481,-8.854604819291996
LFR,500,0.55,LE,0.1,2.1,1.0,1,0.6257530120481928,0.6831218317286429,0.6988407158041853,0.09441179208820623,-17.253153363980775,-2.618611752000172
LFR,10000,0.55,LE,0.1,2.1,1.0,1,0.7424418155107091,0.8247465216184844,0.8235401341844117,-0.04347516358480765,-3.5398362379923127,-8.540776061875588
LFR,1000,0.55,LE,0.1,2.1,1.0,1,0.8198110133594004,0.9097401356441823,0.9084288063556843,0.013222211963513208,-18.25867295438254,-3.9653901053537286
LFR,100,0.55,LE,0.1,2.1,1.0,1,0.47808764940239046,0.4502159004318009,0.45444797473669324,-0.06758402576621617,2447.942648927146,-3.3396916095090443
LFR,5000,0.55,LE,0.1,2.1,1.0,1,0.7249119357745556,0.810285839055154,0.8121525948363073,0.008387873955381184,-5.364868679271185,-8.640604780727562
LFR,500,0.55,LE,0.1,2.1,1.0,1,0.63581640331076,0.6882348944650784,0.6836365878627257,0.00913712200226396,-17.507563401086056,-2.875065050094308
LFR,10000,0.55,LE,0.1,2.1,1.0,1,0.7417459212866311,0.8253565328685262,0.8283518228140825,-0.029086836758022955,-3.7271725093295425,-8.693556393686256
LFR,1000,0.55,LE,0.1,2.1,1.0,1,0.8267665255617063,0.9146673113463626,0.9160661978100411,-0.2130034287567734,-19.379184151266557,-3.477289652126519
LFR,100,0.55,LE,0.1,2.1,1.0,1,0.456,0.4333717357910906,0.44866261045274297,0.01959522734023655,2074.479672313277,-2.7060309496591954
LFR,5000,0.55,LE,0.1,2.1,1.0,1,0.7253809601835163,0.816470890007732,0.8204207197592499,-0.025891009719387955,-5.329778321121577,-8.697848603137956
LFR,500,0.55,LE,0.1,2.1,1.0,1,0.6461307287753568,0.7056582898688162,0.7130105632464697,0.03623927482419002,-18.488643726594333,-2.6130297081651523
LFR,10000,0.60,LE,0.1,2.1,1.0,1,0.7460421016005567,0.8332915046182292,0.8370003388017606,-0.0654144712801887,-3.7027088603633724,-8.069560561117319
LFR,1000,0.60,LE,0.1,2.1,1.0,1,0.8286341999267668,0.9102589955529049,0.913056854580327,-0.1197420118394347,-16.12118710470811,-3.4973155188171723
LFR,100,0.60,LE,0.1,2.1,1.0,1,0.42792792792792794,0.3956320532597224,0.43355858711568596,-0.04603971660918317,2631.0993612100606,-2.416851175810662
LFR,5000,0.60,LE,0.1,2.1,1.0,1,0.7422119815668202,0.8305389991051498,0.8349963261847971,0.019830686408951727,-5.656737116469848,-8.54870327347463
LFR,500,0.60,LE,0.1,2.1,1.0,1,0.632514817950889,0.6904012159798102,0.6924255980732051,0.09496586175525497,-18.115653287602942,-2.9217505706185345
LFR,10000,0.60,LE,0.1,2.1,1.0,1,0.7431280445372304,0.8276110924667635,0.8297779303109287,-0.04090339085156038,-3.9329479125329954,-8.152145411900378
LFR,1000,0.60,LE,0.1,2.1,1.0,1,0.8215463539758153,0.9092807491887117,0.9080298090588849,-0.03568525674861142,-17.809467311226197,-3.4275211864224335
LFR,100,0.60,LE,0.1,2.1,1.0,1,0.4663677130044843,0.4291002736198294,0.426832027466358,0.02799274706646289,2255.3107549186516,-3.029958077987105
LFR,5000,0.60,LE,0.1,2.1,1.0,1,0.7380403723845516,0.8239429808463494,0.8306805822552847,0.025714110596481012,-5.602428344908012,-8.496903127174232
LFR,500,0.60,LE,0.1,2.1,1.0,1,0.6305084745762712,0.6966207889134988,0.7141694589381214,0.051248164014660355,-17.433319326726142,-2.6731136595544456
LFR,10000,0.60,LE,0.1,2.1,1.0,1,0.7472599164926931,0.8318409002144826,0.8323460509247609,-0.04088889247419463,-3.8402361460469283,-8.180917620524124
LFR,1000,0.60,LE,0.1,2.1,1.0,1,0.8303407841700257,0.9117887488855232,0.9115422639529254,-0.01388576988637409,-17.108495157750614,-3.535022378667641
LFR,100,0.60,LE,0.1,2.1,1.0,1,0.43946188340807174,0.40872888173773125,0.4330984793949362,-0.04674379680260747,2208.821754370273,-3.034891678576016
LFR,5000,0.60,LE,0.1,2.1,1.0,1,0.7302801326944343,0.8203504810696313,0.8228837628680566,0.017445971703449147,-5.6258206668340165,-8.430594927545242
LFR,500,0.60,LE,0.1,2.1,1.0,1,0.6232006773920407,0.690702343055436,0.6792028187455955,0.02859349849448958,-18.56676027151379,-2.5616327909178973
LFR,10000,0.60,LE,0.1,2.1,1.0,1,0.7471729297146834,0.8328604751451474,0.8366917824568822,-0.036077802915032625,-3.917266951161679,-8.27235163694872
LFR,1000,0.60,LE,0.1,2.1,1.0,1,0.825402635431918,0.9168125705067913,0.9171416093844045,-0.1655520367768825,-18.247055649538385,-3.433868320141232
LFR,100,0.60,LE,0.1,2.1,1.0,1,0.49099099099099097,0.46181006493506493,0.4635369765469249,0.00374584205959143,3063.2704315906108,-2.4868763056380265
LFR,5000,0.60,LE,0.1,2.1,1.0,1,0.7354160906828864,0.8256716509178372,0.8303891941797883,-0.01946310036164568,-5.551569197690343,-8.399855307754102
LFR,500,0.60,LE,0.1,2.1,1.0,1,0.6534234995773457,0.7170736726574289,0.7185870424910921,0.055769259477108785,-19.00548968854668,-2.479352217663295
LFR,10000,0.65,LE,0.1,2.1,1.0,1,0.7498757331742718,0.8398586820708411,0.8439518750970957,-0.05274456915434593,-3.978888611183205,-7.754209268780855
LFR,1000,0.65,LE,0.1,2.1,1.0,1,0.8343096234309624,0.9161253592376599,0.9196934073503289,-0.16539653314259614,-15.98281956720094,-3.508881270634986
LFR,100,0.65,LE,0.1,2.1,1.0,1,0.4256410256410256,0.4156144781144781,0.4455602001118536,-0.01598005267393039,3035.7357973458206,-2.6876913814580723
LFR,5000,0.65,LE,0.1,2.1,1.0,1,0.7489993680219086,0.8362708933093481,0.8422894437746329,-0.014734165253807444,-6.120873651085572,-8.407854670965472
LFR,500,0.65,LE,0.1,2.1,1.0,1,0.6367149758454106,0.6950217694898547,0.6952016274297563,0.0519249169736491,-18.599186889935208,-2.8784581595974768
LFR,10000,0.65,LE,0.1,2.1,1.0,1,0.7464956755144646,0.8344282007850667,0.8373317263943831,-0.044004909830319204,-4.105684316285603,-7.746245731052137
LFR,1000,0.65,LE,0.1,2.1,1.0,1,0.8357771260997068,0.9143338135233876,0.9130500592063922,-0.023139518999700796,-16.809440413885277,-3.4987956388552064
LFR,100,0.65,LE,0.1,2.1,1.0,1,0.47715736040609136,0.4368556701030928,0.44720974333579233,-0.0020384883833467734,3007.727376377762,-2.974976509788002
LFR,5000,0.65,LE,0.1,2.1,1.0,1,0.7391762351206151,0.8312515074839113,0.8367493299757423,0.04678680316449203,-5.842874360921336,-8.220769774051536
LFR,500,0.65,LE,0.1,2.1,1.0,1,0.6363636363636364,0.7014018534245704,0.7182522627986272,0.06732469440096288,-17.76523834898065,-2.5867603433819033
LFR,10000,0.65,LE,0.1,2.1,1.0,1,0.7551446465851477,0.8406303396500066,0.84251881697239,-0.03285604346858876,-4.062724678150411,-7.826442352529215
LFR,1000,0.65,LE,0.1,2.1,1.0,1,0.8466694595726854,0.9209662450278777,0.9206517471267478,-0.01293312405190686,-16.344768369999958,-3.5622610116786375
LFR,100,0.65,LE,0.1,2.1,1.0,1,0.39487179487179486,0.3737899831649832,0.4061816800959896,-0.05665981789961151,2517.135260276713,-2.8833050577172603
LFR,5000,0.65,LE,0.1,2.1,1.0,1,0.7354675652906487,0.8253869496064143,0.8312938550471529,0.007875139980171015,-5.91465945702545,-8.238071100971418
LFR,500,0.65,LE,0.1,2.1,1.0,1,0.6379477250726041,0.7085188850404089,0.6968072995592383,0.07285470704269945,-17.967279736940327,-2.696646877457828
LFR,10000,0.65,LE,0.1,2.1,1.0,1,0.7560393677303907,0.8411791841792832,0.8442651837881959,-0.032927694254236174,-4.109198005589078,-7.893568106889324
LFR,1000,0.65,LE,0.1,2.1,1.0,1,0.8380753138075314,0.9213430586600786,0.920133045486458,-0.11392209263665702,-16.894441471111794,-3.0677772487509496
LFR,100,0.65,LE,0.1,2.1,1.0,1,0.4484536082474227,0.450999149659864,0.4800081570426442,-0.018425396643699948,4230.445482902649,-2.3258687817614425
LFR,5000,0.65,LE,0.1,2.1,1.0,1,0.7412322274881517,0.8317254066728439,0.8357688823882503,-0.016568404641088174,-5.746334861022366,-8.048439533597946
LFR,500,0.65,LE,0.1,2.1,1.0,1,0.6560386473429952,0.7179786860637924,0.7158753432861624,0.0229456563825669,-19.511924571945105,-2.3122235792610986
LFR,10000,0.70,LE,0.1,2.1,1.0,1,0.759452563210392,0.8479723209188881,0.8519985151221161,-0.04101956180403394,-4.2037272768289515,-7.3985554195251195
LFR,1000,0.70,LE,0.1,2.1,1.0,1,0.83935546875,0.9175309348401403,0.9222180970400454,-0.15344111280337416,-15.332116621229135,-3.436654028954458
LFR,100,0.70,LE,0.1,2.1,1.0,1,0.4666666666666667,0.42967372134038806,0.44091856077614766,-0.0394222116692865,3521.5008407658734,-2.474621863721053
LFR,5000,0.70,LE,0.1,2.1,1.0,1,0.7552851524090463,0.8419203217089422,0.8456550142416902,-0.002704990248366042,-6.470057519536921,-8.212548345119748
LFR,500,0.70,LE,0.1,2.1,1.0,1,0.6403607666290868,0.705712484493523,0.7144420899671693,-0.02504353814834643,-19.013679633230513,-2.9531413760967062
LFR,10000,0.70,LE,0.1,2.1,1.0,1,0.7524356297842728,0.8410523757660929,0.8433733218598694,-0.031189769752099167,-4.291448720094975,-7.404546067354038
LFR,1000,0.70,LE,0.1,2.1,1.0,1,0.8313782991202346,0.9147684001815533,0.9131219936262525,-0.014348859270096017,-15.889147623929844,-3.408919445981303
LFR,100,0.70,LE,0.1,2.1,1.0,1,0.4226190476190476,0.3922902494331066,0.4203729476557216,-0.0027360148077340196,2376.3816954517733,-2.6272953310840155
LFR,5000,0.70,LE,0.1,2.1,1.0,1,0.7469272369714848,0.8382239416536349,0.8439347870132281,0.06070288542514446,-6.258322378216607,-8.056730960969702
LFR,500,0.70,LE,0.1,2.1,1.0,1,0.6268320180383314,0.6854778028592928,0.7053134302635542,0.010488045882526395,-18.277678352622864,-2.568761343012836
LFR,10000,0.70,LE,0.1,2.1,1.0,1,0.758118765947576,0.8465859670424969,0.8495739737597308,-0.04007401814454173,-4.330657627006335,-7.442589830486117
LFR,1000,0.70,LE,0.1,2.1,1.0,1,0.8503667481662591,0.921913408435724,0.9230695642310205,-0.018154443579903652,-15.5359379857713,-3.220112490679221
LFR,100,0.70,LE,0.1,2.1,1.0,1,0.3674698795180723,0.37500000000000006,0.4111759543046731,-0.016737825561992093,2614.704283096323,-2.899471713753151
LFR,5000,0.70,LE,0.1,2.1,1.0,1,0.7447775866306218,0.8361167380503952,0.8434907233888471,0.005990359306316894,-6.371594624850223,-8.091716958116688
LFR,500,0.70,LE,0.1,2.1,1.0,1,0.6497175141242938,0.7099629224844999,0.7040748138856495,0.09121401858042144,-17.96149042892882,-2.8332225115519387
LFR,10000,0.70,LE,0.1,2.1,1.0,1,0.7585826954302946,0.8479782263075135,0.851473676374013,-0.026428972632599145,-4.394068762871885,-7.568733144365679
LFR,1000,0.70,LE,0.1,2.1,1.0,1,0.84814453125,0.9286851202822879,0.9287299061123333,-0.08636850931693123,-16.519921887943205,-2.9406560531398336
LFR,100,0.70,LE,0.1,2.1,1.0,1,0.4268292682926829,0.429495760821062,0.46292867225528134,-0.012839715667734647,3555.703218627679,-2.288249761835315
LFR,5000,0.70,LE,0.1,2.1,1.0,1,0.751997050510016,0.8409640558768325,0.8437080228824623,-0.02857963023992366,-6.139345915495894,-7.911196723634111
LFR,500,0.70,LE,0.1,2.1,1.0,1,0.649379932356257,0.7162975616700221,0.7206344895247181,0.0196288358086578,-18.462031485629094,-2.318994298756439
LFR,10000,0.75,LE,0.1,2.1,1.0,1,0.7647181628392484,0.8532608673544252,0.8567301131184203,-0.052959213339312014,-4.516339696439368,-7.1212492069106315
LFR,1000,0.75,LE,0.1,2.1,1.0,1,0.8405627198124267,0.9237487768138888,0.9274997643828199,-0.1571891524511712,-14.67004396312104,-3.46546388630406
LFR,100,0.75,LE,0.1,2.1,1.0,1,0.45652173913043476,0.43068683049779455,0.4379105861834042,-0.007010039211007677,3457.4523939999062,-2.5199757975311585
LFR,5000,0.75,LE,0.1,2.1,1.0,1,0.7505899705014749,0.8430655705280645,0.8482401118142382,0.018050421237851586,-6.591197379381618,-7.757208613014476
LFR,500,0.75,LE,0.1,2.1,1.0,1,0.631935047361299,0.7043946385409801,0.7130777786778147,0.015634682890322923,-18.930999990148123,-2.845744330144315
LFR,10000,0.75,LE,0.1,2.1,1.0,1,0.7601948503827418,0.8462499533891308,0.8461977090597669,-0.04146155425643937,-4.494755740638001,-7.025839051015092
LFR,1000,0.75,LE,0.1,2.1,1.0,1,0.8287390029325513,0.9175346816116595,0.9154241839887662,0.010716144199812146,-15.590777137354774,-3.3965214103318844
LFR,100,0.75,LE,0.1,2.1,1.0,1,0.45714285714285713,0.40877551020408165,0.42831110465092603,-0.03860906180871398,2807.833133676108,-2.4228705129070827
LFR,5000,0.75,LE,0.1,2.1,1.0,1,0.751806518212653,0.8449043929401878,0.8500432653184443,0.02874509751533858,-6.685507106887303,-7.896098609971817
LFR,500,0.75,LE,0.1,2.1,1.0,1,0.6059379217273954,0.6819334158956801,0.6979095534436739,0.06846248821199528,-18.33714674056632,-2.7425352809533607
LFR,10000,0.75,LE,0.1,2.1,1.0,1,0.7583159359777314,0.8486644012573554,0.8524696122644917,-0.03355953960073877,-4.581997579979216,-7.081228459681747
LFR,1000,0.75,LE,0.1,2.1,1.0,1,0.8503521126760564,0.9224882663386154,0.9254278270600431,-0.014220461223735858,-14.814538606274176,-3.126906701571489
LFR,100,0.75,LE,0.1,2.1,1.0,1,0.37410071942446044,0.35072463768115936,0.4075719369324675,-0.03412731542790564,3361.5687490047776,-2.5638454040916905
LFR,5000,0.75,LE,0.1,2.1,1.0,1,0.7527278089059275,0.8470868600170747,0.8543785247241336,0.001337498376760802,-6.9869592653377275,-8.052253423401659
LFR,500,0.75,LE,0.1,2.1,1.0,1,0.6531165311653117,0.7066707794449218,0.696910300495283,0.0942001611312631,-17.980598419432866,-2.9838667852772605
LFR,10000,0.75,LE,0.1,2.1,1.0,1,0.7629088378566458,0.8535003285763614,0.8575843449849962,-0.03254353001653865,-4.525798650940659,-7.1277615735785265
LFR,1000,0.75,LE,0.1,2.1,1.0,1,0.8429994141769186,0.9279015240328254,0.9288745887501787,-0.10884769441550811,-15.640710107465988,-3.0540344809027467
LFR,100,0.75,LE,0.1,2.1,1.0,1,0.47794117647058826,0.45208738914125024,0.4519499763694576,0.004408409825334452,3352.0657300403313,-2.6693353271381044
LFR,5000,0.75,LE,0.1,2.1,1.0,1,0.7532812269576759,0.8475188095505282,0.8469788341186004,-0.01354634056398564,-6.160031215717574,-7.531475274164569
LFR,500,0.75,LE,0.1,2.1,1.0,1,0.6495263870094723,0.7230938255328498,0.7256496447967178,0.048451827887057916,-19.04407031060102,-2.4218653174267026
LFR,10000,0.80,LE,0.1,2.1,1.0,1,0.7691370911621433,0.8585533547961252,0.8597543816865312,-0.04806735427669598,-4.895769177600452,-6.89211308242467
LFR,1000,0.80,LE,0.1,2.1,1.0,1,0.8323572474377745,0.9206753442746651,0.9249337391417503,-0.14829938408159712,-14.376781348242519,-3.545862303969833
LFR,100,0.80,LE,0.1,2.1,1.0,1,0.45045045045045046,0.4548701298701298,0.44952905359509027,-0.00915800705947657,3975.746846562546,-2.5327681651327665
LFR,5000,0.80,LE,0.1,2.1,1.0,1,0.758665191740413,0.8486828517909657,0.8530774559773753,0.05932542228601669,-6.720533658837349,-7.409751111309096
LFR,500,0.80,LE,0.1,2.1,1.0,1,0.6554054054054054,0.7238860482103726,0.7269942960980875,0.030881400178297942,-18.83209357918779,-2.85361620064136
LFR,10000,0.80,LE,0.1,2.1,1.0,1,0.7668754349338901,0.8520918776504636,0.8530423642882135,-0.03619435091356354,-4.7581612998161145,-6.670038617147881
LFR,1000,0.80,LE,0.1,2.1,1.0,1,0.8336996336996337,0.9231822826768341,0.9233466138163424,0.0067517053084737875,-14.553033943914913,-3.4586330052172776
LFR,100,0.80,LE,0.1,2.1,1.0,1,0.3805309734513274,0.3493107769423559,0.39554442162013526,-0.04760463695970318,1573.2386064582247,-2.3254014282560753
LFR,5000,0.80,LE,0.1,2.1,1.0,1,0.7493087557603687,0.849976133703451,0.8537160887895789,0.06757294967205664,-7.016769727277209,-7.560245051971492
LFR,500,0.80,LE,0.1,2.1,1.0,1,0.6306913996627319,0.7047160797160799,0.7240923650089048,0.06965048614185541,-17.858776766522645,-2.9803796839377963
LFR,10000,0.80,LE,0.1,2.1,1.0,1,0.7633959638135004,0.8548464589541054,0.8578694653527177,-0.0003818217317435229,-4.913112805294382,-6.776202105261265
LFR,1000,0.80,LE,0.1,2.1,1.0,1,0.841642228739003,0.9224570704953314,0.926929611242686,-0.04565168580647527,-13.806269844815256,-2.9873110757481456
LFR,100,0.80,LE,0.1,2.1,1.0,1,0.38392857142857145,0.3595344387755103,0.4104421608380749,-0.04413479994695892,2995.903537832387,-2.5754724060935206
LFR,5000,0.80,LE,0.1,2.1,1.0,1,0.7633615923332104,0.8520984477816262,0.8595634030361073,0.023709357580124716,-7.160427401029259,-7.694996204945053
LFR,500,0.80,LE,0.1,2.1,1.0,1,0.6644067796610169,0.7331081081081081,0.7356090609189598,0.12188828677481237,-18.620175344506393,-2.966149836994786
LFR,10000,0.80,LE,0.1,2.1,1.0,1,0.7698329853862212,0.8568075053426952,0.8577006622210256,-0.046083357395903295,-4.891776081133493,-6.82745475972332
LFR,1000,0.80,LE,0.1,2.1,1.0,1,0.84491587417703,0.9255734504636407,0.9256166751808508,-0.08953463672049866,-15.14462811032095,-3.079558697912566
LFR,100,0.80,LE,0.1,2.1,1.0,1,0.46296296296296297,0.46209262435677534,0.48611745808365286,-0.00844963307028644,3684.7850244572223,-2.278089016999528
LFR,5000,0.80,LE,0.1,2.1,1.0,1,0.759447004608295,0.8512890518393358,0.8500651448713842,-0.005584164403907813,-6.790294854101106,-7.4812042620668056
LFR,500,0.80,LE,0.1,2.1,1.0,1,0.6357504215851602,0.7048753298753299,0.701838531341846,0.03571393641279135,-18.713097252572933,-2.575698369000634
LFR,10000,0.85,LE,0.1,2.1,1.0,1,0.7770818835536999,0.8608911589256574,0.8601912848910344,0.0015639876531462818,-5.120644327698676,-6.483090209426914
LFR,1000,0.85,LE,0.1,2.1,1.0,1,0.849609375,0.9302746973979851,0.9305223977652249,-0.11494812518421624,-13.854630061035785,-3.4924296475065364
LFR,100,0.85,LE,0.1,2.1,1.0,1,0.46987951807228917,0.48083623693379796,0.47508714348554326,0.005202575555197556,4287.101431235665,-2.5592275586769357
LFR,5000,0.85,LE,0.1,2.1,1.0,1,0.7662816416810027,0.8539061990389425,0.8583081045136024,0.04424506182346704,-7.020041193452985,-7.069183949902394
LFR,500,0.85,LE,0.1,2.1,1.0,1,0.6539325842696629,0.7133882761685453,0.7173597010868232,0.06640336858964463,-18.78164213403504,-2.9348551182978166
LFR,10000,0.85,LE,0.1,2.1,1.0,1,0.7774298306657388,0.8610888481995506,0.8615413340109729,-0.010938061714542419,-4.881624883848751,-6.24396896077248
LFR,1000,0.85,LE,0.1,2.1,1.0,1,0.8439024390243902,0.9272280092592593,0.9255390591232188,-0.02216845479395527,-14.276602036884409,-3.473417341196179
LFR,100,0.85,LE,0.1,2.1,1.0,1,0.38823529411764707,0.36489479512735323,0.40570887598963135,-0.025327214936125032,1913.251243647902,-2.3613181244320893
LFR,5000,0.85,LE,0.1,2.1,1.0,1,0.7625952322437946,0.8530961371669337,0.8561710416165395,-0.0028298223048956912,-7.326791716861604,-7.299029980499367
LFR,500,0.85,LE,0.1,2.1,1.0,1,0.6359550561797753,0.7129842847331637,0.7244512364265856,0.1499875280176418,-18.007981532242027,-3.0509896999186803
LFR,10000,0.85,LE,0.1,2.1,1.0,1,0.7720946416144746,0.8592331840763173,0.8589769395126148,0.03701782045781109,-5.1290332715470965,-6.376206187475362
LFR,1000,0.85,LE,0.1,2.1,1.0,1,0.844574780058651,0.926583904109589,0.931453716661132,-0.024727839907741543,-13.77573436334497,-3.056938816146974
LFR,100,0.85,LE,0.1,2.1,1.0,1,0.36904761904761907,0.3441043083900227,0.3918776062093303,-0.04059810889277125,3100.900944148711,-2.361342277749944
LFR,5000,0.85,LE,0.1,2.1,1.0,1,0.7668304668304669,0.8611666837711064,0.8675619969196593,-0.01622125575540417,-7.597758886630792,-7.418831976777396
LFR,500,0.85,LE,0.1,2.1,1.0,1,0.6470588235294118,0.704033579033579,0.7037156882402815,0.0589746214266588,-19.119430770034903,-2.927483138302863
LFR,10000,0.85,LE,0.1,2.1,1.0,1,0.7718626768731153,0.8568418110769593,0.8560642758716837,-0.003614221130895509,-5.1847864347229216,-6.404596564383488
LFR,1000,0.85,LE,0.1,2.1,1.0,1,0.8360975609756097,0.9194421600877193,0.9184186942141642,-0.06633204322025035,-14.327081380659578,-3.129363959951453
LFR,100,0.85,LE,0.1,2.1,1.0,1,0.4567901234567901,0.48597560975609755,0.5310733785056132,-0.016469946127949477,3658.9375401249267,-2.2074557893341717
LFR,5000,0.85,LE,0.1,2.1,1.0,1,0.7645613172769722,0.8526537800874083,0.853117112635298,-0.08181363920938083,-7.010331662633763,-7.09304897685994
LFR,500,0.85,LE,0.1,2.1,1.0,1,0.6314606741573033,0.6884418050337334,0.6805572345472191,0.07426726729276005,-17.913694929757117,-2.614020308760383
LFR,10000,0.90,LE,0.1,2.1,1.0,1,0.7814892136395268,0.8616285522930368,0.8573460354947928,-0.014365148233725632,-5.144141864007489,-5.918139730954947
LFR,1000,0.90,LE,0.1,2.1,1.0,1,0.8550512445095169,0.9350379859717721,0.9390784863406699,-0.08079270639998479,-13.181406257296358,-3.4748250547746085
LFR,100,0.90,LE,0.1,2.1,1.0,1,0.48214285714285715,0.5382653061224489,0.5248818005820453,0.012913057328975987,3629.8709051935166,-2.6298546749953577
LFR,5000,0.90,LE,0.1,2.1,1.0,1,0.7784740140066347,0.8588950987233246,0.858007178595811,0.07524554896164663,-6.972140616160744,-6.41942469589796
LFR,500,0.90,LE,0.1,2.1,1.0,1,0.6094276094276094,0.6603482677308181,0.6792661850237767,0.08231969296730005,-17.6821571449531,-2.960255975270212
LFR,10000,0.90,LE,0.1,2.1,1.0,1,0.7910577592205985,0.8692516691533868,0.86481208338822,0.005633008972674064,-5.0392188222276815,-5.780868028145417
LFR,1000,0.90,LE,0.1,2.1,1.0,1,0.8333333333333334,0.920625149618686,0.918461482979254,-0.023695788789373402,-13.768421622995184,-3.4427316616675125
LFR,100,0.90,LE,0.1,2.1,1.0,1,0.42105263157894735,0.33251231527093594,0.3841031437629059,-0.04882288866857173,2870.6737919076086,-2.2602641660245846
LFR,5000,0.90,LE,0.1,2.1,1.0,1,0.7730287398673544,0.8592163019448271,0.864002202038874,0.026876301802376084,-7.239542244888064,-6.6661600774350775
LFR,500,0.90,LE,0.1,2.1,1.0,1,0.6464646464646465,0.7099582804280792,0.7203978865043241,0.10184723521381212,-17.895862435353237,-2.9508860259595373
LFR,10000,0.90,LE,0.1,2.1,1.0,1,0.7856645789839944,0.8694683794284563,0.8694741957759451,0.02893839808288248,-5.182631836951113,-5.851176417463678
LFR,1000,0.90,LE,0.1,2.1,1.0,1,0.8634361233480177,0.9350094876660342,0.9404838726392479,-0.04120182703240548,-12.998520680474982,-3.2363961014604805
LFR,100,0.90,LE,0.1,2.1,1.0,1,0.3157894736842105,0.3485221674876847,0.40905128261367657,-0.026600098335041882,3341.892433773752,-2.2388957173476176
LFR,5000,0.90,LE,0.1,2.1,1.0,1,0.7759764185703758,0.8644686874303876,0.8654871060229007,-0.014463167575051544,-7.352997804453283,-6.697241989412433
LFR,500,0.90,LE,0.1,2.1,1.0,1,0.6081081081081081,0.6720084006757066,0.6762608969591055,0.018658627697704117,-17.82830636223915,-3.181867436439357
LFR,10000,0.90,LE,0.1,2.1,1.0,1,0.7715727209464162,0.8623347372285007,0.857357772650175,-0.041917143621870136,-5.4270884833217385,-5.983539402286587
LFR,1000,0.90,LE,0.1,2.1,1.0,1,0.8316251830161054,0.9150760576906587,0.9173058439192915,-0.0863910078616379,-13.109964183340436,-3.2776458875980445
LFR,100,0.90,LE,0.1,2.1,1.0,1,0.39285714285714285,0.46683673469387754,0.562679242349865,-0.011933145858837969,3419.0696185554807,-2.156076111365043
LFR,5000,0.90,LE,0.1,2.1,1.0,1,0.7807663964627856,0.8611636814269634,0.8564018749662252,-0.10527206316142779,-7.01114167810109,-6.5608428592035075
LFR,500,0.90,LE,0.1,2.1,1.0,1,0.6476510067114094,0.6988874375028152,0.6451890957730324,0.14947493021147468,-19.331222402326908,-2.9224031750711132
LFR,10000,0.95,LE,0.1,2.1,1.0,1,0.7919276270006959,0.8693384743306074,0.8650505837719145,0.01351612290588563,-4.712631099408496,-5.039194965334113
LFR,1000,0.95,LE,0.1,2.1,1.0,1,0.8450292397660819,0.935330529051674,0.9361225490718088,-0.0621086510567869,-12.093466527741308,-3.551516990184422
LFR,100,0.95,LE,0.1,2.1,1.0,1,0.5862068965517241,0.5952380952380952,0.5860065636556208,-0.0006808441216574929,3790.02075778323,-2.416179945226545
LFR,5000,0.95,LE,0.1,2.1,1.0,1,0.7811348563006633,0.8591912451505553,0.8524012702532631,0.04542267443510476,-6.918856363985996,-5.819817219649141
LFR,500,0.95,LE,0.1,2.1,1.0,1,0.5906040268456376,0.6596396396396397,0.6640971125473407,0.06588644518816231,-17.999374122028,-3.2673020082942723
LFR,10000,0.95,LE,0.1,2.1,1.0,1,0.7922755741127349,0.8697186253159247,0.8611855275260778,0.021793535244088565,-4.75228824344849,-5.037553482061473
LFR,1000,0.95,LE,0.1,2.1,1.0,1,0.8216374269005848,0.9231216442666119,0.9208762285464089,-0.019494234284941,-12.700456378549196,-3.582073755254297
LFR,100,0.95,LE,0.1,2.1,1.0,1,0.3448275862068966,0.2523809523809524,0.4035835594376912,-0.08041836212785908,-0.7788056455155329,-2.120184755737412
LFR,5000,0.95,LE,0.1,2.1,1.0,1,0.7754050073637703,0.8470591552595106,0.8397715418992256,-0.013011359979164278,-6.619986403485809,-5.681521825463073
LFR,500,0.95,LE,0.1,2.1,1.0,1,0.6442953020134228,0.7270270270270269,0.7557943839894976,0.075197540145075,-17.599108400693737,-3.1992035219622417
LFR,10000,0.95,LE,0.1,2.1,1.0,1,0.7926235212247739,0.869613054723824,0.8587951245932426,0.018660841254683487,-4.832779703212563,-5.095160383506576
LFR,1000,0.95,LE,0.1,2.1,1.0,1,0.8299120234604106,0.921327829377365,0.9197881964162098,-0.1018024235285288,-12.530920077665742,-3.355691879305865
LFR,100,0.95,LE,0.1,2.1,1.0,1,0.3103448275862069,0.3380952380952381,0.406887152915286,-0.0719340228265912,-0.7297355094094742,-2.148040192907567
LFR,5000,0.95,LE,0.1,2.1,1.0,1,0.7997054491899853,0.8702978693868876,0.8662516705346868,0.0010221103043533152,-6.670629895457311,-5.71917474159079
LFR,500,0.95,LE,0.1,2.1,1.0,1,0.6283783783783784,0.6878538812785389,0.6979395411493778,0.022177632988943274,-18.369656706862735,-3.385460378128154
LFR,10000,0.95,LE,0.1,2.1,1.0,1,0.7999304105775922,0.8791972179727636,0.8757992959008003,0.0546192912524845,-4.9786316358054465,-5.15260587797432
LFR,1000,0.95,LE,0.1,2.1,1.0,1,0.8035190615835777,0.9093567251461989,0.9157998484075116,-0.10846191286036638,-12.673775875261255,-3.412104834036593
LFR,100,0.95,LE,0.1,2.1,1.0,1,0.4642857142857143,0.5561224489795918,0.6546810421728694,-0.01812265596188046,3791.776138809197,-2.172485871993265
LFR,5000,0.95,LE,0.1,2.1,1.0,1,0.7864506627393225,0.8546376569545876,0.8344798788988659,-0.06576580283640825,-6.715565334918916,-5.757075412783948
LFR,500,0.95,LE,0.1,2.1,1.0,1,0.66,0.7050666666666666,0.6909275652914709,0.13538127393239924,-19.76604481395754,-3.556653908241413
