system,layers,theta,embedding,accuracy,auroc,pr,intercept,coef_distances,coef_degrees
homo,1-2,0.05,HOPE,0.795543254559648,0.8289828528050762,0.8520463070610141,0.046365095243564435,-12.237159432749632,-39.210669599886316
homo,1-3,0.05,HOPE,0.9875950799404899,0.6812114061133088,0.055020763792721764,-3.0299165834543773,-13.377490363166833,-32.979276093809816
homo,2-3,0.05,HOPE,0.9929306709661416,0.6547918445222342,0.05665307711680718,-3.438218189689676,-8.914922229172896,-33.42586904373724
homo,1-2,0.05,HOPE,0.804254916494504,0.8412205781254303,0.8589808790494446,0.05962515249722563,-16.980029250096592,-40.10910859826473
homo,1-3,0.05,HOPE,0.9875950799404899,0.6693668261125361,0.04584426632568737,-3.209502096468436,-12.191235318134709,-25.980047974912647
homo,2-3,0.05,HOPE,0.9929306709661416,0.6634507078254772,0.033762101700923176,-3.40779875202155,-8.984777249082898,-33.94219864671599
homo,1-2,0.05,HOPE,0.8048163130130344,0.8426164075519711,0.860310736612034,0.028690215879733014,-16.741435426152503,-40.83668934357577
homo,1-3,0.05,HOPE,0.9879932108207783,0.6348627556104816,0.03402348809550035,-3.110970652852372,-10.144028607023346,-26.932195401275532
homo,2-3,0.05,HOPE,0.9929058663028649,0.6573526343028863,0.03288336166486323,-3.43990410948408,-17.23030154109665,-32.91812899076517
homo,1-2,0.05,HOPE,0.7972953792777164,0.8309266935193036,0.8530797009350064,0.011261191089080769,-14.011185237283058,-40.582919466148766
homo,1-3,0.05,HOPE,0.9876998512247763,0.6596172923084378,0.06489722191893198,-2.9781289611880513,-11.68192110505073,-36.268648925364865
homo,2-3,0.05,HOPE,0.9928562569763115,0.6915400803716993,0.0649122894494708,-3.3478999960562357,-13.450196974464099,-37.89010784675896
homo,1-2,0.10,HOPE,0.8207518897139623,0.85932767008287,0.8791895114136136,-0.09221886335847738,-10.694155755544958,-28.497072042573393
homo,1-3,0.10,HOPE,0.9873924487403508,0.698621722169521,0.06279816979002106,-2.1997374569146926,-11.038008763748206,-25.36123359899661
homo,2-3,0.10,HOPE,0.9928651847197131,0.6775776545547683,0.05055083209486313,-2.700142280657085,-7.9786937891152006,-24.227045724354202
homo,1-2,0.10,HOPE,0.8209561547362375,0.8614900729056306,0.8815251855677415,-0.1056245235568944,-11.144505622458526,-29.069850396147114
homo,1-3,0.10,HOPE,0.9875251598062419,0.693810859149485,0.06306957552393547,-2.360720614736057,-9.925567202387384,-23.387964103700288
homo,2-3,0.10,HOPE,0.992891367528081,0.6301742553573273,0.03455898808928946,-2.7056755158813783,-7.455573866466027,-23.30833571722192
homo,1-2,0.10,HOPE,0.8222312866275973,0.8623721450536163,0.8831151957870912,-0.12023690412885978,-11.597911216408566,-29.388579503716198
homo,1-3,0.10,HOPE,0.9878127004490058,0.6729285758625189,0.052734055543439184,-2.35319053103052,-7.829294756009164,-22.440590794138952
homo,2-3,0.10,HOPE,0.9926426308485848,0.6763170150913911,0.030035035743614137,-2.6491202475038986,-12.181787784849037,-25.118371806859855
homo,1-2,0.10,HOPE,0.820786680541103,0.8611375241389287,0.8820356997552883,-0.14926008330709667,-11.981474802288675,-29.338716263978068
homo,1-3,0.10,HOPE,0.9871933821415142,0.7030339602372035,0.07425647460897025,-2.199690974284384,-9.542150180821789,-26.62290977287524
homo,2-3,0.10,HOPE,0.9929044589322651,0.6847908157181557,0.05847044183235389,-2.5755773980142025,-9.995933944478152,-26.32499190305775
homo,1-2,0.15,HOPE,0.8313512179210268,0.8788584957323542,0.8983465560450548,-0.23480260408109957,-8.690261369007283,-22.871353153639916
homo,1-3,0.15,HOPE,0.9871425560317572,0.739988549251108,0.08182649737108827,-1.5052598066133218,-9.90213458953239,-21.715080555312433
homo,2-3,0.15,HOPE,0.9928473406246101,0.6712369484172634,0.039535301560479526,-2.213800016722669,-6.582010962396395,-19.687192190076924
homo,1-2,0.15,HOPE,0.832888136609276,0.8793939742301282,0.8986183034322717,-0.2171834645313395,-10.122329041771845,-23.093218402736692
homo,1-3,0.15,HOPE,0.9871659757839762,0.720398426201821,0.0756856297043887,-1.7495940518387851,-8.9813304930586,-19.89664924489585
homo,2-3,0.15,HOPE,0.992916649339488,0.6439022966058005,0.04286547014892911,-2.1388385854022736,-4.338761120630206,-19.934746938098268
homo,1-2,0.15,HOPE,0.8308400257411603,0.8785573662899686,0.896763311550493,-0.2545066578345882,-9.312533032490885,-23.319222475957794
homo,1-3,0.15,HOPE,0.9871659757839762,0.7235873835872889,0.06812963887446077,-1.5856509581737972,-8.240798901149994,-20.55774440551136
homo,2-3,0.15,HOPE,0.9928057553956835,0.6938441547616332,0.032717009483176546,-2.077212823160567,-7.935363048618934,-21.219539799891702
homo,1-2,0.15,HOPE,0.831768532966597,0.8801969368124958,0.8989417107133054,-0.26546765188922333,-8.986221551714584,-23.26285226393022
homo,1-3,0.15,HOPE,0.9876812103327947,0.7101528021259722,0.10479882797734295,-1.5559676686324806,-7.752288263431912,-22.614679670669744
homo,2-3,0.15,HOPE,0.9929859580543657,0.7011540517742152,0.05417395988554134,-2.0056772031717944,-6.526013233641275,-21.06229850459612
homo,1-2,0.20,HOPE,0.8384373975361844,0.8906113012105877,0.9100239592256152,-0.2835833954540542,-7.653921125691498,-19.087126480090372
homo,1-3,0.20,HOPE,0.9866125861597034,0.7496608249028565,0.08297865955490193,-1.0201497648352662,-7.949021022787162,-18.371278387307605
homo,2-3,0.20,HOPE,0.9931219346952,0.6686554585157564,0.058292638129392144,-1.7348986611944408,-1.9511182132882277,-17.942866827279293
homo,1-2,0.20,HOPE,0.8379831743830919,0.8901823001060898,0.9096601985515371,-0.2849120496092064,-7.500045344386177,-19.111200524192675
homo,1-3,0.20,HOPE,0.9873093288874512,0.7502289085155461,0.09263517371633082,-1.0635286305645957,-7.919969827388366,-18.180091080804264
homo,2-3,0.20,HOPE,0.9929599245916609,0.6678008854292865,0.05941348345534208,-1.592124548563469,-0.2122286903081258,-18.081899361549564
homo,1-2,0.20,HOPE,0.8387447306791569,0.8904780942784546,0.9091854219227721,-0.30048731338158086,-7.968567719610426,-19.061603333181164
homo,1-3,0.20,HOPE,0.9869360738547291,0.7465494169118856,0.07602355874715881,-0.884850518867084,-8.06351130335769,-18.67879020902877
homo,2-3,0.20,HOPE,0.9930335655478151,0.7128845671978247,0.059608168898249124,-1.2502951822460973,-1.1239993447146728,-19.626564454610264
homo,1-2,0.20,HOPE,0.8385966555810577,0.8918253210920942,0.9102532260439988,-0.30543755891831775,-7.622521514352085,-19.089021829513438
homo,1-3,0.20,HOPE,0.9881802572971359,0.7376398170107552,0.13838207071713832,-1.073667593930241,-7.181481063702246,-18.76012967336453
homo,2-3,0.20,HOPE,0.9931073080208548,0.7157675861387117,0.08263995538322366,-1.3885445307412747,-1.7114592148423495,-19.68912741924153
homo,1-2,0.25,HOPE,0.8439236458125124,0.8988332138379735,0.9161643701736536,-0.2256981735136059,-4.316735916513645,-16.19678651208965
homo,1-3,0.25,HOPE,0.9868347710683477,0.7551393325579296,0.09544174991247721,-0.5623436737745381,-6.8678749221586655,-15.940942190550576
homo,2-3,0.25,HOPE,0.9928048512269457,0.6845609392859331,0.053575030728260885,-1.2035257506080428,-4.902756446196031,-15.680403222663598
homo,1-2,0.25,HOPE,0.8442141243728387,0.897709047974272,0.9172864251775513,-0.24673153161301814,-4.858788782989326,-16.161232278159776
homo,1-3,0.25,HOPE,0.9869674850696748,0.7708136693501839,0.10549588407558448,-0.4613084578482817,-7.45484695297264,-16.763743313670457
homo,2-3,0.25,HOPE,0.9928048512269457,0.6811106364601263,0.03845722265607565,-1.0747198853348534,-2.4210614860276247,-15.676148790513048
homo,1-2,0.25,HOPE,0.8441934839096542,0.8984176900531121,0.916746416192586,-0.26550939542083135,-5.392025764709151,-16.155817616733767
homo,1-3,0.25,HOPE,0.9864897146648971,0.7584943576184302,0.09629499995932861,-0.4194620538799992,-6.356276561053721,-16.44866303548726
homo,2-3,0.25,HOPE,0.9921137381195507,0.7283605282520714,0.04127560953587035,-0.6562223285206179,-4.391477998538004,-17.453224590543215
homo,1-2,0.25,HOPE,0.8436291313951048,0.8994768041407271,0.9178978978008003,-0.2619526434907755,-4.948625288771709,-16.182098049256368
homo,1-3,0.25,HOPE,0.9877106834771069,0.7452113041841318,0.1378754449219229,-0.5842669612277898,-6.899868545588902,-16.219775950235686
homo,2-3,0.25,HOPE,0.9923022543398005,0.7237910126336529,0.07335930021435531,-0.7735584125550014,-4.315528619753168,-17.21364460190011
homo,1-2,0.30,HOPE,0.8487476843672032,0.9052310813466906,0.9243720779711705,-0.26284940276271934,-4.34388270957539,-14.026376763723734
homo,1-3,0.30,HOPE,0.9827090976310326,0.7654863344191475,0.11625450523843754,0.010598690951150222,-6.552311283127835,-14.917539594152267
homo,2-3,0.30,HOPE,0.9922738978942585,0.7172230131692682,0.06274461908660162,-0.45284985562753366,-6.1291793904467005,-14.392355403668693
homo,1-2,0.30,HOPE,0.8482794075121293,0.9057097002893759,0.924821555266041,-0.24952601859819368,-3.5006169842375146,-13.954954475169464
homo,1-3,0.30,HOPE,0.9864061655717657,0.7750417196509137,0.10728404840710135,-0.0379765514185422,-6.857153687441057,-14.619664614642272
homo,2-3,0.30,HOPE,0.9922065680284132,0.708981600430981,0.035783586236349516,-0.4126588204895505,-5.3701407560221694,-14.061914145939978
homo,1-2,0.30,HOPE,0.849574297188755,0.9059255025333082,0.9242165491087174,-0.23354223980083275,-3.034381097576536,-13.838109689231697
homo,1-3,0.30,HOPE,0.9815430992804937,0.7643674708809106,0.10537523728784942,0.07157524831505968,-6.079295642247343,-15.104883984690545
homo,2-3,0.30,HOPE,0.9898165292038378,0.7487294363594881,0.04330692717670829,0.16871329018041448,-7.26066664604014,-16.202165086904078
homo,1-2,0.30,HOPE,0.8500669344042838,0.9068108866641778,0.9245721049909544,-0.24509290138726192,-2.927094269632848,-13.837947505839411
homo,1-3,0.30,HOPE,0.9866905554133606,0.763769283163745,0.14150412612730476,-0.04665604567564077,-7.415295276108814,-14.437795951327455
homo,2-3,0.30,HOPE,0.9921562026594849,0.739351473192935,0.06002055941253945,-0.20965433269697825,-5.381742766420681,-15.147474873561709
homo,1-2,0.35,HOPE,0.8550504002029848,0.9143438179246433,0.9341703127230243,-0.4579132379380995,-8.031864456632917,-12.259033421068212
homo,1-3,0.35,HOPE,0.9815932130715751,0.7852083934127401,0.13464057287328704,0.5152933170645391,-6.304246617435141,-13.710341184918224
homo,2-3,0.35,HOPE,0.9907006253965377,0.7465960623763538,0.07028042981210497,0.31101420622666875,-6.20560323678389,-14.008659604927908
homo,1-2,0.35,HOPE,0.8549428999884646,0.9146000697434968,0.9349076368189786,-0.4488416264016053,-7.786700934812177,-12.341780429898682
homo,1-3,0.35,HOPE,0.9819913632048023,0.7829789821601788,0.13260282657871486,0.37183864326920923,-5.9976501947503955,-13.435613298214188
homo,2-3,0.35,HOPE,0.9906099882171667,0.7414623912615345,0.05235014486912061,0.4616755268638326,-5.925061607002233,-14.120213150587514
homo,1-2,0.35,HOPE,0.8537482841751929,0.9134399061620668,0.9324941252923078,-0.4299977875048433,-7.68029101331062,-12.224328498488338
homo,1-3,0.35,HOPE,0.9809806744050719,0.7705311080172095,0.12555608565611637,0.5163290618746548,-5.8307253912529555,-13.7171831571927
homo,2-3,0.35,HOPE,0.9883623971286662,0.7746146450398246,0.06090241415749865,1.0295347795192666,-7.565081563616135,-15.826985154454515
homo,1-2,0.35,HOPE,0.8532651954733698,0.9134823501530493,0.9327293279976403,-0.4376131255880187,-7.269648348988392,-12.179960469375075
homo,1-3,0.35,HOPE,0.9827570365379314,0.7679010977582265,0.1414011428876251,0.38435762432725873,-6.303969209926864,-13.240885888699042
homo,2-3,0.35,HOPE,0.9903019976072218,0.768021329860919,0.05263440316808661,0.31500116758997443,-6.022218488362455,-13.860523431427577
homo,1-2,0.40,HOPE,0.8642708086020968,0.9253611402363355,0.9437041167128032,-0.5660338993063249,-8.214430231312226,-11.056541665199344
homo,1-3,0.40,HOPE,0.9813530641361691,0.778547215652961,0.1586969142046925,0.8959823840393514,-5.488292469444649,-12.801207175003043
homo,2-3,0.40,HOPE,0.9902594214567664,0.7585311996377488,0.07725835821244681,0.9417235979690338,-5.5246710978438935,-13.386744669626932
homo,1-2,0.40,HOPE,0.8657208924442222,0.9261344395269848,0.9440072765480079,-0.5337394588668667,-8.200883558336368,-11.034990660426196
homo,1-3,0.40,HOPE,0.9816516805467999,0.7872311154792763,0.16980223710502826,0.816745878679091,-5.378960634940193,-12.55333822266684
homo,2-3,0.40,HOPE,0.9909074841421025,0.7604984093020477,0.06464764924514652,1.0033659439579528,-5.432701742813747,-13.320779706140792
homo,1-2,0.40,HOPE,0.863406281636275,0.9239229319803113,0.9414297238221704,-0.5428724242860026,-8.126742354963168,-10.94222801559204
homo,1-3,0.40,HOPE,0.9811208069279007,0.7800651255632959,0.14624414093946383,0.9020332919179164,-5.034275939843311,-12.659146102523415
homo,2-3,0.40,HOPE,0.9884332901300027,0.7896195127338307,0.07486870745944765,1.6498808658096578,-6.622409513679288,-15.10664058806255
homo,1-2,0.40,HOPE,0.8625534361640959,0.9237994828457354,0.9414779493683049,-0.5571310897295324,-7.944372502173398,-10.944289440545054
homo,1-3,0.40,HOPE,0.9816516805467999,0.7792476679118713,0.17526374168832293,0.7016771329927884,-5.497003057507247,-12.281352716195974
homo,2-3,0.40,HOPE,0.9899648475088864,0.769799302199935,0.058574036990709774,0.9920479423920201,-5.360998555014426,-13.435391361077372
homo,1-2,0.45,HOPE,0.8712267881002372,0.9326266212765435,0.9492766453353083,-0.6262848988241565,-7.662727546911142,-9.952378317330002
homo,1-3,0.45,HOPE,0.9821551380895501,0.7861417910481504,0.17256121088236598,1.3396911442947268,-4.860689700396635,-12.074865152151336
homo,2-3,0.45,HOPE,0.9899308010369132,0.7789141203054555,0.07954899688270936,1.7762689641977936,-5.1890395891296714,-13.455629776780702
homo,1-2,0.45,HOPE,0.8738884948993508,0.9330782127322278,0.9497104624281864,-0.5912655958652797,-7.649917481018832,-9.922852430739457
homo,1-3,0.45,HOPE,0.9816121909725992,0.7897062141681169,0.1725805020688903,1.3016656199040333,-4.921782316022399,-12.164911369208767
homo,2-3,0.45,HOPE,0.9908091779677357,0.7772042669101031,0.07951373701957294,1.7611378533405544,-4.872040175537622,-13.283188827336385
homo,1-2,0.45,HOPE,0.8711819570197448,0.9312837192479364,0.9478042888085245,-0.5966145634713087,-7.631828166714373,-9.89452754308336
homo,1-3,0.45,HOPE,0.9819011076522117,0.7937819464151242,0.1642761868564685,1.4555901283070398,-4.730846975694778,-12.359258872378316
homo,2-3,0.45,HOPE,0.9892240455889284,0.7986594578482923,0.08547203351444224,2.0435144864315906,-5.649206417944447,-13.91305914318631
homo,1-2,0.45,HOPE,0.871537485849893,0.9321399197049379,0.9490043708206108,-0.6117206150632174,-7.587315806763937,-9.909329355474178
homo,1-3,0.45,HOPE,0.9822992832838631,0.7860314530849346,0.20608378928587837,1.216093825370567,-4.944650573302446,-11.952681457984603
homo,2-3,0.45,HOPE,0.9897594104162649,0.7953236216855117,0.06526688360987888,1.7372825558392542,-5.044784432983449,-13.242492502155255
homo,1-2,0.50,HOPE,0.8759599232061435,0.9373990504518226,0.9533354223575405,-0.6435591835419503,-7.054056587403181,-8.995568610502103
homo,1-3,0.50,HOPE,0.9820831342570473,0.7915343691338459,0.19529517013041525,1.8883766266238537,-4.221861261061224,-11.753619965501278
homo,2-3,0.50,HOPE,0.9900315784512419,0.7937643254072027,0.09673897933204995,2.5213456462665373,-4.490186538661596,-13.377564069037245
homo,1-2,0.50,HOPE,0.8781955112818051,0.9380677218432288,0.9539517274666518,-0.6259469611983204,-7.113308014947702,-9.015230668138319
homo,1-3,0.50,HOPE,0.9807692307692307,0.7917709102256905,0.20292859038977484,1.8649825252055203,-4.336238262824574,-11.903072768321293
homo,2-3,0.50,HOPE,0.9902672385351369,0.7979400451701781,0.08813163561420889,2.4780673510678093,-4.43828596591926,-13.112714974147224
homo,1-2,0.50,HOPE,0.8750187524378169,0.935674278485152,0.9521057626725888,-0.6267608240804241,-6.958477272756121,-8.907852460589304
homo,1-3,0.50,HOPE,0.981724069281306,0.800208129664178,0.20902097141692963,1.8710464268379166,-4.127430368429337,-11.745934827948659
homo,2-3,0.50,HOPE,0.989301788533591,0.8075808474064183,0.10391712154423373,2.8116725355499974,-5.024603087666628,-13.804298618066925
homo,1-2,0.50,HOPE,0.8769600120039013,0.9379809993132515,0.9539909807852885,-0.6490629142579636,-7.03859309468654,-8.9613536238704
homo,1-3,0.50,HOPE,0.9818840579710145,0.7878734001053487,0.20915049208950426,1.6086100876368739,-4.133100729569091,-11.339683461583162
homo,2-3,0.50,HOPE,0.988735713444091,0.8087258728270027,0.07463494751671018,2.621319418391667,-4.733406511258698,-13.452964049219796
homo,1-2,0.55,HOPE,0.881635306078232,0.9414975711981275,0.9571673174581847,-0.6667897253695214,-6.509980638089516,-8.185641920317442
homo,1-3,0.55,HOPE,0.9829691232416172,0.7977385552062788,0.2226766827589043,2.1906244936144943,-3.470169654690202,-11.108088253003018
homo,2-3,0.55,HOPE,0.9891591819633926,0.799681045190686,0.10037040171766158,3.336563458192334,-4.012704580309431,-13.426129954421887
homo,1-2,0.55,HOPE,0.8861639519181074,0.9430832588885593,0.9583818083456609,-0.6421512239183973,-6.537463951579409,-8.190087625088768
homo,1-3,0.55,HOPE,0.9811980180499027,0.8001456121665552,0.21753964398357267,2.255584206995293,-3.697288294415348,-11.415667188085918
homo,2-3,0.55,HOPE,0.9896043363272147,0.7974251037992937,0.10277031425546639,3.0434759777002265,-3.7711482334761337,-12.824715364586908
homo,1-2,0.55,HOPE,0.8834414123059996,0.941299641452001,0.9566474792886823,-0.6471327820054892,-6.431910818031125,-8.141639239898263
homo,1-3,0.55,HOPE,0.980667138559547,0.8092520315177703,0.22751375254704867,2.282239498248561,-3.5014612608303013,-11.327780920128518
homo,2-3,0.55,HOPE,0.9891606011415406,0.8081672302150064,0.10753985905647338,3.360806736981016,-4.279167093564901,-13.403121263153047
homo,1-2,0.55,HOPE,0.8842440512914576,0.9425826948995384,0.9576333378361669,-0.6632549487426118,-6.416735187997774,-8.156366235617341
homo,1-3,0.55,HOPE,0.9810652981773138,0.7905257250210249,0.22665721978239128,2.288192764515031,-3.611232240091851,-11.38451552609671
homo,2-3,0.55,HOPE,0.9885054461667365,0.8214688495426418,0.08474725628128212,3.306305778580598,-4.095991806201014,-13.32790836412719
homo,1-2,0.60,HOPE,0.8868908098783026,0.9446868213877754,0.9595474769838906,-0.6672649950250229,-5.945324985547851,-7.443894291182366
homo,1-3,0.60,HOPE,0.9826316313327361,0.8005677301566964,0.23135960483118037,2.6439348475710536,-2.8663006611848725,-10.839297584681141
homo,2-3,0.60,HOPE,0.9886296689053847,0.80480705218203,0.11015859831202064,3.910877878262309,-3.416838352883923,-13.146894382301156
homo,1-2,0.60,HOPE,0.8906979797790324,0.9464355077123123,0.9616609237334879,-0.6391987679706299,-6.004434567130285,-7.473023165979939
homo,1-3,0.60,HOPE,0.9805902553127955,0.7973871937565223,0.23853755721899267,2.7650172784708515,-2.97214479210757,-11.221941487230543
homo,2-3,0.60,HOPE,0.9889232582118133,0.8082261687487651,0.11900729371531224,3.8272039127386277,-3.2386702518560035,-12.947148949122322
homo,1-2,0.60,HOPE,0.8883844826292489,0.945473763660932,0.9604720410058988,-0.6498871342526993,-5.9043510262944086,-7.418084475430203
homo,1-3,0.60,HOPE,0.9806390603225165,0.8268885295822579,0.2549702598587541,2.7924774751996826,-2.9381092868072307,-11.081776995026248
homo,2-3,0.60,HOPE,0.989160530191458,0.8183525278882317,0.11974523302241838,4.127836453868544,-3.5827839492975184,-13.408089887835231
homo,1-2,0.60,HOPE,0.8902793673427268,0.9462919347196284,0.9606210071136705,-0.6739426814547281,-5.897543284625909,-7.425825529709812
homo,1-3,0.60,HOPE,0.9817340234919371,0.7953371716968252,0.2512324275019515,2.8545575225614566,-2.944468199718154,-11.23895500817595
homo,2-3,0.60,HOPE,0.9882761871096972,0.8381853455103814,0.10285189649531973,4.08683787234653,-3.4466404895532863,-13.420717419173862
homo,1-2,0.65,HOPE,0.8915326902465166,0.947774646772357,0.9618600878004451,-0.6676591837094702,-5.445855884772507,-6.80316448287331
homo,1-3,0.65,HOPE,0.9813434958193504,0.8097633534255474,0.22789735460862365,3.108379339896551,-2.2458097983122287,-10.678082726582486
homo,2-3,0.65,HOPE,0.9888230541341233,0.8087691273536348,0.1059711250219753,4.62419418307533,-2.766867463619136,-13.139127037407617
homo,1-2,0.65,HOPE,0.8949602349460868,0.9500887686293793,0.9646317435565783,-0.6598198430799307,-5.486945196045764,-6.855511656252282
homo,1-3,0.65,HOPE,0.9803185437997725,0.8000188103175995,0.2120955981496846,3.24098638529738,-2.3264743179941973,-10.98923219970882
homo,2-3,0.65,HOPE,0.9889566007878523,0.7989022884410298,0.12076288622032777,4.542894448987225,-2.640885872640818,-12.990489550156054
homo,1-2,0.65,HOPE,0.8933602041035097,0.9495093609276131,0.9639346444376886,-0.6611771671824906,-5.4842625077787,-6.827895534515631
homo,1-3,0.65,HOPE,0.9803174241993288,0.8327607554882963,0.2704159232430602,3.328533171090247,-2.2860393296305053,-10.983726203069903
homo,2-3,0.65,HOPE,0.9887564801723557,0.8160627415417994,0.13217967517392162,4.798423255406654,-2.7981318215259505,-13.309055285689439
homo,1-2,0.65,HOPE,0.8935266612328944,0.9500446568136565,0.9643854909958818,-0.6686261013218031,-5.420650953870119,-6.7922031263763865
homo,1-3,0.65,HOPE,0.9803185437997725,0.788527250394806,0.2510193637722081,3.2880241178359344,-2.308182493814274,-11.009685994407672
homo,2-3,0.65,HOPE,0.9884186782479885,0.8329885283709945,0.10790666731331924,4.994579924981593,-2.865798788644177,-13.653114005723978
homo,1-2,0.70,HOPE,0.8952080832332934,0.9503984348999545,0.9642323650983504,-0.6647034475718152,-5.071462546001476,-6.259682515613158
homo,1-3,0.70,HOPE,0.9806888313756719,0.8242058451737634,0.22450953920034236,3.623130944791408,-1.5630712754818286,-10.623320287351188
homo,2-3,0.70,HOPE,0.9874312647289867,0.8077320828271984,0.10849259661482233,5.575205042303541,-2.1470692038179884,-13.529423275665566
homo,1-2,0.70,HOPE,0.8978867075153183,0.9534342576751758,0.9677646413971673,-0.6586104435899954,-5.0085987264769,-6.2889358080937425
homo,1-3,0.70,HOPE,0.9796920626493231,0.7895601960652655,0.22836368728698114,3.627236370973569,-1.5926455337544405,-10.76175673756349
homo,2-3,0.70,HOPE,0.9880980438369078,0.8096984549545585,0.13525622326982453,5.551218713264394,-2.104975275524965,-13.378503659304933
homo,1-2,0.70,HOPE,0.8971985992996498,0.9529496304377956,0.9669058960971204,-0.6629495812993735,-5.022729122063115,-6.281414254091517
homo,1-3,0.70,HOPE,0.9790947703743031,0.8334500830220009,0.28249489025416624,4.043315295513013,-1.7174598031656472,-11.209344682748023
homo,2-3,0.70,HOPE,0.9875500746210039,0.816402076900789,0.1548802808007368,5.954698548789491,-2.220869226790439,-13.959371294470081
homo,1-2,0.70,HOPE,0.8958708708708709,0.9527683461968841,0.9667486053319292,-0.677561869964388,-4.995790936669477,-6.2576492788079126
homo,1-3,0.70,HOPE,0.9805548181576852,0.7996122818965765,0.2549698509367195,3.751034034824711,-1.6775020943538306,-10.890634378476033
homo,2-3,0.70,HOPE,0.9885310290652003,0.8287219187274628,0.11801646371541746,5.7663087885984226,-2.2157166265263384,-13.704001861412562
homo,1-2,0.75,HOPE,0.8982949087415946,0.9521807322671663,0.9654761655416753,-0.6691228924348851,-4.607918430314808,-5.777401882154352
homo,1-3,0.75,HOPE,0.9775459829604268,0.8135217863922253,0.22304145509133952,4.355253582349785,-1.1159673589785808,-10.957160592760074
homo,2-3,0.75,HOPE,0.9867087712683226,0.8153233956135848,0.11273163857941311,6.472142311487966,-1.5672798201955622,-13.805673623458366
homo,1-2,0.75,HOPE,0.8999369728983463,0.9550460373574411,0.9696786397432962,-0.6627163028610515,-4.5938395730335335,-5.807614290657
homo,1-3,0.75,HOPE,0.978020227761408,0.7819681612533292,0.23072063502862045,4.183314278825474,-1.1186858691725738,-10.830369031322109
homo,2-3,0.75,HOPE,0.9878870716877975,0.8114437618930908,0.151126283936827,6.690129037555834,-1.5103549241582737,-14.014456947001944
homo,1-2,0.75,HOPE,0.8992255043227666,0.9551483567954216,0.9687828170759463,-0.6662680924541404,-4.594471549456206,-5.780893330479161
homo,1-3,0.75,HOPE,0.9773885350318471,0.8267998925597637,0.28531855617506796,4.7570628988214985,-1.2034569247185956,-11.425757301610162
homo,2-3,0.75,HOPE,0.9870405278039586,0.8203351468461217,0.16976477239456875,6.887687152501329,-1.6176686846407446,-14.278963775641571
homo,1-2,0.75,HOPE,0.8977893914819487,0.9551218821064427,0.9688797824165318,-0.6752754735997872,-4.588017823837851,-5.770746539049912
homo,1-3,0.75,HOPE,0.9806497849976111,0.7956854612637351,0.25224674868189906,4.173594209135456,-1.1245576609556616,-10.81068811548656
homo,2-3,0.75,HOPE,0.9873692148176076,0.8344372485292013,0.1305676258216048,6.892723692288674,-1.6187938892985458,-14.279239808590143
homo,1-2,0.80,HOPE,0.8985931344963421,0.9540211290273113,0.9668236416473049,-0.6668604691679967,-4.199632989245787,-5.353288438947029
homo,1-3,0.80,HOPE,0.9778043196974221,0.8435948916230473,0.2703177314495427,5.305743423213285,-0.704628529827783,-11.542307239086188
homo,2-3,0.80,HOPE,0.9859179825595098,0.8143458407178372,0.09691671031334681,7.957691417396007,-1.0849403006367409,-14.831568808000599
homo,1-2,0.80,HOPE,0.9012007504690431,0.956706304461188,0.9705958827297761,-0.6459294916079417,-4.22452543247175,-5.391076421447643
homo,1-3,0.80,HOPE,0.9755126418475015,0.8046093072782569,0.24506957554039657,5.200707244490947,-0.5906232188806936,-11.486814027463488
homo,2-3,0.80,HOPE,0.9880987450656926,0.8149766955437453,0.1612109149354854,8.02425832217701,-0.9069859818260068,-14.890402948782917
homo,1-2,0.80,HOPE,0.9013920678398559,0.9578705712802837,0.9709641118922634,-0.6565883559533308,-4.202076650443391,-5.34037831576409
homo,1-3,0.80,HOPE,0.9758160828025477,0.8296174120333064,0.2850689657574231,5.362558251330277,-0.6038291657227058,-11.630886833114621
homo,2-3,0.80,HOPE,0.987039764359352,0.8379613473296296,0.17645157105995415,8.322896065766164,-1.0365000600833862,-15.221893019146632
homo,1-2,0.80,HOPE,0.8991476739383472,0.956617780736787,0.9700077669309741,-0.6626231398937438,-4.237487436370374,-5.380093656070388
homo,1-3,0.80,HOPE,0.97999402806808,0.8087578864013909,0.26357795721902394,5.070436718488642,-0.6451040756355468,-11.339281482763209
homo,2-3,0.80,HOPE,0.9875103098857075,0.8648730766188047,0.1652832125309459,8.448155943684455,-0.9628315939442881,-15.369890677492439
homo,1-2,0.85,HOPE,0.8993496748374187,0.953393540812887,0.9672668982169909,-0.6585317763278021,-3.8333235259212697,-4.994117801772127
homo,1-3,0.85,HOPE,0.9761114797611148,0.8398446341750491,0.3079619467422909,6.258904897479843,-0.06996925667991982,-12.185739383278067
homo,2-3,0.85,HOPE,0.9856233796841857,0.8388095147174078,0.11119459502232036,9.97272841699566,-0.4638823236465148,-16.456980806856002
homo,1-2,0.85,HOPE,0.9009955475511532,0.9572729318425579,0.9710474679053596,-0.6455938923845574,-3.8352224235700425,-4.999007233835846
homo,1-3,0.85,HOPE,0.9742500663658084,0.7807654506385369,0.23667776731232026,6.15331969019652,-0.08687107089391548,-12.154845855215054
homo,2-3,0.85,HOPE,0.9856245090337785,0.7995182841068917,0.14619833231711138,9.803117305246959,-0.46448523031270844,-16.25484607739823
homo,1-2,0.85,HOPE,0.9016418059865853,0.958087773329376,0.9713905264415734,-0.6434009420267277,-3.8713399054800224,-4.986073758817888
homo,1-3,0.85,HOPE,0.9726609157266092,0.8388374001940153,0.30074665133037104,6.672220031786408,-0.12477964197777827,-12.666937527649116
homo,2-3,0.85,HOPE,0.9871180582829314,0.8445030742895538,0.2264742460042476,10.919276067186392,-0.4764772199960482,-17.48687847917199
homo,1-2,0.85,HOPE,0.9003503503503504,0.9574310465701229,0.9704641083005865,-0.6586839544703434,-3.8509374427259284,-5.009153589389991
homo,1-3,0.85,HOPE,0.9802256138022561,0.8128662243490362,0.2991239595724384,5.885682097313304,-0.016837063648617617,-11.82324539049562
homo,2-3,0.85,HOPE,0.9863325740318907,0.8764935966739622,0.18214928391330298,10.872751305965496,-0.4529564739713377,-17.45030424281444
homo,1-2,0.90,HOPE,0.900915091509151,0.9566520906110342,0.968847411251627,-0.6550347264948546,-3.423641287382262,-4.637864167836017
homo,1-3,0.90,HOPE,0.9765127388535032,0.8498438220082953,0.35430106647906395,7.502906739790992,0.5134157941688692,-13.259352014558626
homo,2-3,0.90,HOPE,0.9833804809052333,0.8546141370990072,0.092366310087856,13.492692355131044,0.1703759372294785,-19.716925810743767
homo,1-2,0.90,HOPE,0.902274262553479,0.9591778541751033,0.972530402905226,-0.6446840544635781,-3.45037746281052,-4.6348723620935735
homo,1-3,0.90,HOPE,0.9711327891698188,0.7865615482320163,0.2967546606741627,7.3319070292882484,0.5620587120839238,-13.15014712244991
homo,2-3,0.90,HOPE,0.9862125854348338,0.8250197800458896,0.15033548400790642,13.66073108004544,0.1144349725578776,-19.873853751241064
homo,1-2,0.90,HOPE,0.9022906496432594,0.9592225818747241,0.972473585828297,-0.6442852312754936,-3.4414054345340426,-4.617717354023322
homo,1-3,0.90,HOPE,0.9701433121019108,0.8208803384367445,0.2849107229061443,7.684081171550904,0.5214552233088878,-13.476940829680684
homo,2-3,0.90,HOPE,0.9850377002827522,0.8240024853662999,0.16188712916193015,14.008757664705795,0.19485681278158867,-20.274424661755866
homo,1-2,0.90,HOPE,0.9053983031759141,0.9606100639185543,0.9727747496404557,-0.6503811091843182,-3.4440777651821666,-4.652064812882564
homo,1-3,0.90,HOPE,0.9791044776119403,0.8018798254447801,0.30007986804954767,6.9372516795856285,0.5085160707630327,-12.677878509494505
homo,2-3,0.90,HOPE,0.984916332783408,0.8711864071524646,0.18504292622453447,14.053961102010353,0.057225758339493185,-20.308138107050514
homo,1-2,0.95,HOPE,0.8972243060765192,0.9568769302352689,0.9685820836121689,-0.6404759971381864,-3.0441495646941124,-4.300331444021871
homo,1-3,0.95,HOPE,0.9753184713375797,0.8362242559751136,0.30265381423256715,9.328035066690815,1.0570891778344236,-14.990653536118014
homo,2-3,0.95,HOPE,0.9839773798303487,0.8535525831390355,0.09309898719747804,19.678129583832717,0.9177447406339995,-25.799819654998693
homo,1-2,0.95,HOPE,0.9017280240420736,0.9604189669890071,0.97341943326771,-0.6381318940511304,-3.028848842293237,-4.29988577633697
homo,1-3,0.95,HOPE,0.9721448467966574,0.7749630822929252,0.2540963482269313,8.913026495497254,1.075507258530729,-14.550566035079934
homo,2-3,0.95,HOPE,0.9842092858826302,0.8676398449244401,0.20500117167702014,19.245408195321357,0.9765896233842334,-25.37681863733286
homo,1-2,0.95,HOPE,0.9007966330978506,0.9627782657506996,0.9764880657375792,-0.6397162980196985,-3.0378034331823476,-4.300557377079631
homo,1-3,0.95,HOPE,0.9749203821656051,0.8220521085146387,0.24383839294146367,9.62600767112052,1.0707819655657704,-15.25961447242766
homo,2-3,0.95,HOPE,0.9818610129564194,0.8040648477659154,0.10659124616346057,20.82583886064171,0.9780598104744396,-26.99394134011588
homo,1-2,0.95,HOPE,0.9015458502176197,0.9632295684122738,0.974835355698904,-0.650889470013103,-2.999228683805448,-4.297028820524272
homo,1-3,0.95,HOPE,0.9785117389574214,0.7796080010739697,0.13410035839776707,8.302330680128733,1.1407552919354997,-13.946616650187297
homo,2-3,0.95,HOPE,0.9816254416961131,0.8658837485172004,0.10999514323796637,18.238213040946967,0.8718994547484265,-24.30853455405716
homo,1-2,0.05,Isomap,0.7923181857608087,0.834233885773251,0.8525520355672069,0.032351358647197334,1.4047824915770228,-39.59194444694016
homo,1-3,0.05,Isomap,0.9879513023070636,0.6841936176145921,0.08827545502372101,-3.0988738362307573,-0.9459374118762772,-33.051738760386854
homo,2-3,0.05,Isomap,0.992980280292695,0.6652120956280907,0.09505644572485042,-3.441694240067316,-0.8959228071944024,-34.61683666968676
homo,1-2,0.05,Isomap,0.7961645823148134,0.8378824808076728,0.8556468611506111,0.053713370987420815,1.3364052858530178,-40.738207247418885
homo,1-3,0.05,Isomap,0.9880770278482074,0.67425593628394,0.07377422917214915,-3.2419970765502755,-0.825924519269511,-26.925729030967833
homo,2-3,0.05,Isomap,0.9930174872876101,0.6723791733653566,0.058674766242016785,-3.437739147524071,-0.8801325043453698,-34.31852833365152
homo,1-2,0.05,Isomap,0.7970256822715839,0.83982084386678,0.857963536042143,0.036322957182103995,2.0247815711317476,-41.455863770763024
homo,1-3,0.05,Isomap,0.9882237076462084,0.6462410947140766,0.061261128296615515,-3.1553334530403467,-0.9198517609400413,-27.288743239673718
homo,2-3,0.05,Isomap,0.9930298896192484,0.6682729320984727,0.060503742080104596,-3.472602599647794,-0.7873367315507178,-33.80678001960323
homo,1-2,0.05,Isomap,0.7966803343321243,0.8369487583819233,0.8534646304402375,0.002715874525376169,0.869542983879164,-40.90797206029036
homo,1-3,0.05,Isomap,0.9880141650776355,0.6788749920488518,0.08455567695114373,-3.0129763788954027,-1.7827378925401116,-35.68434132933444
homo,2-3,0.05,Isomap,0.9929306709661416,0.6969691075323672,0.09370152814526884,-3.3513613147294836,-0.9291247570145563,-39.25358846689979
homo,1-2,0.10,Isomap,0.8246145649495521,0.866007718151541,0.8805985861048059,-0.1214942725385865,1.5945471473851855,-28.587238896623603
homo,1-3,0.10,Isomap,0.9879454115148968,0.6933644416217473,0.11488575568998366,-2.3322825742205855,-0.8273627152110734,-25.404314677271643
homo,2-3,0.10,Isomap,0.9930353729741052,0.6807230950750782,0.07849817028374709,-2.677864815215152,-0.8692886976748888,-25.467097167790104
homo,1-2,0.10,Isomap,0.8247188392284832,0.868491947114127,0.883501751382678,-0.11497774060612956,1.2661519984318952,-29.083650964357798
homo,1-3,0.10,Isomap,0.9880338855588242,0.6923409544474899,0.09318344256826945,-2.432607386872452,-0.9883981975909286,-24.227239795436834
homo,2-3,0.10,Isomap,0.9930091901657372,0.6483611871578523,0.054368881597809414,-2.711858217709725,-1.028979645590002,-24.179755243222438
homo,1-2,0.10,Isomap,0.8252780367607885,0.8692926442039486,0.8844637270209303,-0.1243083573943158,2.3129225639779,-29.410342071055464
homo,1-3,0.10,Isomap,0.9880338855588242,0.6788892792639478,0.07776748202338754,-2.4018881823195595,-1.146111610388733,-23.26967093239131
homo,2-3,0.10,Isomap,0.9930222815699212,0.671787063850833,0.05104541370510484,-2.6207646231834096,-0.7246132845761417,-26.552846405500944
homo,1-2,0.10,Isomap,0.8245744016649323,0.8676839313611385,0.8834581850240837,-0.16304020654481935,1.5965763997040927,-29.48489399392998
homo,1-3,0.10,Isomap,0.9877463449160603,0.7102311437937614,0.10531337225692916,-2.263373488670918,-0.8665475718107074,-27.23386455992981
homo,2-3,0.10,Isomap,0.9929960987615531,0.6894268886401225,0.07394594690111,-2.5414190473287985,-1.0885606080347934,-27.849242812818304
homo,1-2,0.15,Isomap,0.833308354858901,0.8848221153586755,0.9006026174535801,-0.23666590164615797,1.6964604502459348,-22.693333081646763
homo,1-3,0.15,Isomap,0.9881496053771751,0.7328981819009244,0.13069387203389185,-1.689730508544512,-0.9209818805322721,-22.014285180372084
homo,2-3,0.15,Isomap,0.9930829902551946,0.6806017967172371,0.06710729366898625,-2.043521517339446,-1.220261685954219,-21.314975896232067
homo,1-2,0.15,Isomap,0.8355240538467642,0.8850532853057669,0.900374366720356,-0.21766272043540671,1.4332655734034467,-22.979506942364768
homo,1-3,0.15,Isomap,0.9879154078549849,0.7178686727129919,0.11375909883747057,-1.8711511404755323,-1.126603008771973,-20.203741932335326
homo,2-3,0.15,Isomap,0.9929582345684146,0.6575325051384627,0.05561726031799601,-2.0692595366203674,-0.9559364905870712,-20.93504919077343
homo,1-2,0.15,Isomap,0.8321623456191543,0.8837757280139251,0.8983981920374748,-0.2354999858495691,2.6836529448401136,-23.085145376871846
homo,1-3,0.15,Isomap,0.9878919881027659,0.7223424014787081,0.102516180503917,-1.6691154003517836,-1.1388975798044771,-21.39058923437429
homo,2-3,0.15,Isomap,0.9929720963113902,0.6960871785343292,0.05441356297813137,-1.926863741635872,-1.0528468073243116,-22.460486016956676
homo,1-2,0.15,Isomap,0.8344485290876553,0.8857422566405544,0.9015020280596899,-0.2505832467042389,1.7764554374055286,-23.179954032979794
homo,1-3,0.15,Isomap,0.9874470128106044,0.7186592264071316,0.1220889494522052,-1.5858007447579636,-2.100653447943712,-23.817710880482
homo,2-3,0.15,Isomap,0.9930968519981702,0.7047330883857104,0.07015361544059037,-1.8765627200534305,-1.127909367313121,-22.283895030186805
homo,1-2,0.20,Isomap,0.8421752775305635,0.8971633584318105,0.9132352744964659,-0.3084182719382348,1.525437480948334,-18.803951210369775
homo,1-3,0.20,Isomap,0.9882300246348321,0.7414346551808756,0.1270745519056015,-1.195566677638538,-0.9392512003736379,-18.79619274392281
homo,2-3,0.20,Isomap,0.9930777501215076,0.6805678422635556,0.062275002636065134,-1.5114880016975656,-1.2669158998254224,-18.42047535657054
homo,1-2,0.20,Isomap,0.843285679488861,0.8967182661021166,0.9140616598331409,-0.29245169524063425,1.4085844412758322,-18.815496679526234
homo,1-3,0.20,Isomap,0.9884290939856173,0.7457538563963153,0.12458853534323401,-1.2052300640977824,-1.1711063787046205,-18.66113263386541
homo,2-3,0.20,Isomap,0.9929451964004301,0.675258758309434,0.06114171817278042,-1.5581419020309217,-1.2341943133268143,-18.151233883421448
homo,1-2,0.20,Isomap,0.8404777517564402,0.8957300355070706,0.910920360797218,-0.31155883192241507,2.4525487647320996,-18.758632919208424
homo,1-3,0.20,Isomap,0.9876825839201732,0.7462972069948074,0.10925853279803835,-1.0445612374429962,-1.5068082973299677,-19.2749475847166
homo,2-3,0.20,Isomap,0.9928715554442759,0.72499907664282,0.06164091995497925,-1.1528028500850955,-1.4717182408426028,-19.7349593559941
homo,1-2,0.20,Isomap,0.8436273361749965,0.8976594509143986,0.9142404655891663,-0.32308407018692986,1.5836316497903749,-18.98257716636324
homo,1-3,0.20,Isomap,0.9876328165824769,0.7349435236463391,0.13980865108305804,-1.1548308445787088,-1.2029015612813654,-19.68861938025892
homo,2-3,0.20,Isomap,0.9931809478924268,0.7193563980880457,0.08711150706122268,-1.2361539703785078,-0.8730608034353251,-19.94002775727122
homo,1-2,0.25,Isomap,0.8476214271437138,0.9054683851699359,0.9224940497988723,-0.35764342581746583,1.8951475814448577,-15.951478512789231
homo,1-3,0.25,Isomap,0.9879230258792303,0.7455250392632955,0.11951565015000308,-0.7057566613471841,-1.2334291441206673,-16.57564698329145
homo,2-3,0.25,Isomap,0.9929619505451346,0.7050598751659889,0.07606789589679872,-0.9606841789691187,-1.5537627447999969,-16.804413788164975
homo,1-2,0.25,Isomap,0.8493313610650249,0.9059725963307717,0.9243579310831831,-0.34925625148329387,1.355436731693346,-15.820690378227985
homo,1-3,0.25,Isomap,0.987843397478434,0.7648124662296857,0.1443692187742337,-0.6388702598456217,-1.0350038419897227,-17.318405101916596
homo,2-3,0.25,Isomap,0.9927420114996701,0.6966979305717534,0.051818103474509464,-1.0333936120196887,-1.2401706733827462,-16.125940090144873
homo,1-2,0.25,Isomap,0.8483210073955627,0.9054595546003514,0.9226947653360615,-0.3640698048024885,2.1936377022087976,-15.88653259704145
homo,1-3,0.25,Isomap,0.988029197080292,0.7727694934663987,0.1272476919928071,-0.48129935747333297,-2.842890140813794,-17.367524983163808
homo,2-3,0.25,Isomap,0.9928678030005499,0.7465535792117908,0.06679103060590477,-0.5853134038066058,-1.808409366520177,-18.02392507160276
homo,1-2,0.25,Isomap,0.8494258272784513,0.906619568648355,0.9244463908984681,-0.3590171970458042,1.468966916843316,-15.977124530399609
homo,1-3,0.25,Isomap,0.9876841406768414,0.7444820698030612,0.14199821953895525,-0.6616115496409982,-1.4807539314904097,-17.190918644258893
homo,2-3,0.25,Isomap,0.9930406095357788,0.7293694498572691,0.0880270985425099,-0.601535802311751,-1.5935744921386297,-18.226747509649638
homo,1-2,0.30,Isomap,0.853598466595993,0.9124768820524629,0.931324519206414,-0.39789668300278525,2.0050207549678603,-13.802950632430655
homo,1-3,0.30,Isomap,0.9880840656371754,0.7597813507063598,0.13802616646394306,-0.18886519917208114,-1.3096461351214188,-15.472783538042139
homo,2-3,0.30,Isomap,0.9927788718880978,0.7235200151143999,0.08931082949871247,-0.487488932792712,-1.6590752572047496,-15.23707784166454
homo,1-2,0.30,Isomap,0.854619841703349,0.9135233148250679,0.9320962347754826,-0.3943103032523841,1.4173453371945852,-13.66847845464612
homo,1-3,0.30,Isomap,0.9876859198589426,0.7713271552249726,0.13859960988011646,-0.2742556696953588,-1.4709609804845802,-15.055778663578609
homo,2-3,0.30,Isomap,0.9927452069551751,0.7181661141270566,0.05389376891314409,-0.5154680017204554,-1.3499907594339478,-14.731962070137183
homo,1-2,0.30,Isomap,0.8523694779116466,0.9122916332852237,0.9310702017659487,-0.3981141839221907,2.252653893707762,-13.664966894673883
homo,1-3,0.30,Isomap,0.9870033842391149,0.7679378787171871,0.12044705305135547,-0.06085161752490186,-2.1256447354365857,-15.8999882815714
homo,2-3,0.30,Isomap,0.9898333613869719,0.7553034768747834,0.07069061111982951,0.09360233709426458,-2.4811640147412266,-17.064811242159585
homo,1-2,0.30,Isomap,0.8557965194109772,0.9134952982978946,0.931675250115108,-0.40140867127126484,1.396022636903423,-13.643328077801083
homo,1-3,0.30,Isomap,0.9877427978272616,0.7626436258172916,0.1488268336324977,-0.24576207415432286,-1.7513264666200186,-15.054745398765021
homo,2-3,0.30,Isomap,0.9925601750547046,0.7421084789717043,0.06716213041755374,-0.18245192335833074,-1.7605593322699344,-16.208182372263064
homo,1-2,0.35,Isomap,0.8576684427836597,0.9180940470021007,0.9378631076764905,-0.42605389374328484,1.9711214186177453,-11.99539654705552
homo,1-3,0.35,Isomap,0.9822363786714037,0.7856693258580796,0.1408764590431259,0.225132071265584,-2.2517282996304906,-13.993072420983186
homo,2-3,0.35,Isomap,0.9909000271911538,0.7488223066444087,0.09719530666716893,0.08757274010710234,-1.7482328022075106,-14.478984109682495
homo,1-2,0.35,Isomap,0.858922597762141,0.9193750332150166,0.9383491359634282,-0.4201697129770058,1.3978897583338343,-11.995433681396072
homo,1-3,0.35,Isomap,0.9827876634712567,0.7806607666666343,0.15162808621997148,0.10844960774770576,-1.4591830932530263,-13.69038831694826
homo,2-3,0.35,Isomap,0.9909725369346506,0.7437603454652878,0.06891396199572301,0.24186096684537822,-1.7500134439923682,-14.663287972296427
homo,1-2,0.35,Isomap,0.858316127022943,0.9185199162443938,0.9370657825785091,-0.4216967143917275,1.9454597613101483,-11.966310582681011
homo,1-3,0.35,Isomap,0.9825426480046553,0.7824150924354968,0.13620434348060934,0.4215425869884396,-2.528196411553955,-14.549188348723339
homo,2-3,0.35,Isomap,0.9901932349635645,0.770804406600378,0.09119995129570607,0.7284053812003963,-2.7443228141649176,-16.253591005997503
homo,1-2,0.35,Isomap,0.8597136825590919,0.9193848585510609,0.9379106231413499,-0.4339692876053561,1.5082887230638429,-11.955908802611019
homo,1-3,0.35,Isomap,0.9825732749379804,0.7710408121908454,0.14708360289221192,0.1387497025820244,-1.7650266307279587,-13.654609830477757
homo,2-3,0.35,Isomap,0.9909364463618896,0.7611217987183014,0.06221317618098241,0.18577272006059892,-1.9374702598093991,-14.624559774942872
homo,1-2,0.40,Isomap,0.8644082622115036,0.923913168186411,0.9435220852295776,-0.4457112908659356,1.7129084325551116,-10.643849913290744
homo,1-3,0.40,Isomap,0.9824479909751485,0.7735959380882971,0.15055316360245255,0.576347353551,-1.4936032158706043,-13.014231806573035
homo,2-3,0.40,Isomap,0.9912609728795585,0.7639111430563863,0.09702568241242013,0.5399780967561831,-2.0052416795117707,-13.429455675822561
homo,1-2,0.40,Isomap,0.8643959752515468,0.9243455223656787,0.94372167655642,-0.4306111575101973,1.3248076139115144,-10.582718097404449
homo,1-3,0.40,Isomap,0.983741995421215,0.7925082776496897,0.16522622292205477,0.5479201805360043,-2.606551723593226,-12.769147775386562
homo,2-3,0.40,Isomap,0.9915359085642466,0.7637437204472997,0.08439598965772459,0.6606363716015865,-1.9797253379083855,-13.517060823324636
homo,1-2,0.40,Isomap,0.8636062541400558,0.9233031285425596,0.9428634773014112,-0.44043753955980897,1.7533128353138447,-10.573552983117658
homo,1-3,0.40,Isomap,0.9826138889810544,0.7842836977426701,0.14532313165073552,0.7139279787249443,-2.2448453603815444,-13.186323304733016
homo,2-3,0.40,Isomap,0.9908094733121244,0.7765617368689802,0.10960386863484664,1.1841970773263717,-2.889011622401664,-15.144178929068842
homo,1-2,0.40,Isomap,0.8645158871028225,0.923852191661535,0.9426095789224759,-0.44862539158950787,1.4296560977935868,-10.546885788478532
homo,1-3,0.40,Isomap,0.98304522379641,0.7886366306839164,0.16336069190182784,0.4003859876001148,-1.7673140002629337,-12.380868333045658
homo,2-3,0.40,Isomap,0.9908289310893345,0.7678750562673837,0.06966657644914702,0.7122259871534155,-2.177904540726429,-13.815166827881477
homo,1-2,0.45,Isomap,0.8665639571346767,0.928078769932555,0.9474618137229848,-0.4712877724186051,1.4441288627588955,-9.483789500955027
homo,1-3,0.45,Isomap,0.9826256922575741,0.7943310394597799,0.16550178268267818,0.9807097281998819,-1.9686003614557614,-12.059229383866448
homo,2-3,0.45,Isomap,0.9911091115538702,0.7740607203334986,0.10575922461590033,1.2407235928615843,-1.8822164715288123,-13.302484598589448
homo,1-2,0.45,Isomap,0.8661420544432927,0.9275144613126732,0.9469063420216053,-0.4540892536754942,1.1298943745000418,-9.412579992259241
homo,1-3,0.45,Isomap,0.9833858182213052,0.783895960874376,0.15740638913232108,0.8877307076861086,-1.6764623000011627,-12.075876995471893
homo,2-3,0.45,Isomap,0.9911519592090323,0.7834277737859163,0.09536924726202509,1.353303940160353,-2.1058572579994914,-13.346808130701612
homo,1-2,0.45,Isomap,0.865195811061416,0.9273193653326968,0.9468140782356371,-0.4575582406805645,1.6229413686983163,-9.435672729793668
homo,1-3,0.45,Isomap,0.9825888655614277,0.7985089131043901,0.1590985439544798,1.2196851377227222,-2.334272725919807,-12.71661104942181
homo,2-3,0.45,Isomap,0.9908736449719354,0.7898948047059471,0.11146792710496585,1.4303534005465481,-2.5418229404896184,-13.652136631826925
homo,1-2,0.45,Isomap,0.8664911826079841,0.9280065077760642,0.9458918305660488,-0.4616788935581044,1.2811232698093533,-9.437139409268855
homo,1-3,0.45,Isomap,0.982987041193079,0.7990167754639277,0.17713316796689785,0.9304958618068359,-2.157818162308626,-12.037062986186823
homo,2-3,0.45,Isomap,0.991001992415965,0.7942443406291658,0.07649639894656003,1.3340594230692462,-2.7155640613140806,-13.37392599073031
homo,1-2,0.50,Isomap,0.8695404367650588,0.9311513045584634,0.950201598830909,-0.4742284060911629,1.1784965039440265,-8.47784368550839
homo,1-3,0.50,Isomap,0.9830785156872114,0.8379486615693792,0.18648103024128126,1.6456780814301273,-2.659985383945332,-11.551001469688996
homo,2-3,0.50,Isomap,0.9911391808455484,0.787463449800642,0.12483836879580894,1.9690676282047763,-2.6194568905615023,-13.220308890911188
homo,1-2,0.50,Isomap,0.8696591454632742,0.9312803588291518,0.9505670381160257,-0.46573870348139945,1.0540099919464858,-8.454009719288502
homo,1-3,0.50,Isomap,0.9824016563146998,0.8014686852781168,0.1690295043565997,1.473277601373067,-2.2808930143327166,-11.700824859216434
homo,2-3,0.50,Isomap,0.9910684828203798,0.7922439576435313,0.09822242922236372,1.909612724157286,-1.9563254323162427,-12.909428160017786
homo,1-2,0.50,Isomap,0.8678928260673887,0.930104504839806,0.9497310398184176,-0.46688362197345057,1.7387982258390569,-8.445210800056978
homo,1-3,0.50,Isomap,0.982958391399562,0.8121794908689071,0.18345526907966642,1.6300152191209518,-2.426984219551215,-11.899764531427891
homo,2-3,0.50,Isomap,0.9909041638193086,0.8050944692310251,0.11749976098580321,2.1010569032780877,-2.61394795136321,-13.376199374488921
homo,1-2,0.50,Isomap,0.870162802910946,0.9316822492149205,0.9500524065605803,-0.4727845876074432,1.1866045821238493,-8.465976976833753
homo,1-3,0.50,Isomap,0.982560917343526,0.7980079389744779,0.19745041846742717,1.2796436550550907,-2.3087312651420486,-11.256331492740394
homo,2-3,0.50,Isomap,0.9905973842347119,0.8072759703534959,0.08348473961608785,2.025413532325568,-2.761856946001723,-13.226929187754603
homo,1-2,0.55,Isomap,0.8705688238529358,0.9337699747786233,0.9528277858559341,-0.4939575388855417,1.3359167038377426,-7.686169223563163
homo,1-3,0.55,Isomap,0.9838980801557109,0.8505386676180156,0.218500098982689,2.0500541357074518,-2.289866874563884,-10.708812591086254
homo,2-3,0.55,Isomap,0.9908874283170547,0.7938543669352134,0.12201412349460372,2.592579522368915,-2.7235791912414866,-12.964606644257529
homo,1-2,0.55,Isomap,0.8707924175989064,0.9350599993614289,0.953872121286595,-0.47593768982819706,1.2408579255079306,-7.661778782519671
homo,1-3,0.55,Isomap,0.9832772960537958,0.8148831006269601,0.2014881853374171,1.812587042648739,-3.0110665029364263,-11.055807648283965
homo,2-3,0.55,Isomap,0.9913063971300636,0.7928642409302566,0.11062387991812266,2.4938085552348674,-1.8958741751246713,-12.630683470655073
homo,1-2,0.55,Isomap,0.8695383999866638,0.9340712826681967,0.9532832034784962,-0.48102572038157115,1.6769518184925347,-7.663133587666691
homo,1-3,0.55,Isomap,0.9829233763935586,0.822867613708828,0.20682505020125888,1.9782525119160814,-2.1029772469078574,-11.215102882231687
homo,2-3,0.55,Isomap,0.9903649787924805,0.809167705610533,0.11657939506644507,2.6152352442891043,-2.8138262667450884,-12.893347942708925
homo,1-2,0.55,Isomap,0.8710376682062997,0.9352390650521456,0.9534437263862173,-0.4871475347466075,1.2008315216633298,-7.6896630046705345
homo,1-3,0.55,Isomap,0.9820385772429658,0.8052043487697024,0.21151795631764445,1.869215505278705,-2.556743261913904,-11.120251530631906
homo,2-3,0.55,Isomap,0.9905215751989945,0.8245852633485081,0.10389102478230415,2.6087748634761336,-2.8963586950563185,-12.890489480693565
homo,1-2,0.60,Isomap,0.877327532862045,0.9359200745155136,0.9546183077679573,-0.49902242646687445,1.1071972811748798,-6.969329353635938
homo,1-3,0.60,Isomap,0.9832785906240669,0.8456426529857256,0.217747689085932,2.3249312999342084,-2.167152432684378,-10.146839819109701
homo,2-3,0.60,Isomap,0.9909273005773536,0.8051864375498474,0.13043296514859293,3.136789945916424,-2.817905319138495,-12.54604731896854
homo,1-2,0.60,Isomap,0.8787867419481908,0.9382097620215174,0.9572806417802551,-0.4812790539253418,1.0903557092190554,-6.989742758891348
homo,1-3,0.60,Isomap,0.9827800726621211,0.8393363090709998,0.22525019337094904,2.234174072072076,-2.2470447901593666,-10.366961193677563
homo,2-3,0.60,Isomap,0.9905140668728826,0.8214104298771111,0.13539607082030725,3.2273835286309502,-2.340946094872833,-12.537073794973898
homo,1-2,0.60,Isomap,0.8763787799204622,0.9370379965717224,0.95604050248112,-0.4846126726166636,1.569685564045028,-6.973367474128347
homo,1-3,0.60,Isomap,0.9826299024487358,0.848550326322568,0.23395982777818858,2.5637081117113643,-2.1264663568373066,-10.932196774619518
homo,2-3,0.60,Isomap,0.9904270986745214,0.816218784025238,0.12184383897801615,3.3124637227098903,-2.5548487265832813,-12.797795277238695
homo,1-2,0.60,Isomap,0.8790033584119777,0.937948822551637,0.9559417754806879,-0.4986904078536003,1.1950249680525025,-6.9946340842273145
homo,1-3,0.60,Isomap,0.9824805892892694,0.8212409603914287,0.23257271838927485,2.4031681003350225,-2.6725155550892534,-10.821143116282055
homo,2-3,0.60,Isomap,0.9899552256392129,0.8420404149923857,0.12113007629659167,3.343689662742994,-2.9293402653414606,-12.855417335096732
homo,1-2,0.65,Isomap,0.8800643086816721,0.9389741101204675,0.9573249656273839,-0.5085813660753913,1.1861474424992156,-6.372020824159939
homo,1-3,0.65,Isomap,0.9827086058813492,0.8522773214904386,0.2178135667644761,2.84801325020052,-2.1950114954701836,-10.02707510927492
homo,2-3,0.65,Isomap,0.990438998114732,0.8157538205098314,0.122862872153733,3.818500651091072,-2.717444410397554,-12.436365455234624
homo,1-2,0.65,Isomap,0.8827413235010397,0.9415299219273967,0.9595859903992886,-0.49998266210964315,1.2505287942733263,-6.422602121529959
homo,1-3,0.65,Isomap,0.9820250284414107,0.8501279522723285,0.22065445399241887,2.7862836140958485,-2.268122721102658,-10.105814936687633
homo,2-3,0.65,Isomap,0.9906737146897411,0.8162513814913392,0.13631255147534138,3.9433512015551306,-2.547227136543753,-12.509949493280637
homo,1-2,0.65,Isomap,0.8816113886328066,0.9407669737895604,0.9590136743311025,-0.5016996305358139,1.4319304205795267,-6.414306662761834
homo,1-3,0.65,Isomap,0.9828772967745606,0.8585141239923968,0.2739144444312812,3.101061564256644,-1.9510285998292507,-10.684992293159521
homo,2-3,0.65,Isomap,0.9901366727260487,0.8171473978679128,0.1369100174614318,4.054155928584342,-2.751488742847922,-12.758760387857798
homo,1-2,0.65,Isomap,0.8820728411479559,0.9414675842397093,0.9591195546938902,-0.508603045416669,1.2276405901521337,-6.396233261411261
homo,1-3,0.65,Isomap,0.9824232081911263,0.8295074925425514,0.2542567683578823,2.848734566402011,-2.2838798356351986,-10.406206442813074
homo,2-3,0.65,Isomap,0.9903040096959903,0.8471421809886213,0.1243324698181487,4.187174643652768,-2.8329989547672607,-12.931423218676194
homo,1-2,0.70,Isomap,0.8814275710284114,0.9418383951031696,0.9600624307645903,-0.5178221387431868,1.0414684597418014,-5.869212598361089
homo,1-3,0.70,Isomap,0.9825469506934766,0.8679566323859472,0.23895161696522435,3.3509152034935794,-2.0330465419592816,-9.949302714359455
homo,2-3,0.70,Isomap,0.9901413982717989,0.842011130257917,0.13626773361327604,5.016276559627379,-3.507304643763042,-12.96668684142175
homo,1-2,0.70,Isomap,0.8853820182568464,0.944307411990111,0.9618826462954736,-0.5053014646680081,1.1545073666863426,-5.910197085893267
homo,1-3,0.70,Isomap,0.9819485001327316,0.8422430480283163,0.2247453198212157,3.474194862667527,-2.058613292430433,-9.995913968581725
homo,2-3,0.70,Isomap,0.9899442218556053,0.8365838687517217,0.15989831512267558,4.8909705761273425,-2.7141190511382485,-12.704286527494958
homo,1-2,0.70,Isomap,0.8847173586793396,0.9450041565424265,0.9632405380626046,-0.5132610230576982,1.2644384301501284,-5.904919583312179
homo,1-3,0.70,Isomap,0.9830103530661003,0.8878436103582156,0.2974235457944775,3.8391930143143593,-2.340957752300846,-10.612167097165004
homo,2-3,0.70,Isomap,0.9895923336737098,0.8228576183543708,0.16516049031945834,5.242677771442271,-2.9038481719822897,-13.384173773124338
homo,1-2,0.70,Isomap,0.8832332332332332,0.9436455215069257,0.9615088886575793,-0.5164783538810456,1.199346036170198,-5.892351257612466
homo,1-3,0.70,Isomap,0.9824130607910805,0.8714842063865095,0.25792614140236264,3.5671349617083115,-2.641441106025172,-10.374010546002197
homo,2-3,0.70,Isomap,0.9893165750196387,0.836478967690266,0.1362384829673938,4.970659312742209,-1.6926600635190958,-12.762917998444161
homo,1-2,0.75,Isomap,0.8856868395773295,0.9432516661200222,0.9611264626387034,-0.5227990383809231,1.0441897123181036,-5.4433591167244035
homo,1-3,0.75,Isomap,0.9807309499163946,0.8589498077432683,0.25043904781526233,4.176579428552434,-1.9913731117077782,-10.353024717424649
homo,2-3,0.75,Isomap,0.9880284677381345,0.8408768633224528,0.1427214980954726,6.268156127347007,-1.7370813725712155,-13.172816365927613
homo,1-2,0.75,Isomap,0.88802184939524,0.9461300564614987,0.9631714903659676,-0.5216198962748717,1.171813027762401,-5.471206774349447
homo,1-3,0.75,Isomap,0.9805686071513897,0.8344376343124691,0.23610722971376819,4.1646695632657655,-1.9616913626050372,-10.196133417763832
homo,2-3,0.75,Isomap,0.9899137484092945,0.8371741203744938,0.16801847275192536,6.129924676942993,-2.7512228419528344,-13.469191455388094
homo,1-2,0.75,Isomap,0.8877581652257445,0.946851664024108,0.9644916001913395,-0.5213324975026988,1.095309674542752,-5.453700147068103
homo,1-3,0.75,Isomap,0.9792993630573248,0.8749266720386786,0.2893439603766949,4.69493014561424,-1.8813916199239944,-10.922003286859182
homo,2-3,0.75,Isomap,0.9895852968897266,0.8365107232530221,0.19202243587610085,6.465251561849932,-3.2744248294994556,-13.936301537144955
homo,1-2,0.75,Isomap,0.8863158527061933,0.946541547402318,0.9644805064898097,-0.5306924427648787,1.0835858866062906,-5.438762367633211
homo,1-3,0.75,Isomap,0.9827998088867654,0.8700845734794874,0.26360022184154147,4.024541002709071,-2.414727389760056,-10.308387351999388
homo,2-3,0.75,Isomap,0.9883589405221981,0.8655926309240873,0.15234062802731624,6.626303920926443,-1.5828167019813033,-13.356356917927041
homo,1-2,0.80,Isomap,0.8868880135059088,0.9455132732711198,0.9630903263216616,-0.5360899856922166,0.9731343597864511,-5.071178106284452
homo,1-3,0.80,Isomap,0.9816860754454065,0.8898408880070965,0.29354040744304694,5.456004016522274,-1.7968074421423084,-11.064337905732543
homo,2-3,0.80,Isomap,0.9882158849870375,0.8354202638391306,0.1237477857325371,7.500016061713392,-1.9581636717663575,-14.035912409235337
homo,1-2,0.80,Isomap,0.8904315196998124,0.9486301802418892,0.9649158013692195,-0.5364335891609817,1.0493459850908642,-5.068791179328481
homo,1-3,0.80,Isomap,0.9807883734819829,0.8428052850451884,0.26939185181421205,5.3774462431656245,-1.7681721395300511,-11.041130138013317
homo,2-3,0.80,Isomap,0.9898073410711129,0.8581510289659056,0.181263910170993,7.732386047339714,-2.390581585291928,-14.386695525882292
homo,1-2,0.80,Isomap,0.8904731529773742,0.9494330213191473,0.9663188230752647,-0.5320907917477679,1.132659903691754,-5.0576225745309
homo,1-3,0.80,Isomap,0.9791998407643312,0.8835360428417942,0.3140394587187558,5.541275868484098,-2.0611419737868784,-11.403315452149718
homo,2-3,0.80,Isomap,0.9892783505154639,0.8838420750359944,0.21082209701378057,7.913598071721215,-2.2244629555689444,-14.221364940861136
homo,1-2,0.80,Isomap,0.8890474223707431,0.94928624866324,0.9667756530856494,-0.5458982588293395,1.0431718727362231,-5.061668890863534
homo,1-3,0.80,Isomap,0.9828804618294018,0.8873034317143078,0.2942082687129142,5.543348761868924,-2.648106610610231,-11.34832037919752
homo,2-3,0.80,Isomap,0.9879816189466243,0.8671460286381076,0.1703479787621091,8.255378025351716,-1.2209929102900623,-15.046196035832105
homo,1-2,0.85,Isomap,0.8898949474737369,0.9474944206078654,0.9646349251834063,-0.5535002374471356,0.9583436877203284,-4.724908950440706
homo,1-3,0.85,Isomap,0.9799601857996019,0.8821235743797289,0.3095108242148061,7.265195853514986,-1.4704552133964996,-12.556967607188023
homo,2-3,0.85,Isomap,0.9864875481184696,0.8689885202945118,0.1291855798277744,10.279526881795423,-1.643539267389168,-16.209948847541927
homo,1-2,0.85,Isomap,0.8920906498574216,0.9510877787160809,0.9674703873001131,-0.5515637400393006,1.0466630758920046,-4.718851230124567
homo,1-3,0.85,Isomap,0.978232014865941,0.8456027336214685,0.25899391615714734,6.733159991009131,-1.9521605006409934,-12.172390395494507
homo,2-3,0.85,Isomap,0.9881382560879811,0.88815620604782,0.18824359647714486,9.843167153623604,-2.5284610656192488,-15.686826612511439
homo,1-2,0.85,Isomap,0.8933326659325258,0.9522053176503389,0.9681315865525137,-0.5493219142405326,1.108258436545989,-4.7165438505946335
homo,1-3,0.85,Isomap,0.9779694757796947,0.9023080367136781,0.32945884847830254,7.186580464872744,-1.9026250606959767,-12.749506215666287
homo,2-3,0.85,Isomap,0.9880606393841803,0.9224072958161577,0.24809557791770473,11.82686886066841,-2.21462395096101,-17.447983797703852
homo,1-2,0.85,Isomap,0.8903403403403404,0.9517278728933957,0.9686929691867079,-0.5618492315092839,1.0202341995401574,-4.73111482006709
homo,1-3,0.85,Isomap,0.9815527538155275,0.881701142619969,0.32638243280879525,6.653816942750535,-1.8809942776555217,-12.082244656247234
homo,2-3,0.85,Isomap,0.9878249941088681,0.9273171953695647,0.2059203534269467,11.954235376846947,-2.0026252510481743,-17.563130931944507
homo,1-2,0.90,Isomap,0.8914641464146414,0.95066214279494,0.9671187185678131,-0.5586929566137454,0.7699135582685708,-4.4251505337007
homo,1-3,0.90,Isomap,0.9785031847133758,0.8850461706521925,0.3693858599056297,9.181171716875427,-1.3250395375418575,-14.335769864818287
homo,2-3,0.90,Isomap,0.9851485148514851,0.9073643822383775,0.1309491929644647,14.065451452672397,-2.106147250276336,-19.530164238999422
homo,1-2,0.90,Isomap,0.8923665841026795,0.9530122713371887,0.9696826809240655,-0.5568366238075828,0.7284877254892155,-4.417327100917822
homo,1-3,0.90,Isomap,0.9731236312960382,0.8320859339788853,0.28353490363027983,9.085871099283386,-1.1804132522545643,-14.28887780316558
homo,2-3,0.90,Isomap,0.9875088380862598,0.87658537067806,0.17302092294539942,15.409131673803934,-2.10215898175145,-20.805924716263647
homo,1-2,0.90,Isomap,0.8922268118663161,0.9520914552615816,0.9682944507500537,-0.5619693962601094,0.8656253338103491,-4.401384277598508
homo,1-3,0.90,Isomap,0.9701433121019108,0.8864927477840451,0.2895449517081826,9.589766457483782,-1.351491324030692,-14.802504062286594
homo,2-3,0.90,Isomap,0.9851555136663525,0.9173877111103514,0.20102330695574713,14.9715829142936,-2.2557176202378226,-20.45037307537994
homo,1-2,0.90,Isomap,0.8967640213229221,0.9547398963349524,0.9703212174847445,-0.5719166235138211,0.8120206567653356,-4.427516646821095
homo,1-3,0.90,Isomap,0.9781094527363184,0.8680547163477677,0.32368383931083516,8.638185833831143,-1.3885289167128607,-13.825651755560521
homo,2-3,0.90,Isomap,0.9837379212821117,0.9291943587309123,0.19899062764846642,15.86924625590873,-1.53436372401838,-21.323477062452092
homo,1-2,0.95,Isomap,0.8909227306826707,0.9504578817670769,0.9676516272516443,-0.5731189377399882,0.6284712993989267,-4.127227652942783
homo,1-3,0.95,Isomap,0.9781050955414012,0.8915452664324302,0.30250005173002453,12.196687254313245,-0.9319881369541019,-17.338030007760814
homo,2-3,0.95,Isomap,0.984684260131951,0.895471837035219,0.1072926683616779,23.035217042836084,-1.0612676701478203,-28.497345277498646
homo,1-2,0.95,Isomap,0.8951164537941397,0.9539429727221701,0.9704000033793875,-0.574085003571411,0.6367717668564202,-4.121893540087308
homo,1-3,0.95,Isomap,0.9729407083167528,0.8478050745066452,0.2169623430036333,11.892166014550762,-0.913870109273355,-17.018768177268257
homo,2-3,0.95,Isomap,0.9860947442847042,0.9087388242740724,0.2254870607486985,23.424200643072048,-1.7147169509553566,-28.699537662887753
homo,1-2,0.95,Isomap,0.8910266045393056,0.9554894529985128,0.9704593199433781,-0.576359994168598,0.6756734875961536,-4.128996951055085
homo,1-3,0.95,Isomap,0.9745222929936306,0.8427209239860329,0.2514052626347398,12.480267729249432,-0.6615366153065042,-17.701770249651673
homo,2-3,0.95,Isomap,0.982567726737338,0.8947370502174772,0.11945516369027695,24.411924857401143,-0.9658738595569163,-29.918579112551182
homo,1-2,0.95,Isomap,0.8937415578568213,0.9586490041138105,0.9736372094482086,-0.5896345110815979,0.7152354820224636,-4.126758619476118
homo,1-3,0.95,Isomap,0.9765220851571826,0.8560545039602632,0.1574565678595021,11.47283680447531,-0.7609675685328181,-16.624982242478694
homo,2-3,0.95,Isomap,0.9830388692579505,0.932143139580862,0.13729511174443637,22.25854863004077,-1.5988439887193133,-27.578992419093947
homo,1-2,0.05,N2V,0.792073742893415,0.8302505154902892,0.8528820586134881,0.03077588066064534,-15.51796955711144,-37.83311916927616
homo,1-3,0.05,N2V,0.9879932108207783,0.6671832235097276,0.03240845215353268,-3.128458182408959,-16.180806060623937,-28.74671987389363
homo,2-3,0.05,N2V,0.9930546942825251,0.6535819587205576,0.0182428195146775,-3.5656058979753675,-23.178119841392192,-28.355779472511642
homo,1-2,0.05,N2V,0.7954785598258922,0.8348975645831296,0.8561967274805488,0.044122117741820746,-15.413025099529076,-38.894127079085855
homo,1-3,0.05,N2V,0.9881398906187792,0.6524311923380715,0.024014742059312543,-3.2632410369908254,-20.05985579784235,-23.674355062675343
homo,2-3,0.05,N2V,0.9930794989458018,0.6469629688760917,0.017695956655720102,-3.522814049673091,-17.129466243687688,-28.831023503828746
homo,1-2,0.05,N2V,0.7983898311767165,0.8381726998417736,0.8584265512040766,0.02735279608907296,-14.434351736045151,-40.03105111379244
homo,1-3,0.05,N2V,0.9882446619030656,0.612057764712653,0.02061457208761336,-3.217719768971999,-17.7551363247642,-22.874674912842778
homo,2-3,0.05,N2V,0.9930546942825251,0.6521289673262914,0.015672773279555352,-3.595629812552,-21.39720588107735,-27.156068565834598
homo,1-2,0.05,N2V,0.798028702097461,0.8337334480195981,0.8542067192638542,-0.006964796875521946,-15.345673517378108,-39.41611387268958
homo,1-3,0.05,N2V,0.9881398906187792,0.6501105020279214,0.031631593237978074,-3.123285644154043,-19.40431375577644,-29.25482513852849
homo,2-3,0.05,N2V,0.992980280292695,0.6959917292331931,0.031258842873211304,-3.430033985195621,-17.77094430269929,-35.136866865374095
homo,1-2,0.10,N2V,0.8187789284406114,0.8666920336908267,0.8867208048132467,-0.1595952643798197,-23.622651360331133,-26.868575046115776
homo,1-3,0.10,N2V,0.9878348189599876,0.6928901939936796,0.04383960926456416,-2.2409230577559756,-20.04082169328494,-23.772273122267674
homo,2-3,0.10,N2V,0.9930484643782892,0.6957388610598472,0.028512140769774992,-2.53748790465254,-22.063552298748142,-25.01138940414523
homo,1-2,0.10,N2V,0.8191330841526051,0.8693659563670859,0.8892906522682723,-0.15115055841746658,-23.891292424740385,-27.637772233501543
homo,1-3,0.10,N2V,0.9880117670478423,0.68019480901946,0.04359294319154619,-2.3021509418121453,-19.20722085534415,-22.841577314815872
homo,2-3,0.10,N2V,0.9930484643782892,0.6439610840060588,0.02313353583105659,-2.7131186697628817,-18.079879674441532,-21.437674078291185
homo,1-2,0.10,N2V,0.822098095364944,0.87193084097719,0.8920911330421548,-0.18099027612664512,-24.71660219621085,-28.04422287074778
homo,1-3,0.10,N2V,0.9879675300258787,0.6698075413423376,0.03659715309514349,-2.2495362879360643,-20.549834636508958,-23.603519809506736
homo,2-3,0.10,N2V,0.9930222815699212,0.6717676780398509,0.02426505623984801,-2.6085160473792466,-19.684053810144157,-23.667629648983947
homo,1-2,0.10,N2V,0.8194797086368366,0.8688471618777566,0.8903776608660469,-0.22102547857596538,-24.171611585518512,-27.820923183939026
homo,1-3,0.10,N2V,0.9878348189599876,0.6989995747633222,0.04532243736773159,-2.2591195252809735,-19.967096539158984,-24.266604280270712
homo,2-3,0.10,N2V,0.9930353729741052,0.6905643604797305,0.03719735489846064,-2.582119973379719,-19.387910588969792,-24.190805638752938
homo,1-2,0.15,N2V,0.8373901314455484,0.8926033548631593,0.9123335665534659,-0.31285855199544677,-20.747459167092696,-22.370245753925357
homo,1-3,0.15,N2V,0.9878451485983278,0.7372663999546049,0.07714776021750289,-1.463278303525929,-17.792390492901642,-21.675816951182195
homo,2-3,0.15,N2V,0.9929582345684146,0.692884762797755,0.043192469055812366,-1.7740654185220903,-17.954471687675113,-21.369043734630132
homo,1-2,0.15,N2V,0.8375076036074158,0.8923302827206187,0.9125139509504615,-0.32325361680081816,-20.877030637266213,-22.760069191680877
homo,1-3,0.15,N2V,0.9879388276072039,0.714518540290104,0.07324660952211157,-1.6031151567947677,-16.78149791611772,-20.373362207063025
homo,2-3,0.15,N2V,0.9929443728254391,0.6656269346621673,0.03361433227895276,-1.8697782266695246,-16.435749331934623,-20.08000177382843
homo,1-2,0.15,N2V,0.8392764265627617,0.892733844811911,0.9105597051260131,-0.3291504130344633,-20.87684456388166,-22.714377372807856
homo,1-3,0.15,N2V,0.9874938523150425,0.7144554610298822,0.057639953921832576,-1.3813537514334722,-18.341666937626492,-22.075377213178655
homo,2-3,0.15,N2V,0.9929027875965124,0.7093246486905352,0.03175766336405189,-1.6246517689164182,-18.547717605882518,-22.362615059273175
homo,1-2,0.15,N2V,0.8382481288513924,0.893214222741717,0.9128812382097898,-0.35525428875784915,-20.90703948476845,-22.847398715262955
homo,1-3,0.15,N2V,0.9877983090938898,0.7118669670469951,0.07951105655005736,-1.4783936982522399,-18.559451415128688,-22.565638276482233
homo,2-3,0.15,N2V,0.9929998197973413,0.7189723961546062,0.0477319192203343,-1.6873233266476744,-17.70600667191354,-21.388589987531425
homo,1-2,0.20,N2V,0.8493325214295752,0.9078273069327051,0.9277716104213721,-0.4133968231207766,-17.79247812537708,-19.05925379836338
homo,1-3,0.20,N2V,0.9876328165824769,0.7476895763672096,0.09721180646879601,-0.8055192133759361,-15.144747601493293,-19.41806316057648
homo,2-3,0.20,N2V,0.9929304682091993,0.6993754003058794,0.04849886459586948,-1.0672525425367974,-15.079864259300209,-19.03209942357091
homo,1-2,0.20,N2V,0.8491502876093758,0.9077200903704989,0.9288836916831089,-0.40660586084889705,-17.765394896752472,-19.13645480213603
homo,1-3,0.20,N2V,0.9880558389528952,0.7428677206451901,0.09725986489620318,-0.8680595957415147,-14.740877158820844,-18.935624738729924
homo,2-3,0.20,N2V,0.9929010118267375,0.6861721617246976,0.04142934003531326,-1.14315153787055,-14.34806059625206,-18.41932423217053
homo,1-2,0.20,N2V,0.8506697892271663,0.9073353173880495,0.9257519639746066,-0.435914805394852,-17.650415846549816,-19.05657031170992
homo,1-3,0.20,N2V,0.9871849105432104,0.7441888328005748,0.08002837847379742,-0.5171593892137775,-16.339486418562363,-20.785988619249665
homo,2-3,0.20,N2V,0.992503350663505,0.7370262782393932,0.0410751171521799,-0.7087754324373668,-15.67021518074095,-20.131661880828155
homo,1-2,0.20,N2V,0.8494074663918685,0.9080996404067812,0.9278132644685887,-0.4380370178981839,-17.738983191313903,-19.21062611913763
homo,1-3,0.20,N2V,0.9880807226217434,0.7329767196350994,0.1262018784387269,-0.8585413838579447,-15.582301647824096,-19.901694793076086
homo,2-3,0.20,N2V,0.9931220359951692,0.7341625091421176,0.06985847275961952,-0.9370029798478254,-15.125584944162162,-19.48038783930295
homo,1-2,0.25,N2V,0.8574055566660004,0.9174029670065739,0.9366555744875816,-0.4723067960038156,-15.299781192315622,-16.421447622334888
homo,1-3,0.25,N2V,0.9874452554744526,0.7473195343504119,0.11454798325502633,-0.2578271925463219,-12.416263503380886,-17.10427490063213
homo,2-3,0.25,N2V,0.9927734313633079,0.7195195764265216,0.06404273930232854,-0.43126092558528184,-12.771086189916586,-17.39230171271201
homo,1-2,0.25,N2V,0.8575269354548544,0.9179661844455909,0.9386443490936233,-0.47575458917255675,-15.277120467070613,-16.41287111946628
homo,1-3,0.25,N2V,0.9873921698739216,0.7611628168104136,0.13001607621873298,-0.1859038398226274,-12.933767218004595,-17.807662427869953
homo,2-3,0.25,N2V,0.9927734313633079,0.7056770860265172,0.042128893115126936,-0.48393177510568514,-12.134525109939025,-16.734258471964534
homo,1-2,0.25,N2V,0.8572856286228263,0.9172975029169499,0.9369133278580158,-0.48566870955892855,-15.168204763684821,-16.354727913930574
homo,1-3,0.25,N2V,0.9870205706702057,0.7578686037448765,0.12302996666620891,-0.04950941278550314,-12.820472693467034,-17.756446748684876
homo,2-3,0.25,N2V,0.992082318749509,0.7574033972478167,0.046176225533105096,-0.12830623927937249,-12.98089282796023,-18.059741679942196
homo,1-2,0.25,N2V,0.8575312072118892,0.9184210474069836,0.9391087962854849,-0.47577050334287724,-15.333906608229864,-16.50185652457823
homo,1-3,0.25,N2V,0.9872594558725946,0.7406712565715253,0.12529411443009295,-0.24357430123197693,-12.931496708374283,-17.678499375302497
homo,2-3,0.25,N2V,0.9926321577252376,0.7446752964270562,0.0758008881557498,-0.2794111043856626,-12.869436229087441,-17.74564231404614
homo,1-2,0.30,N2V,0.8631715335110882,0.9250664796021721,0.9449612622980016,-0.5198756205074782,-13.461521529460116,-14.442751361109371
homo,1-3,0.30,N2V,0.982140317947843,0.7554180152246243,0.13088329293271345,0.2982015042652707,-10.613543961989404,-15.909892171950082
homo,2-3,0.30,N2V,0.9912807823730411,0.736523699664778,0.08160333233188136,0.17815618610579176,-11.030437480558186,-16.12262494669784
homo,1-2,0.30,N2V,0.8621169767267508,0.9253662228550041,0.9459597704784771,-0.5137045177011148,-13.41541582045158,-14.356658212976749
homo,1-3,0.30,N2V,0.982794414583511,0.7626839235633286,0.13054675917880346,0.19810201578115594,-10.405621809504629,-15.514765905521479
homo,2-3,0.30,N2V,0.9912471174401185,0.7287627947453482,0.04435668250860268,0.1484398734350525,-10.394996011213717,-15.52484514560802
homo,1-2,0.30,N2V,0.8618366800535475,0.9240681400812318,0.9442308713938228,-0.5145514505941355,-13.197193427601936,-14.213661226980966
homo,1-3,0.30,N2V,0.9814862213121748,0.7651674059529752,0.12109437177294423,0.42785858666952303,-10.854093357856014,-16.25963462902818
homo,2-3,0.30,N2V,0.9900016832183134,0.7742120798115026,0.06578996201905002,0.632388553292985,-11.619891178796347,-17.299733564357663
homo,1-2,0.30,N2V,0.8640749665327978,0.9255545739280298,0.9456474890035454,-0.5281248795525724,-13.238202235389629,-14.24804289119489
homo,1-3,0.30,N2V,0.9822256349003213,0.7542274399870591,0.14841843806045563,0.18273303536788524,-10.269323327515421,-15.36505053520342
homo,2-3,0.30,N2V,0.9904224877966672,0.7615758591149365,0.05812731019767347,0.37227018936826906,-11.232100439047912,-16.588723743586556
homo,1-2,0.35,N2V,0.8683251447420017,0.9305452186533645,0.9507109619621457,-0.5460481600505057,-11.779335612183688,-12.614052505087633
homo,1-3,0.35,N2V,0.9804293896052189,0.7728149625476711,0.1267258264264017,0.8109528065169964,-8.994623758155672,-14.68064572718493
homo,2-3,0.35,N2V,0.9907368802682861,0.7593830184261199,0.08767074247330392,0.8647978993476619,-9.641992362403565,-15.446998859984278
homo,1-2,0.35,N2V,0.8687622563156073,0.9314856438251045,0.9512409334655558,-0.5442664805103153,-11.889567549670947,-12.714652477518392
homo,1-3,0.35,N2V,0.9816850938715507,0.7716671019895063,0.14940393342551722,0.630234159879462,-8.716371336538804,-14.210392443853067
homo,2-3,0.35,N2V,0.9906281156530409,0.7552732691910483,0.061488814327631855,0.9327978193072941,-9.444532830272339,-15.30693554270582
homo,1-2,0.35,N2V,0.8680285605527551,0.9301279108271671,0.9495018063817333,-0.5332341837026774,-11.678220694231266,-12.579183025924621
homo,1-3,0.35,N2V,0.9806744050718201,0.7689804164241725,0.12095642413139303,0.9097096181652374,-9.086588039167271,-14.899297891805997
homo,2-3,0.35,N2V,0.9894500235652395,0.7873752692143209,0.08296092294012733,1.3731725145533198,-10.249902101305707,-16.633019774842943
homo,1-2,0.35,N2V,0.8679386759260327,0.9310199715514097,0.9506903341125661,-0.5572261769574085,-11.69681185900766,-12.579105045501015
homo,1-3,0.35,N2V,0.9811644360050228,0.7595139370789951,0.140912296817089,0.6291173034739481,-8.683078963320302,-14.149172313630828
homo,2-3,0.35,N2V,0.9905013957872603,0.7811384613247156,0.05170201828354051,0.8132109629271596,-9.380941160801173,-15.115768131929597
homo,1-2,0.40,N2V,0.8738300823472078,0.9358810994254786,0.9555578292011486,-0.5619679871187333,-10.555060390617259,-11.292565962629277
homo,1-3,0.40,N2V,0.9807226517137264,0.7731663391493884,0.14166190570808151,1.19686748120593,-7.536197006594968,-13.624995438713206
homo,2-3,0.40,N2V,0.9903379745095344,0.7709331040858199,0.09095844899090873,1.3661761979444271,-8.14416723737129,-14.40204115693439
homo,1-2,0.40,N2V,0.8739203799762515,0.9356789066591682,0.9553064310059413,-0.5286427289522639,-10.532676530627256,-11.249164607719354
homo,1-3,0.40,N2V,0.9809549089219948,0.7772939413519936,0.16650147639281537,1.10944440316303,-7.403073163297965,-13.345803027802694
homo,2-3,0.40,N2V,0.9909467606684865,0.7686273349907917,0.07021433888608641,1.3982370276673821,-7.89532390188891,-14.201448682311218
homo,1-2,0.40,N2V,0.8719676044543875,0.9348054441604883,0.9540048084019078,-0.5470500541549684,-10.362577724122554,-11.148951996359155
homo,1-3,0.40,N2V,0.9806894721125452,0.7781950339237648,0.15024863230209967,1.3425490738884414,-7.6302310024893565,-13.820113609055596
homo,2-3,0.40,N2V,0.9896508385373709,0.7934370843401016,0.09177479417963738,1.8874401111804482,-8.680863281305987,-15.589908107565094
homo,1-2,0.40,N2V,0.8730406739831504,0.9353509282493129,0.9550291415979397,-0.5653205368050609,-10.412726898580157,-11.15651148344298
homo,1-3,0.40,N2V,0.9813530641361691,0.7789297859499417,0.16426182403814682,0.9482833805567821,-7.271692121265102,-13.010368209588005
homo,2-3,0.40,N2V,0.9900826770880383,0.7848351302276555,0.06310240239926508,1.473321349114425,-8.22696038927787,-14.576068631288178
homo,1-2,0.45,N2V,0.8781392304965506,0.9390803123759153,0.9579536353325036,-0.5770732602441193,-9.457330637710253,-10.067757702692788
homo,1-3,0.45,N2V,0.9802367249429905,0.7815268005189137,0.1492842013512902,1.6170248367021218,-6.274863541120659,-12.73709400656875
homo,2-3,0.45,N2V,0.989737986588684,0.787093238345881,0.09306778933799925,2.181578280118826,-7.24671262675916,-14.340245138782887
homo,1-2,0.45,N2V,0.8774344007419126,0.9385060305165578,0.9576797181449372,-0.5400407035056703,-9.4174816269946,-10.001002794199742
homo,1-3,0.45,N2V,0.9798747601983567,0.7770195967250014,0.15937654617234834,1.5671239575300329,-6.390746988559977,-12.827838857963183
homo,2-3,0.45,N2V,0.9904663967264391,0.7856424840506989,0.08592993207123999,2.1445600414983095,-6.976517251020483,-14.05804725552727
homo,1-2,0.45,N2V,0.8770453801679939,0.9386243576659363,0.957688642771833,-0.5611869126010242,-9.310121835534439,-10.003650091353226
homo,1-3,0.45,N2V,0.9800912184174329,0.7892624326316675,0.15712437610549193,1.9157222252894504,-6.706974497864684,-13.466446774504995
homo,2-3,0.45,N2V,0.9899524401216847,0.8033911879435252,0.09849520904488784,2.2688874827762278,-7.237012017123239,-14.41259872848959
homo,1-2,0.45,N2V,0.8791614953423985,0.9391883351210712,0.9576818253656557,-0.555585754789074,-9.29119855718609,-9.942031818996448
homo,1-3,0.45,N2V,0.9813581408817781,0.7852232649005537,0.1755794944260677,1.5087774299365189,-6.3344069402657155,-12.668245519188591
homo,2-3,0.45,N2V,0.9899522248644943,0.8003320637332264,0.06476076589833604,2.1087396391097464,-7.052482104268148,-14.063161517660573
homo,1-2,0.50,N2V,0.8798896088312935,0.9417895639554603,0.9603368924600458,-0.5568730838404523,-8.473885960284216,-8.979910557838526
homo,1-3,0.50,N2V,0.9801321866539258,0.7851921452515264,0.16745180501831836,2.144789817475073,-5.337882145695146,-12.34738163709589
homo,2-3,0.50,N2V,0.989513126266673,0.7985204278706446,0.11182794805884126,2.99294071247666,-6.336461992192103,-14.282100749200525
homo,1-2,0.50,N2V,0.8811209793566971,0.9416931867449003,0.9604267853355939,-0.5387537088887431,-8.521988995422932,-8.994133639414075
homo,1-3,0.50,N2V,0.9788182831661093,0.778828206569205,0.16601845723592823,2.1676802860819686,-5.466747697280732,-12.546606167729745
homo,2-3,0.50,N2V,0.9899844464344629,0.7974378292439847,0.08645494011078085,2.7453801055855713,-5.859993321830778,-13.60120368662553
homo,1-2,0.50,N2V,0.8795343394641303,0.9408850897115049,0.9597687991938559,-0.5497535411266815,-8.342825330260455,-8.92916635357866
homo,1-3,0.50,N2V,0.9792156082022696,0.7954176392768137,0.17182206293600172,2.309234585682492,-5.565521702992154,-12.695000965689484
homo,2-3,0.50,N2V,0.9895138676155242,0.8111263203546077,0.101822765984974,2.939993226896101,-6.174228192945935,-14.067865394322219
homo,1-2,0.50,N2V,0.8811763823242554,0.9422787615167925,0.9604242491382544,-0.5541480455380442,-8.427919707093025,-8.931826179691496
homo,1-3,0.50,N2V,0.9797340340818602,0.7831151677494783,0.19094789478178925,1.9153122715310364,-5.218868238265838,-11.940750777714273
homo,2-3,0.50,N2V,0.988877106162366,0.8070115922784007,0.071488616323358,2.831461270468238,-6.093349711061589,-13.90124121956141
homo,1-2,0.55,N2V,0.8833186113564774,0.944011444693049,0.9622241639953701,-0.5671333679513316,-7.705232273717378,-8.121633852133256
homo,1-3,0.55,N2V,0.9811996815004866,0.7908568702418535,0.19800127846398877,2.3862747387857453,-4.219681778455963,-11.490409496953614
homo,2-3,0.55,N2V,0.988478357642253,0.8042556535835998,0.10508645937381769,3.747318673764696,-5.427551489608078,-14.147368902962075
homo,1-2,0.55,N2V,0.8840132708691085,0.9453055228870074,0.9634028943010687,-0.5376014283778311,-7.733260058859621,-8.139943551510164
homo,1-3,0.55,N2V,0.9786763404707132,0.7884898818970463,0.1865558981724726,2.500824504164825,-4.483380887510355,-11.890012629941678
homo,2-3,0.55,N2V,0.9889235120060751,0.7993642412310225,0.0992338662796905,3.407994338269614,-5.002389979560548,-13.420176705797203
homo,1-2,0.55,N2V,0.8839915314984913,0.9444139430294665,0.9625926749477329,-0.5481143371727943,-7.619859198162639,-8.104883712090706
homo,1-3,0.55,N2V,0.9778800212351796,0.808859284084776,0.18631461579466682,2.740417123024756,-4.571456772021263,-12.156021399596517
homo,2-3,0.55,N2V,0.9891606011415406,0.8140196521741868,0.10328473277203626,3.5773078579974302,-5.259082075855879,-13.779220052872716
homo,1-2,0.55,N2V,0.8849777392406329,0.9451008061083047,0.9625940002638079,-0.5540091946375434,-7.630847217439153,-8.104305938449958
homo,1-3,0.55,N2V,0.9791629800035392,0.7834442228914028,0.20307896957668906,2.604386954461049,-4.452349499308407,-11.943572330716766
homo,2-3,0.55,N2V,0.9883221617092585,0.8229832782042563,0.08503249896143268,3.532858605712702,-5.252162818606549,-13.75966808242727
homo,1-2,0.60,N2V,0.885878227605993,0.9460974773612787,0.9638102244737303,-0.553218443009525,-7.033920113752857,-7.3505174107940014
homo,1-3,0.60,N2V,0.9800437941674132,0.7918805110548864,0.19139734976471753,2.8689316567698127,-3.438279433117925,-11.206556163365235
homo,2-3,0.60,N2V,0.987863791681395,0.8079458228061183,0.1084044384313739,4.224694033920202,-4.4223072265608065,-13.641853872068703
homo,1-2,0.60,N2V,0.8876029337284989,0.9477975106849383,0.9657871910304493,-0.5140266616392953,-7.0782653497171095,-7.388464646591995
homo,1-3,0.60,N2V,0.9787488179963171,0.789551346474865,0.19955342698150985,3.0322408910192302,-3.7319088302024244,-11.681810095883339
homo,2-3,0.60,N2V,0.9882751509795257,0.8122156550513209,0.12042708946356993,4.198005728564718,-4.284269889474657,-13.50507578990549
homo,1-2,0.60,N2V,0.886433555939071,0.9472051445734957,0.9647114271168742,-0.5356806976824042,-6.931481495845557,-7.335162704829707
homo,1-3,0.60,N2V,0.9781505076647422,0.8252579346583391,0.22139151051787992,3.2310874148258777,-3.7555190384262787,-11.794183079989388
homo,2-3,0.60,N2V,0.9887481590574374,0.8229215066425242,0.11858465247699432,4.292134071681764,-4.375044472007585,-13.677302912397161
homo,1-2,0.60,N2V,0.887427531473386,0.9476004384081325,0.9641845982425246,-0.5506426004495484,-6.941994571952574,-7.342076801750016
homo,1-3,0.60,N2V,0.978747760302608,0.788566450000129,0.22352225563442427,3.170695866100159,-3.6806403513980146,-11.7718076424641
homo,2-3,0.60,N2V,0.9880699893955461,0.8392155687148906,0.10337326538517205,4.350315594078706,-4.493670750045319,-13.865092882302713
homo,1-2,0.65,N2V,0.8888960342979636,0.9485756802585035,0.9655431575463397,-0.5351956994039448,-6.417139797277717,-6.674217107776926
homo,1-3,0.65,N2V,0.9793527103122689,0.8009985213064776,0.18583140869668566,3.390524862364619,-2.820356443214052,-11.100528150549218
homo,2-3,0.65,N2V,0.9876110961486668,0.8100065401142164,0.10029556537396114,4.933353307221029,-3.6206954446119415,-13.579635109219433
homo,1-2,0.65,N2V,0.8913159981993183,0.9506221438644402,0.9677718422464191,-0.5250366212145536,-6.42219211819155,-6.76463901481463
homo,1-3,0.65,N2V,0.9777588168373151,0.7958471310756272,0.19296600576762396,3.5098380977458143,-2.985420073607901,-11.410080503780188
homo,2-3,0.65,N2V,0.9881485471869634,0.8043542736637065,0.1199152091055349,4.941802511396925,-3.561809269685876,-13.512900528942609
homo,1-2,0.65,N2V,0.8896726196856978,0.9498315167064105,0.9663953844232671,-0.5309114835646689,-6.3844371357648155,-6.7225961022232825
homo,1-3,0.65,N2V,0.9775868934524148,0.8295156485581202,0.24701683973790417,3.7849124520033093,-3.0074592613645135,-11.653918425213389
homo,2-3,0.65,N2V,0.9877802464148657,0.8256724217287221,0.12704775064666393,5.127120376598704,-3.6246564599560984,-13.757271589463901
homo,1-2,0.65,N2V,0.8898803140148428,0.9505529214615277,0.9667593197949962,-0.5427742585847649,-6.352014353864061,-6.6886140477309874
homo,1-3,0.65,N2V,0.9777019340159272,0.7867823828741884,0.2247993006452671,3.674484420082806,-2.993263464488091,-11.578665945825486
homo,2-3,0.65,N2V,0.9878463454869878,0.8354202385564304,0.10658583978967025,5.255233356388529,-3.728205008308002,-14.04696345821672
homo,1-2,0.70,N2V,0.89015606242497,0.9510270577047348,0.9672458639214065,-0.5204965842320052,-5.909612541419412,-6.097252956418758
homo,1-3,0.70,N2V,0.9787643506536599,0.8187716151393611,0.21094936398899186,3.949572557293459,-2.1779735252233317,-11.079582368216517
homo,2-3,0.70,N2V,0.986802827965436,0.8146258368880478,0.0967201791750962,5.984352512494232,-2.954652538857074,-14.053366523834082
homo,1-2,0.70,N2V,0.8943353757659123,0.9528338222242068,0.9696939569027334,-0.5136996656477368,-5.843011876738901,-6.189539826401495
homo,1-3,0.70,N2V,0.9781656490576055,0.7917614219527871,0.21385031977795352,3.9433277570816623,-2.2621126242524854,-11.191635194236625
homo,2-3,0.70,N2V,0.9873909969361301,0.817957824157209,0.13336731604058075,5.985184131133372,-2.896751004073356,-13.91399623438266
homo,1-2,0.70,N2V,0.894072036018009,0.9534507778472162,0.9691270640522553,-0.5243185058281201,-5.8327926103746375,-6.155415298385598
homo,1-3,0.70,N2V,0.9761746748075392,0.8346927422899422,0.264091018820589,4.466384456812852,-2.3817201632605616,-11.783945085823222
homo,2-3,0.70,N2V,0.9872751551331396,0.8270627691892015,0.15035875820502018,6.368071450721198,-3.017739446650284,-14.487627202548293
homo,1-2,0.70,N2V,0.8926176176176176,0.9520570630190268,0.9677706676987406,-0.5236444321876751,-5.831034224284013,-6.114080435371653
homo,1-3,0.70,N2V,0.9781656490576055,0.8012467985918601,0.23877339702971356,4.142264201556065,-2.31705454945011,-11.417829920824953
homo,2-3,0.70,N2V,0.9875490966221524,0.8327225077657638,0.11740914979249573,5.999965690012634,-2.890947888160353,-14.006303947224623
homo,1-2,0.75,N2V,0.892231027857829,0.9523669114026435,0.9675909413771889,-0.5104173849545148,-5.386143148000441,-5.622437305843595
homo,1-3,0.75,N2V,0.976829365395334,0.8081634750066249,0.21237622652296873,4.687821764668035,-1.5987875905510924,-11.366847175201547
homo,2-3,0.75,N2V,0.9865673752179855,0.8191402806969964,0.11741654546016599,7.0030482661942175,-2.2896084469723252,-14.437798087445525
homo,1-2,0.75,N2V,0.8958252048380804,0.9550248925219907,0.9719046093980123,-0.5117006897076951,-5.360395762673756,-5.666422628846146
homo,1-3,0.75,N2V,0.9764274906426694,0.7844251067601322,0.22421470836165114,4.549733062421811,-1.6707294823748582,-11.293013074422785
homo,2-3,0.75,N2V,0.9870386953857756,0.8262752221289664,0.14786741209317697,7.277249129925415,-2.3166371924711138,-14.698076109186694
homo,1-2,0.75,N2V,0.8946025456292027,0.9553889990169171,0.970761775544011,-0.5129194626087543,-5.358836635201941,-5.641001222004276
homo,1-3,0.75,N2V,0.975875796178344,0.8282293849046468,0.2822640617005961,5.174225235980201,-1.7428212065469153,-11.946274295135158
homo,2-3,0.75,N2V,0.9869934024505184,0.8302625925323109,0.1699824011704977,7.386546901756787,-2.3304376312197306,-14.866371682342672
homo,1-2,0.75,N2V,0.8942452093470294,0.954734017367076,0.969733427361639,-0.5177577760008011,-5.356782598458082,-5.602956976282479
homo,1-3,0.75,N2V,0.9785793916228699,0.7960104891863377,0.24076829062347307,4.596882378280381,-1.6792097891780549,-11.338703265279653
homo,2-3,0.75,N2V,0.9868507870675841,0.8420496604158723,0.1277064160375306,7.240877842079211,-2.2434793448390704,-14.683978699184228
homo,1-2,0.80,N2V,0.8937160007503283,0.954025924985994,0.9684359562628482,-0.5077017978562995,-4.934867900438807,-5.184922891310829
homo,1-3,0.80,N2V,0.9761122723200956,0.8394770075637022,0.26787163982255946,5.578960560047969,-1.065315666294585,-11.834087640838803
homo,2-3,0.80,N2V,0.9850930945086024,0.8192073163001671,0.09340091966357647,8.546741827580249,-1.7026814945037345,-15.482186824097722
homo,1-2,0.80,N2V,0.8967729831144465,0.9570555266402802,0.9727992491648431,-0.5006686763039618,-4.915536912078774,-5.209043804350329
homo,1-3,0.80,N2V,0.9748158471033247,0.8057757083842289,0.2402733513052006,5.646669111638095,-1.1312509534992277,-11.965133554596193
homo,2-3,0.80,N2V,0.9874506569257055,0.8256711029770375,0.16007317281890449,8.6830986380467,-1.6411888836818977,-15.59164308212871
homo,1-2,0.80,N2V,0.8961014596075194,0.9575029690542495,0.9717593406955021,-0.49736019860431746,-4.9230430810642,-5.167797846685143
homo,1-3,0.80,N2V,0.9737261146496815,0.8323823193661026,0.2834854437406267,5.812264425311071,-1.1545948838891302,-12.113226293438032
homo,2-3,0.80,N2V,0.9868041237113402,0.8475985909313893,0.17829857791304524,8.94957063313894,-1.7178514027503913,-15.907875994147192
homo,1-2,0.80,N2V,0.8949048173318815,0.9569455963772904,0.9713918621480477,-0.5116011323167964,-4.922542727117455,-5.170445805063562
homo,1-3,0.80,N2V,0.978501045088086,0.8072051368123875,0.26096762900060816,5.506960005836071,-1.1453895266784695,-11.814437900105943
homo,2-3,0.80,N2V,0.9868033462943325,0.8671398481072743,0.16341274413455686,8.971133973563646,-1.6431733159989494,-15.923841005357247
homo,1-2,0.85,N2V,0.8955977988994497,0.9560084864922078,0.9705606665134532,-0.501475916001595,-4.515761427790315,-4.7899527654176985
homo,1-3,0.85,N2V,0.9778367617783676,0.845366036209774,0.3029080444222054,6.794223912514506,-0.5935843925441353,-12.708270144787956
homo,2-3,0.85,N2V,0.9845235289496426,0.8452276393048531,0.10569783713688029,10.781168590370303,-1.1063417430158897,-17.279469541867375
homo,1-2,0.85,N2V,0.8974435939766872,0.9588097461155572,0.9735452410110421,-0.4959236602607105,-4.484423606736909,-4.803358547089224
homo,1-3,0.85,N2V,0.9738518715157951,0.7804709056723561,0.23201479531673957,6.751232506374773,-0.645322595285071,-12.751590843970455
homo,2-3,0.85,N2V,0.984917517674784,0.8118618143459916,0.1451598862316544,10.498709815149573,-1.0492558330819004,-16.949381210795096
homo,1-2,0.85,N2V,0.8985383922314546,0.9599233530671267,0.9738288016797101,-0.49357325961429166,-4.5288583333995085,-4.77820338553922
homo,1-3,0.85,N2V,0.9746516257465162,0.8452100589508245,0.2983060482682458,7.309350110242265,-0.6765062313867471,-13.300997006603916
homo,2-3,0.85,N2V,0.9860183803314744,0.8536628395805669,0.2245653566899135,11.822438270947218,-1.1833584817005849,-18.41006870165119
homo,1-2,0.85,N2V,0.895995995995996,0.9588990197129679,0.9725401816297135,-0.5061244666626024,-4.5062557464263,-4.799705106927428
homo,1-3,0.85,N2V,0.978234903782349,0.8154313207270775,0.29541387619751025,6.5404455990813855,-0.616218769291229,-12.47208916246998
homo,2-3,0.85,N2V,0.9862540256067865,0.8816566903110689,0.18317777719431047,11.645052976609968,-1.117354199081194,-18.221852240167607
homo,1-2,0.90,N2V,0.896939693969397,0.9588504814553823,0.9714398395246158,-0.49787010586383523,-4.094047312171365,-4.452318684317911
homo,1-3,0.90,N2V,0.9785031847133758,0.8535579565432604,0.34153479089866057,8.300025622500199,-0.07508320088442622,-13.941198060813273
homo,2-3,0.90,N2V,0.9825553983969826,0.8608576442887211,0.09592141922556414,14.562036099788033,-0.4718604324140908,-20.724078020241805
homo,1-2,0.90,N2V,0.8976957141784884,0.9610156055978595,0.9746236859260186,-0.4916843776265108,-4.097984700796477,-4.445305910637853
homo,1-3,0.90,N2V,0.973720883933904,0.7932742867288546,0.2858337430047933,8.254371101368351,-0.1268850136815468,-13.936172972723991
homo,2-3,0.90,N2V,0.9857412208343154,0.8324808133554868,0.1503493446245632,14.617854029398199,-0.49252609218498866,-20.769199138967284
homo,1-2,0.90,N2V,0.898009763424709,0.960357883145877,0.9737432136043308,-0.4816816939959463,-4.104045474597095,-4.425944663067905
homo,1-3,0.90,N2V,0.9721337579617835,0.8287033306473275,0.2782537692160256,8.49672639322016,-0.09420051044611463,-14.168682063857295
homo,2-3,0.90,N2V,0.9849198868991518,0.8365680630430455,0.163822503096648,15.200407580898865,-0.5345103465728878,-21.39554466692329
homo,1-2,0.90,N2V,0.9016442675876567,0.9621677732625848,0.9744954821824808,-0.49473507455410654,-4.088898773761586,-4.462837959750881
homo,1-3,0.90,N2V,0.9791044776119403,0.8061027190332326,0.3006213527461834,7.703028677584989,-0.07220334988294849,-13.339129883938146
homo,2-3,0.90,N2V,0.9846806504831487,0.876477569427961,0.18700853208947416,14.93912828843324,-0.5077958864600863,-21.14221291343554
homo,1-2,0.95,N2V,0.8934733683420856,0.9590580731719225,0.9719002537943555,-0.48059724303262735,-3.703287771871059,-4.129151031237082
homo,1-3,0.95,N2V,0.9761146496815286,0.839098976488397,0.30559559208998743,10.238220558589248,0.6082347867031851,-15.715913790087928
homo,2-3,0.95,N2V,0.9842130065975495,0.8661512660040087,0.09577721736863493,21.18440640998229,0.27756289387457117,-27.110620526617282
homo,1-2,0.95,N2V,0.8984222389181067,0.9620076293741942,0.9754779413552139,-0.48223708093479806,-3.674066740614836,-4.1309060034494784
homo,1-3,0.95,N2V,0.9729407083167528,0.7749093838099074,0.21456633845206532,9.845124562372286,0.6339012567161175,-15.302963597755815
homo,2-3,0.95,N2V,0.9844449681828895,0.8699422422660021,0.20756401343645062,20.742916860828164,0.2774465511644101,-26.63942725974466
homo,1-2,0.95,N2V,0.8956861566210732,0.9628492318789157,0.976136687059663,-0.4833233368734247,-3.683476240559512,-4.130300766523929
homo,1-3,0.95,N2V,0.9749203821656051,0.8581251678753693,0.24620679112228624,10.688078940313853,0.5936896693566415,-16.146496571701604
homo,2-3,0.95,N2V,0.9818610129564194,0.8251403716884143,0.10904754723953461,22.617078060158452,0.25743787520758654,-28.558280533024334
homo,1-2,0.95,N2V,0.8970433738556206,0.9645347393282033,0.9759224486415338,-0.4886824781289898,-3.687088396136612,-4.134273259642665
homo,1-3,0.95,N2V,0.9773179466772781,0.8395892066049134,0.13854346577693877,9.327642730784527,0.6313443334619913,-14.761175924022396
homo,2-3,0.95,N2V,0.9818610129564194,0.8688493475682088,0.11225481792549939,19.643605113775838,0.25889073924365763,-25.54053488098723
