,walk_length,d_G,d_H,edge,ground_truth_aprx,classification,correct,inverse,negexp
0,5,2.3498719,0.27673507,"(106, 1)",0,0,True,0.10535838,0.11173534
1,5,2.653224,2.2357159,"(219, 59)",0,0,True,0.45730075,0.39711317
2,5,2.3325806,1.4707869,"(282, 219)",0,0,True,0.3867065,0.29696473
3,5,1.4459875,0.2501,"(4, 5)",1,0,False,0.147457,0.23220763
4,5,2.5674224,0.75708765,"(221, 6)",0,0,True,0.22772908,0.14059767
5,5,2.0136714,1.0671843,"(345, 6)",0,0,True,0.34639218,0.27959186
6,5,1.8741943,0.82581437,"(159, 160)",1,0,False,0.3058562,0.25953633
7,5,1.5859376,0.8451945,"(72, 301)",0,0,True,0.3476547,0.32284167
8,5,1.7770314,1.2174091,"(221, 44)",0,0,True,0.40655643,0.36363485
9,5,1.5763987,1.348415,"(328, 221)",0,0,True,0.46102595,0.44324967
10,5,2.1408718,0.2837462,"(295, 7)",0,0,True,0.117027186,0.13503844
11,5,2.5680218,1.9684,"(9, 8)",1,0,False,0.43391028,0.35443023
12,5,2.868238,1.3966101,"(8, 34)",0,0,True,0.32747006,0.18669532
13,5,2.3518999,1.1177598,"(39, 8)",0,0,True,0.3221526,0.22545764
14,5,2.3851175,1.9799031,"(9, 10)",1,0,False,0.4535839,0.40006015
15,5,2.8667169,0.5836193,"(39, 34)",0,0,True,0.16914852,0.09253253
16,5,2.583473,1.1738156,"(34, 119)",0,0,True,0.3124103,0.19628811
17,5,2.0483768,1.426952,"(59, 58)",1,0,False,0.41059482,0.34945747
18,5,2.4705615,2.479173,"(10, 348)",0,1,False,0.50086987,0.50215286
19,5,2.0782118,2.0069659,"(59, 348)",0,0,True,0.49127993,0.48219603
20,5,1.4929405,0.8288064,"(354, 342)",0,0,True,0.35697532,0.33981156
21,5,2.4113457,1.6602468,"(181, 19)",0,0,True,0.40776348,0.32058188
22,5,2.1103868,2.602774,"(181, 38)",0,1,False,0.5522353,0.6206686
23,5,2.5500324,2.4986272,"(181, 94)",0,0,True,0.49490905,0.48715153
24,5,2.457619,2.8677754,"(181, 97)",0,1,False,0.5385095,0.6011254
25,5,2.8610651,2.5870616,"(181, 100)",0,0,True,0.47485343,0.4319245
26,5,2.8186882,1.6183053,"(184, 181)",0,0,True,0.36473015,0.23140712
27,5,2.612918,1.7563316,"(245, 181)",0,0,True,0.40197557,0.29805306
28,5,1.4150223,1.123872,"(169, 21)",0,0,True,0.442662,0.42772228
29,5,1.4432278,0.8698838,"(168, 169)",1,0,False,0.3760665,0.3604656
30,5,1.8550434,0.85170716,"(23, 24)",1,0,False,0.3146604,0.268286
31,5,1.4601719,0.85085034,"(73, 23)",0,0,True,0.36817053,0.35221398
32,5,1.1787428,0.31914738,"(312, 311)",1,0,False,0.2130646,0.29742387
33,5,2.024688,1.075091,"(25, 26)",1,0,False,0.34682828,0.27896586
34,5,2.3043914,2.440449,"(26, 97)",0,1,False,0.5143374,0.533962
35,5,2.1738698,1.6581511,"(26, 191)",0,0,True,0.4327093,0.37385386
36,5,1.8961769,0.9475304,"(94, 95)",1,0,False,0.3332025,0.2791571
37,5,1.4880481,0.8628172,"(293, 191)",0,0,True,0.3670211,0.3485927
38,5,1.5688688,0.84369564,"(192, 336)",0,0,True,0.34970906,0.32625484
39,5,3.0369194,2.4294727,"(28, 27)",1,0,False,0.44443807,0.35264185
40,5,2.3245826,1.4258844,"(29, 27)",0,0,True,0.38018847,0.28931808
41,5,2.5981078,1.3261178,"(30, 27)",0,0,True,0.33793107,0.21891677
42,5,2.6173782,2.196787,"(68, 28)",0,0,True,0.45631737,0.39637533
43,5,1.7426952,2.0082412,"(28, 279)",0,1,False,0.5353973,0.56599915
44,5,2.2690878,1.2138237,"(68, 31)",0,0,True,0.34850833,0.25821552
45,5,2.4837086,1.4271557,"(187, 272)",0,0,True,0.3649208,0.25796878
46,5,1.4467846,0.28047323,"(350, 188)",0,0,True,0.16238062,0.23752238
47,5,2.6024044,2.5429811,"(68, 67)",1,0,False,0.49422556,0.48514855
48,5,2.302989,1.0912447,"(67, 213)",0,0,True,0.32149956,0.22939256
49,5,2.631883,2.0149796,"(67, 214)",0,0,True,0.43362153,0.35048607
50,5,2.7751186,2.1419537,"(320, 67)",0,0,True,0.4356157,0.34679326
51,5,2.468278,2.1249938,"(68, 206)",0,0,True,0.46263182,0.41501194
52,5,1.7130893,0.8920826,"(279, 278)",1,0,False,0.34242752,0.30554998
53,5,2.3208601,0.30163684,"(49, 47)",0,0,True,0.11501894,0.11719933
54,5,2.2382982,0.3590822,"(314, 315)",1,0,False,0.13824782,0.13247895
55,5,1.5369412,0.6896354,"(33, 32)",1,0,False,0.309729,0.2999983
56,5,1.3711424,0.6434468,"(32, 127)",0,0,True,0.31939355,0.32570064
57,5,1.4043459,0.6307729,"(33, 358)",0,0,True,0.30994403,0.31570673
58,5,2.3794503,1.0062332,"(343, 35)",0,0,True,0.29720238,0.20210056
59,5,2.3339512,2.0274596,"(180, 121)",0,0,True,0.46486324,0.42397135
60,5,2.3911617,2.0936432,"(214, 180)",0,0,True,0.4668304,0.42616427
61,5,2.4060378,2.296932,"(180, 277)",0,0,True,0.4884003,0.47275057
62,5,2.2626214,1.9080789,"(343, 180)",0,0,True,0.45749602,0.4122813
63,5,1.9274124,1.5711476,"(56, 57)",1,0,False,0.44908404,0.411864
64,5,1.981838,0.91119665,"(38, 37)",1,0,False,0.31496224,0.25528115
65,5,1.3527421,2.0386631,"(40, 41)",1,1,True,0.6011264,0.665059
66,5,1.6347263,1.6788987,"(170, 40)",0,1,False,0.5066653,0.5110413
67,5,1.395448,0.9098403,"(52, 41)",0,0,True,0.39467525,0.3809288
68,5,1.3749245,0.69581413,"(322, 170)",0,0,True,0.33602217,0.33645985
69,5,1.1853377,1.0494269,"(43, 42)",1,0,False,0.4695917,0.46607453
70,5,1.5490346,0.9737791,"(42, 199)",0,0,True,0.38598928,0.36002505
71,5,1.7388303,1.1676705,"(46, 45)",1,0,False,0.40174443,0.36096925
72,5,2.576805,1.4186089,"(45, 161)",0,0,True,0.3550593,0.23899518
73,5,2.5154698,2.1561167,"(45, 261)",0,0,True,0.46153843,0.4111162
74,5,2.0421603,1.1802216,"(161, 162)",1,0,False,0.36625752,0.29693446
75,5,2.4016888,1.0622305,"(246, 48)",0,0,True,0.30665565,0.20759915
76,5,2.0956442,1.0543698,"(310, 48)",0,0,True,0.3347191,0.26090416
77,5,1.4583954,0.9495742,"(268, 292)",0,0,True,0.39434645,0.3754699
78,5,1.4837054,0.2856869,"(147, 148)",1,0,False,0.16146046,0.2318279
79,5,1.3738995,0.3558818,"(54, 55)",1,0,False,0.20573805,0.2654137
80,5,2.3032627,1.4345459,"(57, 102)",0,0,True,0.38379326,0.29552135
81,5,2.2496736,1.4877878,"(76, 59)",0,0,True,0.39807442,0.31823695
82,5,1.2975919,0.87923396,"(60, 61)",1,0,False,0.40390643,0.39690974
83,5,1.7521458,0.73864686,"(60, 179)",0,0,True,0.29655093,0.26629567
84,5,1.4520115,1.6614425,"(62, 63)",1,1,True,0.5336332,0.55216724
85,5,1.4910603,2.0392394,"(336, 62)",0,1,False,0.57763916,0.63371307
86,5,2.5243654,1.9633083,"(214, 121)",0,0,True,0.43748912,0.36330292
87,5,1.8871557,0.7133103,"(252, 273)",0,0,True,0.27430093,0.23616064
88,5,1.8861978,1.7432678,"(319, 320)",1,0,False,0.48030978,0.4643282
89,5,2.3396344,1.195925,"(320, 349)",0,0,True,0.33825624,0.24163994
90,5,2.4898143,1.0929434,"(183, 100)",0,0,True,0.30505648,0.19831313
91,5,2.574845,1.5845265,"(206, 135)",0,0,True,0.38095334,0.27084917
92,5,1.8842789,0.9913019,"(277, 70)",0,0,True,0.34473103,0.29049584
93,5,1.7008017,0.3030388,"(257, 176)",0,0,True,0.15122901,0.19817133
94,5,1.3667132,0.5189039,"(72, 71)",1,0,False,0.2751905,0.29989263
95,5,1.6096542,0.5791306,"(71, 250)",0,0,True,0.26459002,0.2629826
96,5,1.4649996,0.27731583,"(131, 78)",0,0,True,0.15916511,0.23367344
97,5,2.1302245,1.0100347,"(130, 81)",0,0,True,0.32164055,0.2459761
98,5,1.7929345,0.9933638,"(126, 130)",0,0,True,0.3565174,0.3101174
99,5,1.7124785,1.0130836,"(319, 351)",0,0,True,0.3716971,0.33194637
100,5,2.1963146,1.7492106,"(265, 86)",0,0,True,0.44334036,0.39004952
101,5,1.6390563,1.6741014,"(158, 265)",0,1,False,0.5052888,0.50876033
102,5,1.2151765,0.30264133,"(91, 90)",1,0,False,0.1993924,0.28648138
103,5,1.3368263,0.27552223,"(346, 114)",0,0,True,0.17088255,0.25706032
104,5,2.339011,1.3799417,"(272, 271)",1,0,False,0.3710565,0.27706456
105,5,1.7540892,0.33008596,"(125, 296)",0,0,True,0.15837726,0.19403477
106,5,1.9385003,1.5014952,"(134, 135)",1,0,False,0.43648174,0.39245483
107,5,2.555921,1.369263,"(121, 120)",1,0,False,0.34884048,0.23385715
108,5,1.9769762,0.97883683,"(281, 134)",0,0,True,0.33115655,0.26930743
109,5,1.2819518,0.26185066,"(123, 124)",1,0,False,0.16961409,0.26500773
110,5,0.96857274,0.4965785,"(344, 133)",0,0,True,0.33892643,0.38414437
111,5,0.99435985,0.5123338,"(140, 141)",1,0,False,0.34003845,0.38177383
112,5,1.6871527,0.34244835,"(177, 247)",0,0,True,0.16872692,0.2067375
113,5,1.7562658,1.2865468,"(158, 157)",1,0,False,0.42281497,0.38468277
114,5,1.9248114,1.8148655,"(298, 157)",0,0,True,0.48530012,0.47254118
115,5,2.1581771,1.6781248,"(272, 298)",0,0,True,0.43743291,0.38223976
116,5,1.5729347,1.3410863,"(159, 299)",0,0,True,0.46021846,0.44229615
117,5,1.8388597,1.0323111,"(223, 299)",0,0,True,0.35954362,0.30862647
118,5,2.2727308,0.6380278,"(273, 200)",0,0,True,0.21919638,0.1631871
119,5,2.1801567,0.8413111,"(339, 200)",0,0,True,0.2784445,0.20769997
120,5,1.7339685,0.8624643,"(223, 163)",0,0,True,0.33217278,0.29494143
121,5,1.9961603,1.2069812,"(164, 338)",0,0,True,0.37681168,0.31234497
122,5,1.8504598,1.3646277,"(232, 166)",0,0,True,0.42444497,0.38087595
123,5,1.7125372,1.3959697,"(329, 166)",0,0,True,0.4490805,0.42151254
124,5,1.7807412,1.7835621,"(230, 232)",0,1,False,0.5003957,0.5007052
125,5,1.6968695,1.4755306,"(342, 329)",0,0,True,0.46511492,0.4448901
126,5,1.5969248,0.8368853,"(243, 253)",0,0,True,0.3438581,0.3186377
127,5,1.4593478,0.76445067,"(294, 186)",0,0,True,0.34375897,0.33294454
128,5,1.5675586,0.5828436,"(365, 186)",0,0,True,0.27103934,0.2719572
129,5,1.4267477,0.8867776,"(172, 171)",1,0,False,0.38330147,0.36819452
130,5,1.5366025,1.3186764,"(171, 341)",0,0,True,0.46183804,0.4457331
131,5,1.6061244,1.5854986,"(341, 368)",0,0,True,0.49676874,0.4948437
132,5,1.8549948,0.8065595,"(365, 359)",0,0,True,0.3030408,0.2595257
133,5,1.6390935,0.8546489,"(198, 330)",0,0,True,0.34271738,0.31336278
134,5,1.4159247,0.46750152,"(287, 330)",0,0,True,0.24821866,0.27920204
135,5,1.2042094,0.85472274,"(280, 204)",0,0,True,0.41512915,0.41350693
136,5,1.4123926,0.49580783,"(280, 275)",0,0,True,0.25983006,0.28565428
137,5,1.3930237,0.98695743,"(212, 211)",1,0,False,0.41469127,0.39985573
138,5,1.4103229,0.97452533,"(222, 212)",0,0,True,0.408632,0.39274278
139,5,1.981703,1.0350137,"(231, 230)",1,0,False,0.34309277,0.27955112
140,5,1.5295663,0.9151137,"(302, 308)",0,0,True,0.3743286,0.35104415
141,5,2.0637712,0.8841186,"(236, 234)",0,0,True,0.29991576,0.23511468
142,5,0.72945434,0.98498034,"(235, 237)",0,1,False,0.5745219,0.56353617
143,5,1.2525566,0.8292452,"(248, 236)",0,0,True,0.39833057,0.39572465
144,5,1.5594621,0.85582876,"(238, 237)",1,0,False,0.35433775,0.33100715
145,5,1.2630601,0.37794533,"(242, 243)",1,0,False,0.23031327,0.292119
146,5,1.2421725,0.7335987,"(242, 244)",0,0,True,0.3712974,0.37552792
147,5,1.4856392,0.89916956,"(267, 268)",1,0,False,0.37704054,0.35744527
148,5,1.4670253,0.82017285,"(275, 274)",1,0,False,0.3585928,0.34369922
149,5,1.9617947,0.86084074,"(287, 283)",0,0,True,0.30497763,0.24956118
150,5,1.4746704,0.94412893,"(307, 308)",1,0,False,0.39032957,0.3703906
151,5,1.4343424,0.28928983,"(334, 335)",1,0,False,0.16783734,0.24139392
152,5,0.8133843,0.8715199,"(368, 367)",1,1,True,0.5172519,0.5145298
153,5,1.8170617,1.9772793,"(338, 3)",0,1,False,0.5211127,0.53996897
154,5,2.5568662,2.1809285,"(261, 338)",0,0,True,0.46032566,0.40710706
155,5,1.9435068,2.1253164,"(10, 36)",0,1,False,0.5223418,0.5453276
156,5,1.6203351,1.7384385,"(337, 36)",0,1,False,0.5175813,0.5294916
157,5,1.0413841,1.9080076,"(220, 251)",0,1,False,0.6469157,0.7040426
158,5,0.28102902,1.877596,"(318, 17)",0,1,False,0.86981106,0.831538
159,5,1.373728,1.6395966,"(333, 337)",0,1,False,0.5441155,0.56607836
160,5,2.1735537,2.105201,"(57, 333)",0,0,True,0.49201253,0.48291847
161,5,0.23835935,1.566165,"(355, 103)",0,1,False,0.8679101,0.79047745
162,5,2.2515285,2.129647,"(226, 62)",0,0,True,0.4860903,0.4695673
163,5,1.6590585,1.7619596,"(139, 226)",0,1,False,0.5150395,0.52570254
164,5,0.6633131,1.3919052,"(82, 84)",0,1,False,0.6772542,0.67449623
165,5,0.37776107,1.9131124,"(193, 83)",0,1,False,0.8351017,0.82278794
166,5,1.8454834,1.7356362,"(86, 189)",0,0,True,0.484663,0.47256577
167,5,1.6892488,1.502623,"(190, 189)",1,0,False,0.47076544,0.4534785
168,5,0.68699837,1.270853,"(93, 92)",1,1,True,0.64910597,0.6419539
169,5,0.92001575,0.80138403,"(364, 93)",0,0,True,0.46554205,0.47037676
170,5,0.31326547,1.6619947,"(233, 116)",0,1,False,0.84140545,0.79392177
171,5,2.673339,1.67887,"(182, 100)",0,0,True,0.38575122,0.27003032
172,5,1.1830438,1.2673473,"(266, 182)",0,1,False,0.517202,0.5210634
173,5,0.24401584,1.6007909,"(327, 317)",0,1,False,0.8677282,0.79523504
174,5,0.91501987,0.9627391,"(149, 220)",0,1,False,0.5127064,0.51192755
175,5,1.0357461,1.570403,"(150, 217)",0,1,False,0.6025761,0.6305686
176,5,1.0292658,1.362937,"(129, 128)",1,1,True,0.5697414,0.5826524
177,5,1.1587694,1.4137657,"(153, 128)",0,1,False,0.54956126,0.56340593
178,5,1.1009313,1.3440216,"(254, 255)",1,1,True,0.54971266,0.56047505
179,5,0.99083436,1.410372,"(139, 138)",1,1,True,0.5873598,0.60337263
180,5,1.0062013,1.5289809,"(217, 218)",1,1,True,0.6031049,0.6277975
181,5,1.0218934,1.9023097,"(190, 207)",0,1,False,0.6505395,0.7069084
182,5,0.33450288,1.2987399,"(194, 356)",0,1,False,0.795191,0.7239693
183,5,2.377448,1.3061312,"(196, 254)",0,0,True,0.35458207,0.25515276
184,5,2.062559,1.933613,"(261, 196)",0,0,True,0.48386633,0.46780813
185,5,0.27536023,1.1095719,"(228, 227)",1,1,True,0.8011742,0.6972447
186,10,4.446684,1.3694544,"(1, 77)",0,0,True,0.23545769,0.04405635
187,10,3.6398988,0.7921118,"(321, 1)",0,0,True,0.17872515,0.054795824
188,10,2.1381586,1.3250692,"(106, 105)",1,0,False,0.38261104,0.3072326
189,10,1.9665544,1.298148,"(322, 321)",1,0,False,0.39763138,0.33885378
190,10,2.4093776,1.018528,"(4, 5)",1,0,False,0.29712838,0.19927216
191,10,3.0747433,1.8376527,"(4, 6)",0,0,True,0.37408483,0.22494282
192,10,3.509324,1.8711487,"(4, 301)",0,0,True,0.3477666,0.1627135
193,10,2.3666599,1.4990952,"(6, 5)",1,0,False,0.38778847,0.2957613
194,10,3.2686646,2.1875625,"(221, 6)",0,0,True,0.4009295,0.2532975
195,10,2.7272012,2.3753085,"(345, 6)",0,0,True,0.4655177,0.4129235
196,10,2.3317237,1.387175,"(328, 221)",0,0,True,0.3730069,0.27998242
197,10,2.223485,1.2123808,"(328, 345)",0,0,True,0.35286033,0.2667638
198,10,4.3180103,2.5174289,"(8, 7)",1,0,False,0.36829072,0.14178032
199,10,3.3934927,2.0050654,"(295, 7)",0,0,True,0.3714076,0.19965895
200,10,4.33526,1.9884812,"(8, 34)",0,0,True,0.31444696,0.08732216
201,10,3.9467494,2.444089,"(8, 58)",0,0,True,0.38243634,0.18202904
202,10,2.9228573,1.9431577,"(9, 295)",0,0,True,0.39933243,0.2729514
203,10,3.2028987,2.4512613,"(110, 295)",0,0,True,0.4335324,0.32046464
204,10,4.7975197,2.1094108,"(39, 34)",0,0,True,0.30540496,0.063678674
205,10,4.1671557,1.9154397,"(39, 20)",0,0,True,0.31490502,0.09520155
206,10,3.8404,1.837779,"(39, 37)",0,0,True,0.3236564,0.11892802
207,10,3.3597238,2.46376,"(10, 348)",0,0,True,0.4230732,0.2898806
208,10,3.649096,1.7032173,"(59, 348)",0,0,True,0.31822076,0.12500344
209,10,1.5462497,1.5473316,"(14, 13)",1,1,True,0.5001748,0.5002704
210,10,1.833217,1.370378,"(300, 14)",0,0,True,0.42776254,0.38631254
211,10,2.3572004,0.3421892,"(15, 16)",1,0,False,0.1267654,0.117635824
212,10,1.5712385,0.4563508,"(125, 117)",0,0,True,0.22507064,0.24696079
213,10,3.315648,1.1869613,"(19, 20)",1,0,False,0.26361632,0.10633973
214,10,5.4544992,2.1785321,"(181, 94)",0,0,True,0.28540853,0.036404923
215,10,5.1426415,2.8814986,"(181, 97)",0,0,True,0.3591037,0.09439262
216,10,4.828351,2.5391762,"(181, 100)",0,0,True,0.3446443,0.09202348
217,10,2.0061493,0.28050116,"(21, 22)",1,0,False,0.12266901,0.15114509
218,10,1.9313194,1.400406,"(168, 169)",1,0,False,0.42032456,0.3703039
219,10,1.7518172,0.9232543,"(23, 24)",1,0,False,0.34513256,0.30394903
220,10,1.751812,0.85262793,"(311, 24)",0,0,True,0.32737476,0.2892182
221,10,1.9839897,0.45165613,"(361, 73)",0,0,True,0.18543588,0.1776525
222,10,1.4426445,1.2136029,"(312, 311)",1,0,False,0.45688626,0.4429886
223,10,3.5436146,0.51848286,"(25, 95)",0,0,True,0.1276392,0.046303324
224,10,5.52712,3.5235164,"(28, 27)",1,0,False,0.38931146,0.11882506
225,10,4.9886327,2.8853385,"(29, 27)",0,0,True,0.36644006,0.10877706
226,10,5.533507,3.5267928,"(30, 27)",0,0,True,0.38925785,0.11849979
227,10,4.63887,2.9533823,"(31, 27)",0,0,True,0.3889995,0.15637021
228,10,4.982321,3.9018497,"(187, 27)",0,0,True,0.43919122,0.2534169
229,10,3.5702133,1.4039121,"(28, 279)",0,0,True,0.282243,0.10281774
230,10,3.3266575,1.7862815,"(315, 29)",0,0,True,0.3493649,0.1764806
231,10,3.774053,1.6414545,"(30, 184)",0,0,True,0.30310258,0.10596854
232,10,4.443256,1.9284673,"(68, 31)",0,0,True,0.30266026,0.07482792
233,10,3.9156265,1.6883156,"(188, 187)",1,0,False,0.30127284,0.097324625
234,10,4.805335,2.8078952,"(68, 67)",1,0,False,0.36881784,0.11947199
235,10,4.2097974,3.7043965,"(67, 213)",0,0,True,0.46806997,0.3762723
236,10,5.33388,2.8747563,"(67, 214)",0,0,True,0.3502112,0.07877391
237,10,4.9688435,2.1083171,"(252, 67)",0,0,True,0.29790437,0.054139744
238,10,4.5817575,3.5778382,"(320, 67)",0,0,True,0.43848228,0.26817152
239,10,4.2232127,1.7633679,"(292, 49)",0,0,True,0.29455343,0.07872159
240,10,3.796217,1.7719706,"(313, 49)",0,0,True,0.31823114,0.11668062
241,10,4.5142403,2.7752936,"(49, 314)",0,0,True,0.38072306,0.14944677
242,10,3.4013374,2.151954,"(314, 315)",1,0,False,0.38750964,0.22280689
243,10,1.9745762,0.4687191,"(33, 32)",1,0,False,0.19183889,0.18155357
244,10,1.7182451,0.38412032,"(127, 126)",1,0,False,0.18270864,0.20847787
245,10,1.9466062,1.2172537,"(132, 358)",0,0,True,0.38473693,0.3253368
246,10,3.081005,0.48185182,"(118, 119)",1,0,False,0.13524309,0.06919293
247,10,4.2052827,2.244209,"(180, 121)",0,0,True,0.3479668,0.123350896
248,10,4.4073377,1.8880361,"(180, 176)",0,0,True,0.29990852,0.074516095
249,10,3.846513,2.2826564,"(214, 180)",0,0,True,0.37242508,0.17309396
250,10,3.4415023,1.7510964,"(69, 70)",1,0,False,0.33722928,0.15572245
251,10,2.5901105,1.8019216,"(40, 41)",1,0,False,0.41027057,0.31255767
252,10,2.2560582,1.9551513,"(170, 40)",0,0,True,0.4642731,0.42533582
253,10,1.7599789,1.820645,"(52, 41)",0,1,False,0.5084714,0.5151619
254,10,1.9529306,1.9819025,"(53, 52)",1,1,True,0.5036815,0.5072425
255,10,1.9258624,0.6693777,"(185, 43)",0,0,True,0.25792518,0.22157961
256,10,2.4196723,2.2488852,"(46, 45)",1,0,False,0.4817088,0.45740673
257,10,4.248458,2.510985,"(45, 161)",0,0,True,0.37147808,0.14963418
258,10,3.4232767,2.4390273,"(196, 45)",0,0,True,0.41605264,0.27204946
259,10,4.098093,1.7123668,"(161, 162)",1,0,False,0.2947042,0.08426764
260,10,2.1856253,2.1128173,"(161, 200)",0,0,True,0.49153087,0.48180604
261,10,3.6680021,1.8770298,"(48, 47)",1,0,False,0.33850655,0.14295354
262,10,3.3229246,1.7667382,"(246, 48)",0,0,True,0.34712282,0.17419454
263,10,3.777563,1.593976,"(310, 48)",0,0,True,0.29674473,0.10123408
264,10,3.7388291,1.2163725,"(278, 310)",0,0,True,0.24547385,0.07429881
265,10,1.8998239,1.2985623,"(268, 292)",0,0,True,0.40600544,0.35405514
266,10,2.3425264,2.4837568,"(314, 276)",0,1,False,0.5146314,0.53524905
267,10,1.3191652,1.3571619,"(147, 53)",0,1,False,0.5070987,0.50949806
268,10,2.2989354,0.3026055,"(54, 55)",1,0,False,0.116317794,0.1195888
269,10,2.266292,0.44298908,"(201, 79)",0,0,True,0.16350798,0.13903798
270,10,1.7900282,1.6224723,"(105, 102)",0,0,True,0.4754497,0.45820874
271,10,3.4088757,1.5043558,"(76, 59)",0,0,True,0.3061846,0.12959775
272,10,2.5755267,1.4710906,"(60, 179)",0,0,True,0.36353588,0.24890961
273,10,2.2967682,0.34582257,"(61, 109)",0,0,True,0.13086498,0.1244503
274,10,3.7498438,2.3315797,"(179, 121)",0,0,True,0.38339373,0.19493386
275,10,3.19872,1.7281437,"(281, 213)",0,0,True,0.3507594,0.18685505
276,10,4.5903335,2.3254821,"(214, 121)",0,0,True,0.33625567,0.0940761
277,10,3.6910968,1.7970953,"(319, 320)",1,0,False,0.3274476,0.13078889
278,10,4.0945444,1.9667145,"(320, 349)",0,0,True,0.32447293,0.10642117
279,10,4.7132754,2.1569407,"(183, 100)",0,0,True,0.31395528,0.07200207
280,10,4.7207026,0.74267906,"(206, 135)",0,0,True,0.1359376,0.018378511
281,10,3.6324267,1.2326015,"(206, 205)",1,0,False,0.2533596,0.08318602
282,10,2.851319,1.5861303,"(277, 70)",0,0,True,0.35744187,0.22008196
283,10,3.0736578,2.1660333,"(257, 176)",0,0,True,0.4133895,0.28748617
284,10,1.7959964,0.6166484,"(72, 71)",1,0,False,0.2555902,0.23516944
285,10,1.9687701,0.4323591,"(131, 91)",0,0,True,0.1800649,0.17705762
286,10,2.605694,2.891613,"(80, 81)",1,1,True,0.5260054,0.5709967
287,10,2.9889264,2.9007337,"(130, 81)",0,0,True,0.4925129,0.4779661
288,10,3.0689478,2.548807,"(257, 81)",0,0,True,0.45370564,0.37281927
289,10,3.5211341,2.8578646,"(81, 351)",0,0,True,0.4480115,0.34000555
290,10,2.40986,0.27452332,"(332, 88)",0,0,True,0.10226681,0.10570944
291,10,1.7190605,0.6271517,"(90, 173)",0,0,True,0.2673039,0.25125897
292,10,3.3627822,2.12126,"(272, 271)",1,0,False,0.38680595,0.22417112
293,10,3.6862247,1.0117006,"(134, 135)",1,0,False,0.21535051,0.06449346
294,10,2.0171797,0.4346254,"(210, 123)",0,0,True,0.1772675,0.17043403
295,10,2.6212156,1.5368588,"(296, 140)",0,0,True,0.36960828,0.25268245
296,10,2.6930778,1.4380958,"(297, 296)",1,0,False,0.34810832,0.22183892
297,10,1.9665225,1.038433,"(132, 133)",1,0,False,0.34557348,0.2833125
298,10,1.3382516,1.1176136,"(344, 133)",0,0,True,0.45507935,0.44506317
299,10,1.4512869,0.38407177,"(177, 148)",0,0,True,0.20926252,0.25593305
300,10,2.4184415,0.70767933,"(158, 157)",1,0,False,0.22637619,0.15306488
301,10,3.7234676,2.1501732,"(272, 298)",0,0,True,0.3660716,0.17174727
302,10,3.28173,1.2866426,"(223, 299)",0,0,True,0.28164133,0.11971969
303,10,3.57543,1.5110689,"(339, 200)",0,0,True,0.2970745,0.11260931
304,10,2.279418,1.280044,"(163, 164)",1,0,False,0.3596173,0.2690645
305,10,3.1472163,3.1411145,"(164, 338)",0,0,True,0.49951482,0.4984745
306,10,3.3499503,1.5355034,"(222, 223)",1,0,False,0.31430107,0.14010154
307,10,2.537184,0.65456027,"(166, 165)",1,0,False,0.20507917,0.1320878
308,10,2.447816,1.166059,"(230, 232)",0,0,True,0.3226617,0.2172513
309,10,1.8670186,1.1545002,"(243, 253)",0,0,True,0.38209268,0.32904258
310,10,2.1328733,1.7295579,"(168, 186)",0,0,True,0.44778994,0.40051606
311,10,3.2475948,1.8773632,"(294, 186)",0,0,True,0.36631778,0.20258242
312,10,2.2015448,1.6865109,"(365, 186)",0,0,True,0.43376717,0.3740142
313,10,1.5701565,0.31532428,"(171, 341)",0,0,True,0.16723813,0.22186479
314,10,1.3084775,1.5541502,"(172, 316)",0,1,False,0.54291034,0.56111115
315,10,2.4832406,1.5306265,"(316, 195)",0,0,True,0.38133463,0.27835944
316,10,3.6293275,1.5645959,"(272, 306)",0,0,True,0.30123585,0.11257229
317,10,1.6658049,1.2285951,"(198, 330)",0,0,True,0.42447314,0.39240605
318,10,2.5195234,1.4356447,"(287, 330)",0,0,True,0.36297947,0.25277272
319,10,1.8307945,0.5009687,"(280, 275)",0,0,True,0.21484545,0.20918821
320,10,1.1418703,1.3560394,"(212, 211)",1,1,True,0.5428696,0.5533385
321,10,2.2960021,1.7779408,"(211, 303)",0,0,True,0.4364177,0.37330568
322,10,2.1846259,2.4029055,"(222, 212)",0,1,False,0.52379054,0.55435425
323,10,3.3460717,1.940335,"(282, 283)",1,0,False,0.3670423,0.19690737
324,10,2.9220529,1.6132523,"(302, 230)",0,0,True,0.3557098,0.21268761
325,10,2.3138883,1.2527406,"(306, 231)",0,0,True,0.3512394,0.2570902
326,10,2.366395,2.1797917,"(302, 308)",0,0,True,0.47947696,0.4534841
327,10,2.1122043,1.9700056,"(235, 234)",1,0,False,0.4825831,0.4645101
328,10,1.9253733,2.136805,"(236, 234)",0,1,False,0.5260244,0.55266196
329,10,1.1123849,1.5469124,"(235, 237)",0,1,False,0.58169967,0.6069543
330,10,2.1656084,1.5521016,"(248, 236)",0,0,True,0.41748863,0.35125965
331,10,1.361184,1.6104107,"(248, 249)",1,1,True,0.54193485,0.56198615
332,10,2.2736876,0.8118548,"(242, 243)",1,0,False,0.26311576,0.18818717
333,10,1.5067782,1.1546897,"(242, 244)",0,0,True,0.43385443,0.41287607
334,10,1.5289434,1.4396783,"(259, 267)",0,0,True,0.4849652,0.47769856
335,10,1.8975894,1.3814613,"(274, 276)",0,0,True,0.42129916,0.37375802
336,10,2.6132977,1.9597362,"(286, 283)",0,0,True,0.4285418,0.3421874
337,10,3.0701401,2.2769794,"(287, 283)",0,0,True,0.4258329,0.3114904
338,10,2.3398643,1.1225404,"(286, 340)",0,0,True,0.32420832,0.22840774
339,10,1.9061046,1.9216344,"(297, 307)",0,1,False,0.5020286,0.5038824
340,10,1.8934208,1.3603064,"(307, 308)",1,0,False,0.41807634,0.36979082
341,10,1.4938389,0.53955984,"(334, 366)",0,0,True,0.26534876,0.27802506
342,10,1.3538071,0.2983491,"(368, 367)",1,0,False,0.18058166,0.25817838
343,10,3.0843253,2.5765634,"(2, 3)",1,0,False,0.4551517,0.3757183
344,10,1.799745,1.5817419,"(2, 216)",0,0,True,0.46776524,0.4457141
345,10,3.0433528,2.7106762,"(260, 3)",0,0,True,0.47109184,0.4175895
346,10,3.172125,2.7883227,"(338, 3)",0,0,True,0.46780422,0.40521017
347,10,1.9972266,1.7668897,"(260, 87)",0,0,True,0.4694036,0.442669
348,10,2.2578874,2.958888,"(251, 10)",0,1,False,0.56718713,0.6684096
349,10,0.5847918,1.5518007,"(337, 36)",0,1,False,0.726297,0.7245229
350,10,1.8671724,1.192017,"(18, 17)",1,0,False,0.38965127,0.33734342
351,10,2.5543687,2.5457237,"(363, 40)",0,0,True,0.49915248,0.49783874
352,10,2.573206,1.9182523,"(57, 333)",0,0,True,0.427089,0.34187412
353,10,1.6229577,2.858393,"(103, 84)",0,1,False,0.6378419,0.7747684
354,10,1.717471,2.5493934,"(355, 103)",0,1,False,0.5974864,0.6967612
355,10,1.5983839,1.9070237,"(284, 64)",0,1,False,0.5440234,0.5765532
356,10,0.690037,1.9727275,"(284, 285)",1,1,True,0.74085695,0.78290737
357,10,0.8339073,2.3113756,"(193, 194)",1,1,True,0.7348705,0.81418985
358,10,2.2472844,2.2835734,"(86, 189)",0,1,False,0.50400466,0.50907123
359,10,1.4913586,1.896502,"(93, 92)",1,1,True,0.55979335,0.5999228
360,10,2.120749,1.3274318,"(364, 93)",0,0,True,0.3849658,0.31145683
361,10,1.2312332,1.9253428,"(208, 98)",0,1,False,0.6099466,0.66688055
362,10,0.477039,2.5508053,"(113, 111)",0,1,False,0.8424493,0.88832706
363,10,1.78004,2.7337663,"(208, 207)",1,1,True,0.6056454,0.721864
364,10,3.459138,2.1123273,"(182, 100)",0,0,True,0.37913316,0.2063923
365,10,1.8733343,1.8363856,"(327, 317)",0,0,True,0.49502,0.4907639
366,10,2.2199578,1.5343246,"(153, 317)",0,0,True,0.40868655,0.33500522
367,10,1.1698003,1.8015873,"(139, 138)",1,1,True,0.6063118,0.6528945
368,10,1.7569427,1.6433308,"(209, 138)",0,0,True,0.4832937,0.47162756
369,10,1.7790762,2.868406,"(207, 209)",0,1,False,0.6171957,0.74825555
370,10,2.6495519,2.4349,"(196, 254)",0,0,True,0.4788913,0.44654214
371,10,1.9562497,2.5186486,"(261, 196)",0,1,False,0.56283927,0.6370074
372,10,2.6786683,1.3823692,"(219, 218)",1,0,False,0.34039804,0.21478851
373,10,1.8034902,2.0891542,"(285, 288)",0,1,False,0.5366928,0.5709343
374,15,5.9770637,2.1323342,"(106, 1)",0,0,True,0.26294604,0.02094415
375,15,5.4487286,2.38915,"(76, 77)",1,0,False,0.30482098,0.044805735
376,15,3.3736134,1.4751011,"(106, 105)",1,0,False,0.30422518,0.13027695
377,15,5.2171764,2.9802012,"(282, 219)",0,0,True,0.36355543,0.09647889
378,15,3.487717,1.7659034,"(322, 321)",1,0,False,0.33613077,0.15163773
379,15,4.933952,3.508517,"(4, 5)",1,0,False,0.4155795,0.19381098
380,15,5.2472787,4.002679,"(4, 6)",0,0,True,0.43272403,0.22363634
381,15,6.724205,3.7321916,"(160, 4)",0,0,True,0.35692903,0.047787987
382,15,5.52841,3.5849469,"(4, 301)",0,0,True,0.3933728,0.1252679
383,15,6.265524,2.8719852,"(221, 6)",0,0,True,0.31430724,0.032498006
384,15,5.376867,3.0192418,"(345, 6)",0,0,True,0.35960016,0.08646161
385,15,4.719386,3.1713922,"(221, 44)",0,0,True,0.4019112,0.17537619
386,15,7.074694,2.8720827,"(8, 7)",1,0,False,0.28874505,0.0147360675
387,15,7.569768,4.1576834,"(9, 8)",1,0,False,0.35452574,0.03191992
388,15,8.02139,3.284148,"(8, 58)",0,0,True,0.2904902,0.008686662
389,15,5.8059964,3.4435396,"(9, 295)",0,0,True,0.37229323,0.08608072
390,15,5.587338,5.346924,"(9, 10)",1,0,False,0.4890064,0.44018432
391,15,8.248941,2.7342951,"(39, 34)",0,0,True,0.24895166,0.0040111965
392,15,7.4859056,2.4120324,"(34, 119)",0,0,True,0.24369039,0.006219214
393,15,9.379758,2.9684787,"(34, 180)",0,0,True,0.24039698,0.0016402269
394,15,7.6291423,1.8598661,"(39, 20)",0,0,True,0.19600216,0.0031123
395,15,6.584932,3.4780023,"(59, 58)",1,0,False,0.3456251,0.04282232
396,15,4.673826,5.167065,"(10, 348)",0,1,False,0.5250607,0.62086916
397,15,5.9007826,3.6185915,"(59, 348)",0,0,True,0.38012913,0.092608675
398,15,2.862766,0.9468079,"(14, 13)",1,0,False,0.2485338,0.12831298
399,15,4.5057755,1.3598909,"(354, 13)",0,0,True,0.2318391,0.04125375
400,15,3.9373906,1.364283,"(300, 14)",0,0,True,0.2573306,0.070889354
401,15,2.4051402,1.355825,"(117, 16)",0,0,True,0.36049917,0.2593566
402,15,2.7586896,1.0647738,"(122, 16)",0,0,True,0.2784841,0.15526155
403,15,6.4102507,1.7757858,"(19, 20)",1,0,False,0.21692865,0.0096179005
404,15,9.455731,4.2894855,"(181, 94)",0,0,True,0.31207114,0.0056735766
405,15,10.630331,5.9801106,"(181, 97)",0,0,True,0.36002117,0.0094689755
406,15,8.6994505,5.069732,"(181, 100)",0,0,True,0.36819413,0.025838327
407,15,10.559833,4.894129,"(184, 181)",0,0,True,0.3166909,0.003450761
408,15,3.2385607,1.9464185,"(262, 22)",0,0,True,0.37539563,0.21549046
409,15,2.748958,1.3549895,"(168, 169)",1,0,False,0.33016732,0.19877495
410,15,4.9588623,3.35907,"(262, 99)",0,0,True,0.40383473,0.16801065
411,15,3.4029639,1.5377158,"(361, 73)",0,0,True,0.3112357,0.13409251
412,15,6.4991755,1.1600157,"(26, 191)",0,0,True,0.15145408,0.0047769723
413,15,3.1617744,2.6309245,"(293, 191)",0,0,True,0.4541794,0.37031868
414,15,4.2467184,2.1748674,"(192, 336)",0,0,True,0.3386807,0.11186302
415,15,8.793847,6.467495,"(29, 27)",0,0,True,0.42378289,0.08896388
416,15,9.13834,6.9245405,"(30, 27)",0,0,True,0.43108958,0.09851811
417,15,8.17314,6.030918,"(31, 27)",0,0,True,0.42459118,0.10506033
418,15,9.102697,5.581439,"(175, 27)",0,0,True,0.38009992,0.028713379
419,15,9.544033,6.322724,"(187, 27)",0,0,True,0.39848873,0.03837165
420,15,8.355749,4.5703015,"(67, 28)",0,0,True,0.35357293,0.022194903
421,15,6.6276155,2.4699302,"(28, 279)",0,0,True,0.27149412,0.0154027715
422,15,6.8073645,3.8050683,"(315, 29)",0,0,True,0.35854816,0.04732225
423,15,6.624514,4.526226,"(30, 184)",0,0,True,0.4059126,0.109263316
424,15,8.519393,3.9786532,"(68, 31)",0,0,True,0.318342,0.010552961
425,15,6.472612,3.5639803,"(188, 187)",1,0,False,0.35509863,0.05172852
426,15,7.690245,3.7226527,"(187, 272)",0,0,True,0.32617944,0.018567646
427,15,5.8384647,2.300304,"(350, 188)",0,0,True,0.2826354,0.028245727
428,15,7.771652,5.6306367,"(68, 67)",1,0,False,0.420125,0.105173774
429,15,8.825927,4.831196,"(67, 214)",0,0,True,0.35374916,0.018079512
430,15,6.963596,4.987446,"(252, 67)",0,0,True,0.4173231,0.12172985
431,15,8.4452715,5.17489,"(320, 67)",0,0,True,0.37994337,0.036601376
432,15,8.371639,3.7500975,"(68, 183)",0,0,True,0.30936965,0.009741781
433,15,4.638898,1.6883743,"(279, 278)",1,0,False,0.2668408,0.049711775
434,15,7.4342937,2.157259,"(49, 47)",0,0,True,0.22491238,0.005081599
435,15,5.7741756,1.6834481,"(313, 49)",0,0,True,0.2257352,0.016451867
436,15,7.336215,3.3022752,"(49, 314)",0,0,True,0.31040826,0.017396444
437,15,6.7574663,3.155514,"(314, 315)",1,0,False,0.3183214,0.026546493
438,15,3.260757,1.5434046,"(32, 127)",0,0,True,0.32126412,0.15221252
439,15,2.1721761,1.6248176,"(33, 358)",0,0,True,0.42792213,0.36647746
440,15,2.293913,1.7398471,"(127, 126)",1,0,False,0.4313214,0.3649216
441,15,3.4054568,2.363235,"(132, 358)",0,0,True,0.40966567,0.26072153
442,15,7.570842,3.1883616,"(180, 121)",0,0,True,0.29633808,0.01234015
443,15,8.169677,3.0460088,"(180, 277)",0,0,True,0.27158472,0.005918901
444,15,8.910802,2.8843307,"(343, 180)",0,0,True,0.24453567,0.0024081843
445,15,4.7546096,4.628829,"(56, 57)",1,0,False,0.49329773,0.46859628
446,15,6.3197308,1.538409,"(69, 70)",1,0,False,0.19577268,0.008315187
447,15,6.0886045,2.2353146,"(38, 37)",1,0,False,0.26854113,0.02076933
448,15,2.779553,2.1707377,"(170, 40)",0,0,True,0.4385071,0.3523295
449,15,2.631611,0.43915564,"(52, 41)",0,0,True,0.14301172,0.10043004
450,15,3.272117,2.5112033,"(322, 170)",0,0,True,0.43421483,0.31844795
451,15,2.752469,1.4797862,"(43, 42)",1,0,False,0.3496448,0.21879831
452,15,2.7784958,1.5802574,"(185, 43)",0,0,True,0.36254805,0.23178872
453,15,5.766702,4.0474877,"(44, 45)",1,0,False,0.41241178,0.15197238
454,15,7.606353,3.701154,"(45, 161)",0,0,True,0.3273183,0.019739458
455,15,6.7093854,4.8617043,"(196, 45)",0,0,True,0.4201596,0.1361454
456,15,6.579814,2.4202716,"(161, 162)",1,0,False,0.26891652,0.015374631
457,15,4.359778,4.9113374,"(195, 196)",1,1,True,0.5297461,0.63449734
458,15,7.0486593,2.6591141,"(246, 48)",0,0,True,0.27391595,0.012254339
459,15,6.9785433,4.608609,"(246, 338)",0,0,True,0.39773437,0.08549429
460,15,4.5516353,2.2361736,"(278, 310)",0,0,True,0.3294397,0.08985051
461,15,2.0715694,0.3381831,"(147, 148)",1,0,False,0.14033934,0.15015495
462,15,5.021747,2.383008,"(99, 55)",0,0,True,0.3218213,0.06668647
463,15,2.5321693,1.6920527,"(201, 79)",0,0,True,0.40055963,0.30151024
464,15,4.1263356,2.7085803,"(99, 101)",0,0,True,0.39628583,0.19501372
465,15,4.6093464,4.541604,"(57, 102)",0,0,True,0.49629864,0.4830709
466,15,5.634764,3.0858734,"(76, 59)",0,0,True,0.3538587,0.07250103
467,15,4.01102,1.917219,"(60, 61)",1,0,False,0.32340446,0.10970078
468,15,3.9187841,1.5616616,"(61, 109)",0,0,True,0.28495157,0.0865013
469,15,3.8057432,3.3777153,"(62, 63)",1,0,False,0.47020742,0.39459732
470,15,4.32515,3.8913255,"(336, 62)",0,0,True,0.47360033,0.39321342
471,15,6.1516128,1.9606907,"(213, 120)",0,0,True,0.24169347,0.014906754
472,15,6.3735294,1.5087807,"(281, 213)",0,0,True,0.1914135,0.0076547195
473,15,7.0029798,2.230145,"(339, 320)",0,0,True,0.2415374,0.008385464
474,15,6.8020153,0.9113726,"(206, 205)",1,0,False,0.11815465,0.0027575737
475,15,6.701568,1.3017443,"(70, 176)",0,0,True,0.1626507,0.004497062
476,15,5.1867924,1.2511269,"(257, 176)",0,0,True,0.19433714,0.01915848
477,15,3.1321604,1.912166,"(72, 71)",1,0,False,0.3790726,0.22793745
478,15,2.322231,1.9547367,"(71, 250)",0,0,True,0.457038,0.40914664
479,15,3.5020752,1.602051,"(361, 293)",0,0,True,0.3138737,0.13010575
480,15,2.4755745,1.6806598,"(78, 79)",1,0,False,0.40437078,0.31111437
481,15,2.5199025,0.61664164,"(131, 91)",0,0,True,0.19659907,0.12973985
482,15,4.4260445,1.9979873,"(80, 81)",1,0,False,0.31101763,0.08105806
483,15,4.99175,1.7348806,"(130, 81)",0,0,True,0.25791228,0.03708084
484,15,4.438295,2.015519,"(319, 351)",0,0,True,0.3122989,0.08145232
485,15,5.1747046,3.8241622,"(265, 86)",0,0,True,0.42496043,0.20578173
486,15,4.51568,2.132419,"(158, 265)",0,0,True,0.32075623,0.0844581
487,15,2.577513,2.0136127,"(88, 89)",1,0,False,0.43858802,0.3626455
488,15,3.8211143,2.3353992,"(332, 88)",0,0,True,0.37933794,0.18456574
489,15,2.9635153,1.3234801,"(89, 151)",0,0,True,0.30871972,0.16246028
490,15,4.999481,1.6934547,"(332, 340)",0,0,True,0.2530212,0.035365026
491,15,1.9799637,0.66041017,"(90, 173)",0,0,True,0.25011995,0.21089259
492,15,5.3568316,4.0334044,"(101, 100)",1,0,False,0.42953175,0.21024865
493,15,2.0826766,0.6432393,"(346, 114)",0,0,True,0.23597181,0.19163248
494,15,6.465568,1.451175,"(134, 135)",1,0,False,0.18330455,0.00659784
495,15,6.53743,1.4936936,"(245, 135)",0,0,True,0.18598813,0.0064082756
496,15,2.5104692,0.53682834,"(210, 123)",0,0,True,0.17616537,0.12199836
497,15,3.850391,1.2945869,"(296, 140)",0,0,True,0.25162148,0.07203753
498,15,3.7402592,1.2001961,"(297, 296)",1,0,False,0.2429323,0.0730969
499,15,1.9768249,2.2465398,"(132, 133)",1,1,True,0.5319313,0.5670229
500,15,2.5175831,1.3684121,"(344, 133)",0,0,True,0.3521394,0.24064055
501,15,2.2054183,1.853553,"(140, 141)",1,0,False,0.45665583,0.41293016
502,15,4.0964856,2.160117,"(158, 157)",1,0,False,0.34525397,0.12604733
503,15,7.118833,2.2217436,"(272, 298)",0,0,True,0.23785937,0.007412926
504,15,3.718919,0.39408427,"(159, 299)",0,0,True,0.095814236,0.03472897
505,15,5.936385,1.6844299,"(339, 200)",0,0,True,0.22103015,0.014036543
506,15,5.4108977,1.2273703,"(223, 163)",0,0,True,0.18489315,0.015015727
507,15,5.722434,4.083044,"(164, 338)",0,0,True,0.4164044,0.16254805
508,15,4.720548,0.99325526,"(222, 223)",1,0,False,0.17383435,0.02349269
509,15,4.214926,1.4854038,"(166, 165)",1,0,False,0.2605821,0.06125364
510,15,4.200879,1.1330508,"(232, 166)",0,0,True,0.21242326,0.044453982
511,15,5.5915976,0.94073147,"(230, 232)",0,0,True,0.14401165,0.009462922
512,15,2.8985083,0.40176362,"(342, 329)",0,0,True,0.12173651,0.0760867
513,15,3.0529633,2.0926769,"(168, 186)",0,0,True,0.40668932,0.27682087
514,15,3.1628106,2.3246171,"(365, 186)",0,0,True,0.423626,0.30191538
515,15,2.6628227,0.5788042,"(171, 341)",0,0,True,0.1785536,0.11065986
516,15,2.3843167,1.5330619,"(365, 359)",0,0,True,0.39134893,0.2991697
517,15,2.7751932,0.4938686,"(280, 275)",0,0,True,0.15107349,0.092681505
518,15,2.6557715,1.4845289,"(211, 303)",0,0,True,0.35855585,0.23663045
519,15,3.1601634,1.2652007,"(335, 303)",0,0,True,0.28589755,0.13067968
520,15,5.3275585,2.7512255,"(282, 283)",1,0,False,0.34054944,0.07067721
521,15,4.8628106,0.6078343,"(306, 231)",0,0,True,0.11110835,0.013994791
522,15,2.2292407,1.4736128,"(235, 234)",1,0,False,0.39796683,0.31959626
523,15,1.2714087,0.95432955,"(235, 237)",0,0,True,0.4287699,0.4213877
524,15,3.0453994,1.4531422,"(238, 237)",1,0,False,0.32302517,0.16906656
525,15,1.9406259,1.7139076,"(242, 243)",1,0,False,0.46898124,0.44356194
526,15,1.6796838,1.4376328,"(242, 244)",0,0,True,0.46117637,0.43978098
527,15,4.1867995,2.1869168,"(286, 283)",0,0,True,0.34311488,0.11921525
528,15,4.724218,2.4889162,"(287, 283)",0,0,True,0.34505334,0.096624866
529,15,2.8547814,0.6053161,"(307, 308)",1,0,False,0.17494193,0.095395595
530,15,1.8266644,1.6681474,"(334, 335)",1,0,False,0.4773211,0.4604535
531,15,2.6204832,0.84550774,"(368, 367)",1,0,False,0.24394402,0.14492467
532,15,2.5795605,2.5711138,"(2, 216)",0,0,True,0.49918008,0.49788836
533,15,4.025638,4.5878057,"(260, 3)",0,1,False,0.5326331,0.63695395
534,15,6.3830996,4.2295284,"(338, 3)",0,0,True,0.39853734,0.10399798
535,15,2.4257262,2.5800664,"(215, 216)",1,1,True,0.51541615,0.53850865
536,15,3.5300717,2.8624513,"(260, 87)",0,0,True,0.44778115,0.33902988
537,15,6.6124945,4.3634872,"(261, 338)",0,0,True,0.3975487,0.09543515
538,15,4.6693335,5.4319916,"(251, 10)",0,1,False,0.5377504,0.68193054
539,15,0.54658306,4.337954,"(337, 36)",0,1,False,0.8880994,0.9779332
540,15,1.3061935,1.439483,"(18, 17)",1,1,True,0.5242726,0.53327316
541,15,1.6214073,2.3919241,"(318, 17)",0,1,False,0.5959947,0.6836327
542,15,1.5152173,2.646088,"(18, 309)",0,1,False,0.6358793,0.75599957
543,15,4.4041457,4.774063,"(57, 103)",0,1,False,0.5201519,0.591439
544,15,3.3071513,3.9996302,"(57, 333)",0,1,False,0.547386,0.66651815
545,15,4.1422997,4.548303,"(327, 103)",0,1,False,0.52335876,0.6001292
546,15,3.03525,4.509452,"(355, 103)",0,1,False,0.5976978,0.81369525
547,15,3.3683746,4.2999587,"(226, 62)",0,1,False,0.56074226,0.71739656
548,15,2.9157348,2.932479,"(139, 226)",0,1,False,0.5014316,0.5041859
549,15,1.3588349,2.696323,"(193, 83)",0,1,False,0.6649119,0.7920766
550,15,0.6060859,2.9426646,"(193, 194)",1,1,True,0.8292115,0.91186154
551,15,5.2088013,4.2236547,"(85, 86)",1,0,False,0.44777888,0.27187178
552,15,3.7410846,3.0273676,"(85, 87)",0,0,True,0.44727618,0.32877806
553,15,1.3395089,3.4919465,"(190, 189)",1,1,True,0.7227525,0.8958964
554,15,1.4724333,1.604205,"(93, 92)",1,1,True,0.52141494,0.5328954
555,15,0.8461757,2.3716815,"(92, 116)",0,1,False,0.73703754,0.8213478
556,15,1.4614717,1.8347809,"(233, 116)",0,1,False,0.5566263,0.59225833
557,15,6.7076063,4.774675,"(96, 97)",1,0,False,0.4158298,0.12642647
558,15,3.3233776,3.6392612,"(98, 96)",0,1,False,0.52268416,0.57832074
559,15,6.2887936,5.8471622,"(97, 111)",0,0,True,0.48180482,0.39135236
560,15,3.631477,4.8305264,"(112, 111)",1,1,True,0.570849,0.7683556
561,15,1.8227527,4.3208246,"(208, 207)",1,1,True,0.70330757,0.9240066
562,15,5.6194806,4.089254,"(182, 100)",0,0,True,0.4211933,0.17796052
563,15,1.8846987,3.4000957,"(327, 317)",0,1,False,0.6433733,0.8198596
564,15,3.120447,3.541572,"(149, 112)",0,1,False,0.5316064,0.6037525
565,15,2.2444196,3.4375675,"(149, 220)",0,1,False,0.6049939,0.7673036
566,15,0.40683094,2.9901714,"(150, 217)",0,1,False,0.88023823,0.9297816
567,15,0.42310312,3.2550232,"(153, 128)",0,1,False,0.88496774,0.9443765
568,15,0.5540644,2.72377,"(129, 255)",0,1,False,0.83096635,0.8974959
569,15,1.9105523,3.1996753,"(139, 138)",1,1,True,0.62613165,0.78399867
570,15,1.9678738,4.3104587,"(207, 209)",0,1,False,0.6865611,0.912343
571,15,1.9145597,2.2866373,"(266, 259)",0,1,False,0.5442823,0.5919609
572,15,2.2378426,4.0627127,"(190, 207)",0,1,False,0.6448182,0.86114943
573,15,1.1607996,3.4233603,"(194, 356)",0,1,False,0.7467803,0.9057285
574,15,4.2543116,4.875868,"(196, 254)",0,1,False,0.53403854,0.6505724
575,20,8.532195,0.4513043,"(321, 1)",0,0,True,0.050237026,0.0003092996
576,20,8.098123,0.62329817,"(76, 77)",1,0,False,0.071467504,0.0005668639
577,20,5.906962,0.72035605,"(106, 105)",1,0,False,0.108694956,0.005559866
578,20,10.282768,2.1869357,"(219, 59)",0,0,True,0.17537992,0.00030471387
579,20,9.072786,2.0947974,"(160, 4)",0,0,True,0.18757838,0.00093130785
580,20,8.678187,1.893563,"(4, 301)",0,0,True,0.17911537,0.0011297547
581,20,9.260476,2.7621763,"(221, 6)",0,0,True,0.22974767,0.001503733
582,20,7.8200774,3.0698912,"(159, 160)",1,0,False,0.28190082,0.008575902
583,20,7.8552165,3.3550088,"(221, 44)",0,0,True,0.29928112,0.010984686
584,20,8.329249,2.864989,"(328, 221)",0,0,True,0.25593427,0.0042176093
585,20,6.545776,0.76546633,"(295, 7)",0,0,True,0.10469717,0.0030782542
586,20,9.847693,2.4621437,"(39, 8)",0,0,True,0.20001432,0.00061976525
587,20,9.659739,1.6930803,"(8, 58)",0,0,True,0.14913304,0.00034671585
588,20,8.068564,4.588847,"(9, 10)",1,0,False,0.3625423,0.02989488
589,20,12.111747,4.1090755,"(34, 35)",1,0,False,0.25332105,0.0003344558
590,20,10.920411,4.5889487,"(34, 119)",0,0,True,0.29588252,0.0017762689
591,20,12.848887,5.27398,"(34, 180)",0,0,True,0.29101247,0.0005129048
592,20,9.608436,2.9266918,"(39, 20)",0,0,True,0.23347922,0.0012520204
593,20,9.337614,2.814844,"(39, 37)",0,0,True,0.23162752,0.0014674357
594,20,4.2027164,2.0212162,"(14, 13)",1,0,False,0.32474908,0.10142413
595,20,4.4053445,2.413166,"(354, 13)",0,0,True,0.35391396,0.12002659
596,20,4.0822124,3.0042982,"(354, 342)",0,0,True,0.42394605,0.25390092
597,20,3.3964245,2.1604292,"(15, 16)",1,0,False,0.38878644,0.22513382
598,20,3.230034,2.2977626,"(117, 16)",0,0,True,0.4156742,0.28246412
599,20,3.3413942,2.2590551,"(122, 16)",0,0,True,0.40337035,0.25306362
600,20,8.960896,2.1237037,"(19, 20)",1,0,False,0.19159047,0.0010719623
601,20,12.006684,6.566603,"(181, 94)",0,0,True,0.35355094,0.004320385
602,20,11.765078,7.7952895,"(181, 97)",0,0,True,0.3985247,0.018527677
603,20,12.322097,8.716134,"(181, 100)",0,0,True,0.41429976,0.026443055
604,20,12.710584,6.4454823,"(245, 181)",0,0,True,0.33647212,0.0018979118
605,20,3.3445985,1.9242207,"(73, 23)",0,0,True,0.36520907,0.19460236
606,20,3.8168447,1.5974869,"(361, 73)",0,0,True,0.29504785,0.09802557
607,20,8.53253,1.7827271,"(25, 26)",1,0,False,0.17282431,0.0011697408
608,20,7.215681,1.8076309,"(25, 95)",0,0,True,0.20032899,0.0044603837
609,20,7.715786,1.65555,"(26, 192)",0,0,True,0.17666106,0.0023284159
610,20,13.660181,3.934674,"(30, 27)",0,0,True,0.22362639,5.9736532e-05
611,20,12.4920845,3.879909,"(31, 27)",0,0,True,0.23698452,0.00018184473
612,20,12.544308,4.4308653,"(175, 27)",0,0,True,0.26102033,0.0002993965
613,20,12.849355,3.9789922,"(187, 27)",0,0,True,0.23644581,0.00014047192
614,20,12.287339,7.2176123,"(67, 28)",0,0,True,0.37004,0.0062448927
615,20,11.628724,8.038669,"(68, 28)",0,0,True,0.40873078,0.02685567
616,20,10.155174,5.2261453,"(28, 279)",0,0,True,0.33977225,0.007181576
617,20,10.478584,4.30112,"(49, 29)",0,0,True,0.29101527,0.0020713848
618,20,10.5612335,2.876649,"(174, 175)",1,0,False,0.21407011,0.00045965041
619,20,11.059388,4.3669543,"(187, 272)",0,0,True,0.2830842,0.0012387243
620,20,11.323913,7.4787903,"(67, 213)",0,0,True,0.39775082,0.02093609
621,20,12.3498745,6.0612435,"(320, 67)",0,0,True,0.32921648,0.0018538579
622,20,13.114243,7.6595354,"(68, 183)",0,0,True,0.36871174,0.0042579216
623,20,11.615125,7.6461425,"(68, 206)",0,0,True,0.39696985,0.018542336
624,20,10.618409,8.089814,"(68, 213)",0,0,True,0.43242022,0.07387772
625,20,8.123812,3.6405907,"(279, 278)",1,0,False,0.3094582,0.011170771
626,20,10.93439,4.2745695,"(49, 47)",0,0,True,0.281056,0.0012797365
627,20,9.318523,4.967977,"(292, 49)",0,0,True,0.34773925,0.012735478
628,20,9.981911,2.027971,"(314, 315)",1,0,False,0.16885854,0.00035115218
629,20,3.466143,2.1725383,"(33, 32)",1,0,False,0.38529193,0.21524331
630,20,3.07303,2.315269,"(33, 358)",0,0,True,0.4296846,0.31913257
631,20,3.8875408,1.0743651,"(127, 126)",1,0,False,0.21652268,0.056616332
632,20,3.1579769,2.9426775,"(132, 358)",0,0,True,0.4823544,0.4463821
633,20,9.471316,3.3535962,"(56, 35)",0,0,True,0.2614908,0.002198629
634,20,10.922873,2.9607503,"(69, 35)",0,0,True,0.21325487,0.00034829162
635,20,7.878329,3.1189609,"(118, 119)",1,0,False,0.28361177,0.008498187
636,20,11.631019,4.6075807,"(180, 176)",0,0,True,0.2837425,0.0008899651
637,20,11.459873,5.3022876,"(343, 180)",0,0,True,0.3163248,0.0021128855
638,20,4.164896,3.0962837,"(170, 40)",0,0,True,0.42641607,0.2556671
639,20,5.397773,2.128361,"(322, 170)",0,0,True,0.28279606,0.03663558
640,20,4.253873,0.4196207,"(53, 52)",1,0,False,0.089787364,0.02116007
641,20,3.80474,2.5099912,"(42, 199)",0,0,True,0.39748186,0.2150501
642,20,4.5313196,1.8378435,"(185, 43)",0,0,True,0.2885534,0.06335942
643,20,4.1589947,1.4862245,"(185, 210)",0,0,True,0.26327136,0.06459937
644,20,8.6673,2.1307442,"(44, 45)",1,0,False,0.19732687,0.0014473739
645,20,8.517896,2.9690247,"(161, 200)",0,0,True,0.25847003,0.0038767608
646,20,10.3888645,2.5454538,"(48, 47)",1,0,False,0.19679846,0.00039217476
647,20,10.294845,2.3426452,"(310, 48)",0,0,True,0.18537265,0.00035176356
648,20,5.2521734,4.7641597,"(268, 292)",0,0,True,0.4756391,0.38036162
649,20,7.7105675,1.7529356,"(314, 276)",0,0,True,0.18523116,0.0025793589
650,20,4.021673,0.66296524,"(147, 148)",1,0,False,0.14151898,0.033611167
651,20,5.6612062,3.7145581,"(54, 55)",1,0,False,0.39618725,0.1249193
652,20,7.8360324,5.0172687,"(99, 55)",0,0,True,0.3903486,0.056318603
653,20,9.905412,7.4756365,"(99, 100)",1,0,False,0.43010274,0.08093018
654,20,6.4373164,5.223711,"(99, 101)",0,0,True,0.44796318,0.22906373
655,20,5.306506,2.560558,"(60, 179)",0,0,True,0.32547823,0.060315892
656,20,4.8509607,1.9513733,"(61, 109)",0,0,True,0.2868682,0.052173965
657,20,8.972685,4.99049,"(179, 121)",0,0,True,0.35740367,0.018303411
658,20,5.101227,2.0513237,"(110, 109)",1,0,False,0.2867961,0.045221653
659,20,4.394014,4.560595,"(336, 62)",0,1,False,0.5093014,0.5415492
660,20,8.849508,6.6482854,"(213, 120)",0,0,True,0.42898273,0.09964073
661,20,10.084318,4.7075725,"(214, 121)",0,0,True,0.3182536,0.004601569
662,20,10.719861,2.8005497,"(214, 349)",0,0,True,0.20713498,0.00036352046
663,20,7.1824255,0.55997205,"(252, 273)",0,0,True,0.07232541,0.0013283963
664,20,11.588677,4.404682,"(339, 320)",0,0,True,0.27540693,0.0007580557
665,20,11.947482,9.02676,"(183, 100)",0,0,True,0.43037358,0.05113865
666,20,11.367519,6.866369,"(205, 183)",0,0,True,0.37657183,0.010974447
667,20,11.887086,4.1305437,"(206, 135)",0,0,True,0.25787485,0.00042775067
668,20,10.189716,4.849667,"(70, 176)",0,0,True,0.3224645,0.0047727465
669,20,9.6076765,4.46827,"(257, 176)",0,0,True,0.3174401,0.0058270134
670,20,3.3101363,1.6620698,"(131, 78)",0,0,True,0.3342721,0.16137043
671,20,3.216295,2.036321,"(131, 91)",0,0,True,0.38767746,0.23505683
672,20,7.2465034,3.2953115,"(80, 81)",1,0,False,0.31259432,0.018868882
673,20,8.268914,2.9022803,"(257, 81)",0,0,True,0.25980034,0.004648118
674,20,8.042461,3.5098848,"(81, 351)",0,0,True,0.30382442,0.01063854
675,20,4.550675,1.5756928,"(126, 130)",0,0,True,0.25719854,0.048568983
676,20,4.1924543,2.3667536,"(158, 265)",0,0,True,0.36082917,0.13875122
677,20,6.2408385,1.7246947,"(332, 88)",0,0,True,0.21651968,0.010812899
678,20,7.783415,1.4398597,"(332, 340)",0,0,True,0.15611155,0.0017549559
679,20,2.8145273,1.5539303,"(152, 151)",1,0,False,0.355716,0.22087114
680,20,2.14652,2.5244677,"(91, 90)",1,1,True,0.54045695,0.593378
681,20,3.782844,2.314892,"(90, 173)",0,0,True,0.37963137,0.1872541
682,20,9.481273,4.77254,"(272, 271)",1,0,False,0.33482552,0.008935632
683,20,10.209478,2.9937124,"(134, 135)",1,0,False,0.22674158,0.0007343679
684,20,10.708324,5.8376846,"(121, 120)",1,0,False,0.35281524,0.0076101003
685,20,4.7617006,0.77886146,"(123, 124)",1,0,False,0.14057446,0.018291837
686,20,5.591452,2.3182395,"(296, 140)",0,0,True,0.2930885,0.036501672
687,20,5.561225,1.3751308,"(297, 296)",1,0,False,0.19824976,0.014977813
688,20,2.6911662,2.3196647,"(132, 133)",1,0,False,0.46293017,0.40817827
689,20,2.056273,2.0046926,"(344, 133)",0,0,True,0.49364924,0.48710766
690,20,3.2428424,1.278804,"(140, 141)",1,0,False,0.2828182,0.123030655
691,20,2.2910776,1.2778802,"(152, 357)",0,0,True,0.35805416,0.2663546
692,20,5.05052,2.0963626,"(158, 157)",1,0,False,0.29332545,0.04954039
693,20,6.5082235,3.0948794,"(298, 157)",0,0,True,0.32227913,0.03188102
694,20,10.058761,4.1937814,"(272, 298)",0,0,True,0.29424796,0.0028290558
695,20,6.4308476,2.900138,"(159, 299)",0,0,True,0.31080723,0.02845096
696,20,7.6886253,2.8024163,"(223, 299)",0,0,True,0.2671247,0.0074934154
697,20,9.247144,3.2400134,"(339, 200)",0,0,True,0.25946766,0.0024550979
698,20,6.3533006,2.6837127,"(163, 164)",1,0,False,0.29696897,0.02485353
699,20,7.785255,2.2406983,"(223, 163)",0,0,True,0.22348979,0.003893458
700,20,4.018593,1.7575297,"(167, 165)",0,0,True,0.30427504,0.09439945
701,20,4.608848,1.4464926,"(167, 253)",0,0,True,0.23887882,0.040607188
702,20,6.794218,0.526186,"(230, 232)",0,0,True,0.071879365,0.0018923681
703,20,4.7927246,1.6485169,"(342, 329)",0,0,True,0.25593156,0.04132012
704,20,4.087571,1.7361729,"(294, 186)",0,0,True,0.29811972,0.08695469
705,20,4.4392405,1.7301422,"(365, 186)",0,0,True,0.2804401,0.062438622
706,20,3.3953292,2.194086,"(172, 171)",1,0,False,0.39254305,0.23125416
707,20,4.8284483,0.79341495,"(316, 195)",0,0,True,0.14113025,0.017377764
708,20,4.090918,1.1823161,"(198, 330)",0,0,True,0.2242108,0.051729973
709,20,4.7443833,1.5735142,"(287, 330)",0,0,True,0.24905662,0.040276807
710,20,2.4650006,2.0065508,"(202, 203)",1,0,False,0.44873706,0.38735363
711,20,2.816981,2.7149906,"(202, 204)",0,0,True,0.4907817,0.47452447
712,20,3.2020848,2.452193,"(280, 204)",0,0,True,0.4336881,0.3208449
713,20,3.9509811,1.5738909,"(280, 275)",0,0,True,0.28487372,0.08493645
714,20,3.282626,0.6277925,"(211, 303)",0,0,True,0.16054355,0.065691724
715,20,5.248131,0.54340464,"(222, 212)",0,0,True,0.09382738,0.008971183
716,20,8.338995,2.6606653,"(282, 283)",1,0,False,0.24188612,0.0034076131
717,20,6.511442,0.59828883,"(306, 231)",0,0,True,0.0841507,0.002696358
718,20,4.8191156,0.4384141,"(302, 308)",0,0,True,0.08338785,0.012361846
719,20,3.5680602,2.005961,"(235, 234)",1,0,False,0.35987678,0.17334564
720,20,3.555105,1.3585848,"(236, 234)",0,0,True,0.27648973,0.10006341
721,20,2.5945847,1.6850486,"(238, 237)",1,0,False,0.39373666,0.28709477
722,20,3.0140417,0.5931499,"(242, 244)",0,0,True,0.16443536,0.0815934
723,20,2.9567094,4.948303,"(259, 267)",0,1,False,0.62597036,0.87991166
724,20,3.6522667,4.577856,"(267, 268)",1,1,True,0.55623186,0.7161796
725,20,7.9591894,1.5585028,"(286, 283)",0,0,True,0.16374797,0.0016576644
726,20,2.209463,2.187329,"(368, 367)",1,0,False,0.49748296,0.4944668
727,20,3.6164095,2.88989,"(2, 216)",0,0,True,0.44416797,0.32595897
728,20,2.5475278,5.237495,"(260, 3)",0,1,False,0.67276555,0.936432
729,20,3.082475,2.4778903,"(215, 216)",1,0,False,0.44563445,0.35329548
730,20,8.210475,5.623873,"(261, 338)",0,0,True,0.4065152,0.0700057
731,20,1.9537722,4.339621,"(337, 36)",0,1,False,0.6895519,0.91574186
732,20,2.138956,4.408028,"(220, 251)",0,1,False,0.6732914,0.906283
733,20,2.0368152,2.9798217,"(18, 17)",1,1,True,0.59398794,0.7197065
734,20,2.3147063,3.9034371,"(318, 194)",0,1,False,0.62774956,0.8304375
735,20,1.4468082,4.763339,"(333, 337)",0,1,False,0.7670251,0.96499157
736,20,5.610679,7.2961836,"(57, 103)",0,1,False,0.56529486,0.84363204
737,20,3.798601,4.5870237,"(62, 64)",0,1,False,0.54701036,0.6874926
738,20,2.2124217,4.357277,"(284, 64)",0,1,False,0.66323847,0.895187
739,20,1.4538236,4.010054,"(139, 226)",0,1,False,0.73392093,0.927991
740,20,2.0576727,4.6436834,"(82, 84)",0,1,False,0.69294685,0.92995584
741,20,1.5780537,4.2990513,"(193, 83)",0,1,False,0.7314913,0.93825436
742,20,3.6615982,4.269993,"(193, 194)",1,1,True,0.5383526,0.6475745
743,20,6.9330997,5.6204715,"(85, 86)",1,0,False,0.44771892,0.21204738
744,20,4.0296144,4.829038,"(85, 87)",0,1,False,0.5451211,0.6898512
745,20,7.046086,5.2938,"(86, 189)",0,0,True,0.4289991,0.1477591
746,20,1.6886462,2.4558313,"(93, 92)",1,1,True,0.5925551,0.68291163
747,20,2.1906934,1.9284536,"(364, 93)",0,0,True,0.46816817,0.4348132
748,20,1.9931692,2.8899906,"(233, 116)",0,1,False,0.591828,0.7102959
749,20,2.394148,5.956354,"(98, 96)",0,1,False,0.71329296,0.9724068
750,20,2.9189909,6.01741,"(208, 207)",1,1,True,0.67335945,0.95682746
751,20,9.892702,8.868106,"(182, 100)",0,0,True,0.4726932,0.2641331
752,20,5.7150035,6.367673,"(266, 182)",0,1,False,0.5270085,0.6576118
753,20,1.8913194,4.8306856,"(327, 317)",0,1,False,0.7186376,0.94975847
754,20,1.5835997,4.1296725,"(150, 217)",0,1,False,0.7228209,0.9273093
755,20,1.7735397,2.6279922,"(228, 233)",0,1,False,0.59706306,0.7015003
756,20,2.4494267,4.2764897,"(129, 128)",1,1,True,0.6358226,0.8614115
757,20,2.1129875,4.3533664,"(153, 128)",0,1,False,0.67323357,0.90381736
758,20,1.7426084,3.605963,"(129, 255)",0,1,False,0.6741918,0.8656875
759,20,1.8937126,4.5381827,"(153, 317)",0,1,False,0.7055747,0.9336693
760,20,1.9079396,4.898276,"(139, 138)",1,1,True,0.71967685,0.9521356
761,20,2.8431532,7.198097,"(207, 209)",0,1,False,0.7168527,0.9873197
762,20,1.4209257,3.7379382,"(217, 218)",1,1,True,0.72456616,0.9102762
763,20,2.9590573,6.280288,"(190, 207)",0,1,False,0.67973304,0.96515006
764,20,2.209522,3.9645894,"(194, 356)",0,1,False,0.64213115,0.85259086
765,20,1.9630219,3.6331675,"(285, 288)",0,1,False,0.6492217,0.8415952
766,25,10.95176,4.9169297,"(1, 77)",0,0,True,0.30985102,0.0023881851
767,25,10.335944,4.38593,"(106, 1)",0,0,True,0.29791927,0.0025990312
768,25,13.23293,6.3289742,"(1, 219)",0,0,True,0.3235357,0.0010028
769,25,7.495749,3.6331491,"(106, 105)",1,0,False,0.32646084,0.020580826
770,25,13.314256,6.0909405,"(219, 59)",0,0,True,0.31388193,0.00072884874
771,25,6.949603,2.125418,"(322, 321)",1,0,False,0.23420528,0.007969081
772,25,7.5314736,2.6791415,"(4, 5)",1,0,False,0.26238787,0.007749617
773,25,10.864675,3.5412395,"(160, 4)",0,0,True,0.24581847,0.00065945636
774,25,8.716764,2.2955997,"(345, 6)",0,0,True,0.20845658,0.0016241183
775,25,9.483595,4.081843,"(160, 300)",0,0,True,0.3009002,0.004488438
776,25,9.593948,2.0703871,"(328, 221)",0,0,True,0.17749721,0.00053991366
777,25,8.257016,2.2706234,"(328, 345)",0,0,True,0.21568212,0.0025064137
778,25,10.834228,0.7214053,"(295, 7)",0,0,True,0.06242889,4.0554543e-05
779,25,13.702508,3.3682733,"(8, 34)",0,0,True,0.19731219,3.2500106e-05
780,25,14.423,2.9789512,"(8, 58)",0,0,True,0.1711849,1.0712924e-05
781,25,13.598585,4.5149584,"(34, 119)",0,0,True,0.24925868,0.00011349631
782,25,14.423313,4.328529,"(34, 180)",0,0,True,0.23083219,4.1292667e-05
783,25,13.553897,1.3947865,"(39, 37)",0,0,True,0.09330497,5.240385e-06
784,25,11.558067,3.9771845,"(59, 348)",0,0,True,0.25601032,0.0005098506
785,25,5.483835,2.8679528,"(14, 13)",1,0,False,0.3433939,0.06812324
786,25,7.0457625,3.2387507,"(300, 14)",0,0,True,0.3149153,0.0217317
787,25,4.1385427,1.9291236,"(117, 16)",0,0,True,0.31793502,0.09890783
788,25,12.838544,4.20157,"(19, 20)",1,0,False,0.24656937,0.00017739154
789,25,13.772695,5.0919385,"(181, 19)",0,0,True,0.26991984,0.00016979378
790,25,12.622459,9.720129,"(181, 97)",0,0,True,0.43504938,0.05203848
791,25,5.930651,3.367197,"(21, 22)",1,0,False,0.362148,0.0715278
792,25,5.5224743,3.0773253,"(169, 21)",0,0,True,0.35783684,0.07979403
793,25,6.348453,3.1081903,"(262, 22)",0,0,True,0.32867795,0.03767836
794,25,4.765552,2.5612352,"(168, 169)",1,0,False,0.3495714,0.099363506
795,25,4.399888,4.1102624,"(23, 24)",1,0,False,0.4829835,0.42809552
796,25,5.7579017,5.155299,"(73, 23)",0,0,True,0.4723911,0.3537485
797,25,3.4346194,2.7661965,"(311, 24)",0,0,True,0.44610205,0.33885008
798,25,4.811175,5.24752,"(361, 73)",0,1,False,0.52168995,0.6073878
799,25,8.505478,2.18274,"(25, 95)",0,0,True,0.20421925,0.001791806
800,25,11.155639,10.533553,"(26, 97)",0,0,True,0.4856591,0.34930727
801,25,9.937355,8.010665,"(26, 191)",0,0,True,0.4463258,0.1271174
802,25,6.9880095,7.0762734,"(293, 191)",0,1,False,0.5031379,0.5220517
803,25,14.38976,7.801116,"(29, 27)",0,0,True,0.35154608,0.0013740138
804,25,15.406218,6.1181536,"(30, 27)",0,0,True,0.28424308,9.251345e-05
805,25,13.37864,6.57504,"(31, 27)",0,0,True,0.32951516,0.0011085422
806,25,14.495298,6.333151,"(187, 27)",0,0,True,0.30406252,0.0002851678
807,25,13.712602,6.714057,"(67, 28)",0,0,True,0.3286909,0.00091237685
808,25,13.042805,7.1285114,"(68, 28)",0,0,True,0.35339844,0.0026932943
809,25,12.216329,7.4764237,"(49, 29)",0,0,True,0.37965354,0.008663761
810,25,12.411711,7.7642536,"(315, 29)",0,0,True,0.3848269,0.0094949305
811,25,13.245144,3.7171464,"(174, 175)",1,0,False,0.21914177,7.2779934e-05
812,25,12.088309,3.761054,"(187, 272)",0,0,True,0.23730001,0.00024177645
813,25,11.924595,0.7353127,"(350, 188)",0,0,True,0.058081996,1.3821351e-05
814,25,14.402069,5.8305144,"(252, 67)",0,0,True,0.28817448,0.00018938207
815,25,13.783612,5.969164,"(320, 67)",0,0,True,0.30219367,0.0004036945
816,25,14.485878,7.243089,"(68, 183)",0,0,True,0.33333796,0.0007148028
817,25,13.490271,7.4443135,"(68, 206)",0,0,True,0.3555988,0.0023618224
818,25,11.850546,6.938861,"(68, 213)",0,0,True,0.3692964,0.0073063015
819,25,12.908436,6.67464,"(49, 47)",0,0,True,0.34083718,0.0019581488
820,25,12.025039,6.830588,"(49, 174)",0,0,True,0.36225724,0.00551666
821,25,9.991783,7.018925,"(313, 49)",0,0,True,0.41261804,0.048667233
822,25,11.751344,4.919898,"(314, 315)",1,0,False,0.29511285,0.0010781332
823,25,5.385012,3.6634839,"(33, 32)",1,0,False,0.40487212,0.1516744
824,25,5.4891386,3.2332191,"(32, 127)",0,0,True,0.37068176,0.09484009
825,25,5.5262427,3.3070593,"(33, 358)",0,0,True,0.3743854,0.09804098
826,25,7.190667,2.3773825,"(127, 126)",1,0,False,0.24847096,0.008055719
827,25,4.6433477,2.778175,"(132, 358)",0,0,True,0.37434033,0.13410129
828,25,11.87288,4.2204156,"(56, 35)",0,0,True,0.26224682,0.00047464704
829,25,13.508697,3.477179,"(69, 35)",0,0,True,0.20471002,4.3989414e-05
830,25,11.96231,3.948308,"(214, 180)",0,0,True,0.24815553,0.00033068887
831,25,12.28496,3.916708,"(180, 277)",0,0,True,0.2417472,0.0002320671
832,25,6.9323974,8.740357,"(56, 57)",1,1,True,0.55767846,0.8591152
833,25,12.598941,1.4658947,"(38, 37)",1,0,False,0.104224086,1.4620867e-05
834,25,6.2497234,1.399605,"(52, 41)",0,0,True,0.18297097,0.007766657
835,25,6.145641,2.3259351,"(322, 170)",0,0,True,0.27455756,0.021463469
836,25,4.9316883,1.6675962,"(53, 52)",1,0,False,0.2526935,0.036823798
837,25,5.259015,1.190034,"(185, 43)",0,0,True,0.1845286,0.016807478
838,25,9.505396,0.8370362,"(44, 45)",1,0,False,0.080932245,0.00017191134
839,25,11.957953,0.80055976,"(161, 162)",1,0,False,0.062747106,1.4269189e-05
840,25,13.224964,4.386038,"(246, 48)",0,0,True,0.24905099,0.00014495732
841,25,12.887073,7.277174,"(246, 338)",0,0,True,0.36089492,0.0036480837
842,25,7.0122237,1.9774973,"(278, 310)",0,0,True,0.21997318,0.0064658993
843,25,9.415862,3.9381695,"(314, 276)",0,0,True,0.29490492,0.00416157
844,25,6.183984,2.7251794,"(54, 55)",1,0,False,0.30588502,0.030507378
845,25,9.223795,3.8118062,"(99, 55)",0,0,True,0.29241508,0.004442929
846,25,7.5523686,4.438432,"(99, 101)",0,0,True,0.37015313,0.04253604
847,25,6.6240153,8.839666,"(57, 102)",0,1,False,0.5716405,0.9016462
848,25,6.9882894,2.0590277,"(60, 61)",1,0,False,0.22758435,0.0071799173
849,25,8.48305,2.1707845,"(60, 179)",0,0,True,0.20375615,0.0018106342
850,25,10.845292,3.565124,"(252, 273)",0,0,True,0.2473991,0.0006885953
851,25,13.232016,3.6774745,"(320, 349)",0,0,True,0.21747993,7.087364e-05
852,25,13.71481,5.510894,"(206, 135)",0,0,True,0.28664196,0.00027350514
853,25,12.789205,5.2392545,"(206, 281)",0,0,True,0.2906102,0.0005258597
854,25,5.3035073,0.81308097,"(72, 71)",1,0,False,0.13293046,0.0110914605
855,25,5.5875945,6.0460873,"(361, 293)",0,1,False,0.5197054,0.61265653
856,25,4.054342,2.1937652,"(78, 79)",1,0,False,0.3511088,0.13463585
857,25,4.0961795,3.2621217,"(131, 78)",0,0,True,0.4433254,0.30278778
858,25,4.6419225,2.3139546,"(131, 91)",0,0,True,0.3326618,0.088833004
859,25,8.856577,1.7228645,"(130, 81)",0,0,True,0.16285023,0.00079711655
860,25,10.317192,1.8971953,"(257, 81)",0,0,True,0.15532464,0.00022036678
861,25,11.147666,2.095071,"(319, 351)",0,0,True,0.1582053,0.00011707309
862,25,7.0345664,2.8483186,"(158, 265)",0,0,True,0.2882072,0.014975547
863,25,8.9623,2.7237024,"(332, 88)",0,0,True,0.23307392,0.001948786
864,25,9.122861,3.6380866,"(124, 332)",0,0,True,0.28509533,0.0041323244
865,25,4.119544,1.8624628,"(152, 151)",1,0,False,0.31134415,0.09474038
866,25,3.090075,2.5349987,"(90, 173)",0,0,True,0.45066056,0.36468744
867,25,9.508501,4.8857737,"(101, 100)",1,0,False,0.33942482,0.009730351
868,25,3.4038372,2.462206,"(346, 114)",0,0,True,0.4197388,0.28057092
869,25,5.762783,1.9016918,"(125, 296)",0,0,True,0.2481177,0.020611258
870,25,13.91737,3.7191916,"(245, 135)",0,0,True,0.21087962,3.7236707e-05
871,25,10.378395,3.4217484,"(120, 281)",0,0,True,0.24795023,0.00095137855
872,25,7.1176496,3.0939128,"(123, 124)",1,0,False,0.30298135,0.017571718
873,25,6.2680435,2.1501684,"(210, 123)",0,0,True,0.25541866,0.016018307
874,25,7.170913,2.0258493,"(297, 296)",1,0,False,0.22027853,0.005794332
875,25,3.3820763,2.1675699,"(344, 133)",0,0,True,0.39057803,0.22890468
876,25,2.9408906,2.0208073,"(152, 357)",0,0,True,0.40728143,0.28494096
877,25,6.5320864,3.3953102,"(158, 157)",1,0,False,0.34201416,0.041615505
878,25,6.970801,2.5385797,"(298, 157)",0,0,True,0.26695532,0.011748389
879,25,10.183134,1.38603,"(223, 299)",0,0,True,0.119803816,0.0001511474
880,25,11.7552595,2.3086946,"(339, 200)",0,0,True,0.16415687,7.895409e-05
881,25,9.1240225,4.6694946,"(163, 164)",1,0,False,0.33852822,0.011492202
882,25,11.8574505,7.0078506,"(164, 338)",0,0,True,0.37146774,0.0077706557
883,25,8.5775,1.2809919,"(222, 223)",1,0,False,0.12993792,0.00067744235
884,25,5.749503,1.9491392,"(167, 165)",0,0,True,0.25317958,0.021873483
885,25,9.396348,2.5734274,"(230, 232)",0,0,True,0.21499379,0.0010873534
886,25,6.419833,2.391433,"(342, 329)",0,0,True,0.2714063,0.017491393
887,25,3.7944548,1.0917975,"(243, 253)",0,0,True,0.22344272,0.06281673
888,25,4.289091,2.4012973,"(365, 186)",0,0,True,0.35891747,0.13149622
889,25,4.4913235,2.6705487,"(172, 171)",1,0,False,0.37288418,0.13934092
890,25,4.185821,3.0575447,"(171, 341)",0,0,True,0.42211658,0.24447933
891,25,3.9262638,3.6633682,"(341, 368)",0,0,True,0.48268062,0.43465203
892,25,6.431435,1.7415017,"(316, 195)",0,0,True,0.2130815,0.00910366
893,25,3.942667,0.5726136,"(362, 247)",0,0,True,0.12681682,0.033244595
894,25,3.4203048,2.4228094,"(365, 359)",0,0,True,0.41464353,0.26943415
895,25,6.296552,2.5118985,"(198, 330)",0,0,True,0.28516915,0.022212144
896,25,7.1321425,2.5658712,"(287, 330)",0,0,True,0.26457697,0.010289676
897,25,2.9448647,2.7841806,"(202, 203)",1,0,False,0.48597634,0.4599152
898,25,4.062765,2.5901158,"(280, 204)",0,0,True,0.38932243,0.18654029
899,25,4.793797,2.1214871,"(280, 275)",0,0,True,0.30678234,0.06462719
900,25,5.4992037,0.5773346,"(212, 211)",1,0,False,0.095010445,0.0072328066
901,25,4.9938593,1.4133341,"(335, 303)",0,0,True,0.22058553,0.027105864
902,25,8.992861,2.2739098,"(231, 230)",1,0,False,0.20182446,0.0012063476
903,25,8.153806,2.4197698,"(306, 231)",0,0,True,0.22885065,0.003223574
904,25,3.4732394,0.8617152,"(235, 234)",1,0,False,0.19878297,0.06840041
905,25,3.2923303,0.6622717,"(237, 234)",0,0,True,0.1674686,0.06722878
906,25,1.7635897,0.5956331,"(235, 237)",0,0,True,0.25247005,0.2372245
907,25,6.142271,2.5446112,"(248, 249)",1,0,False,0.29292572,0.026657645
908,25,2.5846422,2.5485196,"(359, 241)",0,0,True,0.49648145,0.49097034
909,25,5.5798235,2.236961,"(267, 268)",1,0,False,0.28617406,0.03412966
910,25,5.707891,2.270098,"(275, 274)",1,0,False,0.28454512,0.03113499
911,25,9.319498,1.9778664,"(286, 283)",0,0,True,0.17507327,0.0006475728
912,25,8.836534,2.1193697,"(286, 340)",0,0,True,0.19344546,0.0012085029
913,25,3.7205448,1.9514178,"(334, 335)",1,0,False,0.34404632,0.14565092
914,25,3.2676468,2.4881694,"(368, 367)",1,0,False,0.43228784,0.31443253
915,25,2.1034048,4.6016045,"(2, 216)",0,1,False,0.6862935,0.9240155
916,25,7.2302995,8.147192,"(260, 3)",0,1,False,0.5298128,0.7144085
917,25,11.265642,9.186173,"(338, 3)",0,0,True,0.44916177,0.11110843
918,25,4.9476647,6.51748,"(260, 87)",0,1,False,0.5684603,0.8277573
919,25,12.685134,8.906666,"(261, 338)",0,0,True,0.41250223,0.02234688
920,25,8.050205,6.289194,"(10, 36)",0,0,True,0.43859535,0.14666376
921,25,7.913185,6.679962,"(251, 10)",0,0,True,0.45774654,0.22561783
922,25,5.286225,8.047619,"(337, 36)",0,1,False,0.60354835,0.9405536
923,25,1.7823144,5.8347034,"(318, 194)",0,1,False,0.7660089,0.9829161
924,25,7.4464955,2.915028,"(363, 40)",0,0,True,0.28133202,0.01065022
925,25,3.85536,3.6413505,"(363, 288)",0,0,True,0.48572642,0.44670087
926,25,5.8698177,9.635689,"(57, 333)",0,1,False,0.6214366,0.9773762
927,25,2.0645506,9.224882,"(327, 103)",0,1,False,0.8171254,0.9992238
928,25,5.841732,5.7479157,"(62, 64)",0,0,True,0.49595258,0.4765631
929,25,6.4775953,4.955864,"(226, 62)",0,0,True,0.43345273,0.17920671
930,25,3.3974845,5.8329062,"(139, 226)",0,1,False,0.6319241,0.91948885
931,25,2.1055408,6.2835417,"(193, 194)",1,1,True,0.7490142,0.98490226
932,25,3.2576826,5.3394866,"(85, 87)",0,1,False,0.62107503,0.889122
933,25,2.3932426,4.513892,"(233, 116)",0,1,False,0.6535115,0.8928941
934,25,9.658035,10.327958,"(96, 97)",1,1,True,0.5167598,0.66148585
935,25,2.108697,8.619179,"(208, 207)",1,1,True,0.8034376,0.9985144
936,25,3.0300293,3.7876492,"(266, 182)",0,1,False,0.5555629,0.68083674
937,25,1.8986038,6.9998384,"(149, 220)",0,1,False,0.78663635,0.9939477
938,25,1.7406877,3.405713,"(228, 233)",0,1,False,0.66176605,0.84091145
939,25,2.290199,6.666081,"(153, 128)",0,1,False,0.74429125,0.98757917
940,25,2.3474984,5.665317,"(129, 255)",0,1,False,0.707032,0.965035
941,25,2.162785,6.5464416,"(153, 317)",0,1,False,0.7516674,0.9876742
942,25,1.8353976,5.892107,"(254, 255)",1,1,True,0.7624851,0.98298854
943,25,2.8395607,6.6024942,"(139, 138)",1,1,True,0.6992645,0.9773112
944,25,4.121304,3.2356002,"(266, 259)",0,0,True,0.43980455,0.29199722
945,25,10.185162,7.2800603,"(219, 218)",1,0,False,0.41683182,0.051901963
946,25,1.8712729,2.6247666,"(228, 227)",1,1,True,0.5837953,0.67993945
947,25,3.772821,4.2064695,"(285, 288)",0,1,False,0.5271734,0.6067446
948,30,13.02779,4.176045,"(1, 77)",0,0,True,0.24273919,0.00014311126
949,30,13.65158,5.933838,"(1, 219)",0,0,True,0.30297226,0.00044466613
950,30,12.391761,1.5222666,"(106, 105)",1,0,False,0.109405175,1.902963e-05
951,30,14.950664,5.987693,"(219, 59)",0,0,True,0.28596768,0.00012804884
952,30,9.037678,5.7119517,"(4, 5)",1,0,False,0.3872607,0.0346991
953,30,10.120914,5.4449897,"(4, 6)",0,0,True,0.34980232,0.009230901
954,30,11.786088,5.4730163,"(4, 301)",0,0,True,0.31710893,0.0018091784
955,30,9.059009,7.162051,"(6, 215)",0,0,True,0.44152793,0.13045323
956,30,12.944656,2.5443711,"(160, 300)",0,0,True,0.16426927,3.0422878e-05
957,30,11.235738,5.205184,"(221, 44)",0,0,True,0.31659928,0.0023983961
958,30,15.136063,8.199082,"(8, 34)",0,0,True,0.351362,0.0009702556
959,30,15.037303,5.3763704,"(8, 58)",0,0,True,0.26337105,6.3721e-05
960,30,11.205497,7.6021185,"(9, 10)",1,0,False,0.40420428,0.026509672
961,30,16.418482,7.8665514,"(34, 35)",1,0,False,0.3239259,0.00019313458
962,30,16.399708,7.9045463,"(34, 119)",0,0,True,0.32523304,0.00020441345
963,30,16.271397,9.329913,"(34, 180)",0,0,True,0.36443108,0.0009659003
964,30,15.816339,3.1370804,"(39, 20)",0,0,True,0.16551529,3.1150628e-06
965,30,15.492262,3.1370609,"(39, 37)",0,0,True,0.1683937,4.307274e-06
966,30,10.681047,7.2265368,"(10, 348)",0,0,True,0.40354618,0.030634623
967,30,8.771531,1.7226285,"(354, 342)",0,0,True,0.16415116,0.000867608
968,30,4.966586,1.9318532,"(15, 16)",1,0,False,0.28004205,0.04588119
969,30,16.231316,2.4985113,"(19, 20)",1,0,False,0.13339746,1.0862215e-06
970,30,15.555503,10.499703,"(181, 38)",0,0,True,0.4029791,0.0063319216
971,30,15.2112875,10.159548,"(181, 94)",0,0,True,0.40044197,0.0063575166
972,30,14.540781,12.213722,"(181, 97)",0,0,True,0.4565109,0.0889066
973,30,15.571344,11.2959795,"(181, 100)",0,0,True,0.4204356,0.013716221
974,30,9.399677,2.5075817,"(21, 22)",1,0,False,0.21059267,0.0010147522
975,30,11.766305,6.5136085,"(262, 99)",0,0,True,0.356326,0.005206142
976,30,6.3985896,2.1416125,"(23, 24)",1,0,False,0.25076836,0.013967212
977,30,11.710996,7.83326,"(25, 26)",1,0,False,0.40079603,0.020277934
978,30,11.989348,5.447508,"(25, 95)",0,0,True,0.3124134,0.0014397565
979,30,12.493252,10.812456,"(26, 97)",0,0,True,0.46394026,0.15699016
980,30,12.210973,8.716064,"(26, 191)",0,0,True,0.41649777,0.02945745
981,30,11.334933,8.280127,"(26, 192)",0,0,True,0.4221311,0.045010407
982,30,9.209025,5.640528,"(192, 336)",0,0,True,0.37984496,0.027424868
983,30,14.983402,1.6564639,"(28, 279)",0,0,True,0.0995479,1.6299847e-06
984,30,16.556763,2.1912606,"(30, 184)",0,0,True,0.11687955,5.7695433e-07
985,30,14.860565,2.2600844,"(187, 272)",0,0,True,0.13200927,3.3703834e-06
986,30,15.992595,1.0808537,"(350, 188)",0,0,True,0.06330611,3.3412812e-07
987,30,13.24937,10.594745,"(67, 213)",0,0,True,0.44433376,0.065704525
988,30,15.947131,10.548576,"(67, 214)",0,0,True,0.39812392,0.0045027463
989,30,16.17314,11.490095,"(68, 183)",0,0,True,0.4153562,0.009166013
990,30,14.748388,10.901857,"(68, 206)",0,0,True,0.4250196,0.02090724
991,30,12.62818,11.948968,"(68, 213)",0,0,True,0.48618206,0.33643726
992,30,11.289057,1.9473323,"(279, 278)",1,0,False,0.1471196,8.76804e-05
993,30,13.833599,4.1502395,"(49, 47)",0,0,True,0.23077606,6.2307925e-05
994,30,14.170853,4.1613436,"(49, 174)",0,0,True,0.22699645,4.496824e-05
995,30,13.257726,4.367721,"(49, 314)",0,0,True,0.24780768,0.00013774005
996,30,7.2191033,2.2824326,"(32, 127)",0,0,True,0.24021724,0.0071272943
997,30,7.0626674,2.519674,"(33, 358)",0,0,True,0.26294973,0.010529457
998,30,7.819934,2.690147,"(127, 126)",1,0,False,0.25595874,0.005883007
999,30,14.416226,10.978697,"(180, 121)",0,0,True,0.4323186,0.03114294
1000,30,15.055517,9.944111,"(180, 176)",0,0,True,0.39777035,0.0059914864
1001,30,13.845662,9.814504,"(180, 277)",0,0,True,0.41481128,0.017444054
1002,30,12.167638,8.705662,"(56, 57)",1,0,False,0.41707167,0.03041371
1003,30,14.160014,5.7476788,"(69, 70)",1,0,False,0.28871647,0.00022206122
1004,30,6.5406117,3.4133549,"(40, 41)",1,0,False,0.34291402,0.041996833
1005,30,6.8638883,0.6367248,"(42, 199)",0,0,True,0.0848897,0.001971153
1006,30,6.4212313,2.2984307,"(185, 210)",0,0,True,0.26359174,0.015940854
1007,30,10.233798,6.9118485,"(44, 45)",1,0,False,0.40312555,0.03482582
1008,30,11.725742,8.2379465,"(45, 161)",0,0,True,0.4126465,0.029661478
1009,30,10.274337,9.825684,"(45, 261)",0,0,True,0.48883948,0.38968104
1010,30,11.711267,7.5000353,"(161, 162)",1,0,False,0.39039704,0.014611428
1011,30,12.7887,7.986734,"(161, 200)",0,0,True,0.38443163,0.008146669
1012,30,13.176137,4.9928265,"(162, 48)",0,0,True,0.27479973,0.0002791979
1013,30,9.438707,9.662806,"(246, 338)",0,1,False,0.505866,0.55579126
1014,30,10.162283,3.771771,"(314, 276)",0,0,True,0.27068725,0.0016745883
1015,30,6.55545,1.8930378,"(147, 148)",1,0,False,0.22406825,0.009355307
1016,30,10.919285,2.6077034,"(54, 55)",1,0,False,0.19277783,0.0002455949
1017,30,9.457973,3.228004,"(54, 201)",0,0,True,0.2544545,0.0019656424
1018,30,7.526049,3.4652069,"(201, 79)",0,0,True,0.3152694,0.016942501
1019,30,11.975735,8.980908,"(99, 100)",1,0,False,0.42854708,0.04766015
1020,30,10.034063,6.4779735,"(99, 101)",0,0,True,0.39231828,0.027757749
1021,30,11.208125,8.713353,"(57, 102)",0,0,True,0.43738487,0.0762255
1022,30,7.2617297,5.6342936,"(60, 61)",1,0,False,0.43690163,0.16418189
1023,30,10.068652,7.683396,"(60, 179)",0,0,True,0.43281746,0.0843039
1024,30,6.6201773,4.353356,"(61, 109)",0,0,True,0.39671415,0.09390833
1025,30,14.138636,9.390205,"(179, 121)",0,0,True,0.3990934,0.008590844
1026,30,4.3307996,7.143283,"(62, 63)",1,1,True,0.62255806,0.9433467
1027,30,12.832264,10.477579,"(213, 120)",0,0,True,0.44949162,0.08669412
1028,30,15.140863,9.84917,"(214, 121)",0,0,True,0.3941239,0.0050080214
1029,30,14.924743,8.354663,"(214, 349)",0,0,True,0.35888645,0.0013997236
1030,30,12.745066,2.3740973,"(252, 273)",0,0,True,0.15702571,3.132796e-05
1031,30,15.600796,5.1719303,"(320, 349)",0,0,True,0.24897698,2.9565723e-05
1032,30,16.675087,11.710436,"(183, 100)",0,0,True,0.41254956,0.0069319983
1033,30,14.8594,7.947924,"(206, 135)",0,0,True,0.3484812,0.000995295
1034,30,14.656453,8.726614,"(206, 205)",1,0,False,0.37320226,0.0026518586
1035,30,13.464554,9.520405,"(206, 281)",0,0,True,0.41420153,0.018999709
1036,30,14.401964,6.879295,"(70, 176)",0,0,True,0.32325602,0.00054039515
1037,30,7.0629244,2.4280398,"(71, 250)",0,0,True,0.25582647,0.009613902
1038,30,8.7046995,1.7023872,"(361, 293)",0,0,True,0.16357961,0.00090894895
1039,30,6.515016,3.8339212,"(78, 79)",1,0,False,0.3704652,0.064098164
1040,30,5.706506,2.9488738,"(131, 91)",0,0,True,0.34069836,0.05965706
1041,30,9.725433,2.0891962,"(80, 81)",1,0,False,0.1768313,0.0004824083
1042,30,12.069179,2.1191375,"(81, 351)",0,0,True,0.14935791,4.77234e-05
1043,30,7.8090873,2.5512958,"(88, 89)",1,0,False,0.24625498,0.005179821
1044,30,7.208761,2.5325344,"(89, 151)",0,0,True,0.25997922,0.009228138
1045,30,9.613285,2.5146418,"(332, 340)",0,0,True,0.20734309,0.0008255431
1046,30,3.7416677,1.0528263,"(90, 173)",0,0,True,0.21959068,0.063635014
1047,30,8.225462,1.9972848,"(115, 271)",0,0,True,0.19537653,0.0019691598
1048,30,8.970764,3.319371,"(125, 296)",0,0,True,0.27008417,0.0035003242
1049,30,15.389165,5.7878284,"(118, 135)",0,0,True,0.27330738,6.763371e-05
1050,30,12.2983,9.640476,"(120, 281)",0,0,True,0.43942636,0.06550844
1051,30,12.913647,8.604479,"(281, 134)",0,0,True,0.39987123,0.01326637
1052,30,8.599944,2.5208836,"(123, 124)",1,0,False,0.22668128,0.0022850933
1053,30,7.91283,4.256542,"(296, 140)",0,0,True,0.349775,0.025177915
1054,30,4.58445,2.7002103,"(132, 133)",1,0,False,0.37067074,0.13190268
1055,30,4.7936816,3.0878866,"(140, 141)",1,0,False,0.3917858,0.15370992
1056,30,5.1212897,2.2121584,"(177, 247)",0,0,True,0.30165324,0.051704016
1057,30,3.9405386,0.67928076,"(152, 357)",0,0,True,0.14703621,0.03692445
1058,30,11.239965,2.3091528,"(159, 299)",0,0,True,0.17042828,0.00013223302
1059,30,9.304454,6.3847075,"(163, 164)",1,0,False,0.4069502,0.051186014
1060,30,8.653471,9.831916,"(164, 338)",0,1,False,0.5318751,0.76466805
1061,30,6.9498935,2.3844855,"(167, 253)",0,0,True,0.25545198,0.010298471
1062,30,6.983345,1.8456454,"(168, 186)",0,0,True,0.20904377,0.00583691
1063,30,5.488827,2.68873,"(171, 341)",0,0,True,0.32879382,0.05731892
1064,30,7.279594,2.008208,"(172, 316)",0,0,True,0.21621995,0.0051102387
1065,30,3.7035148,3.6118822,"(341, 368)",0,0,True,0.493737,0.47710788
1066,30,8.086805,2.0088444,"(316, 195)",0,0,True,0.1989812,0.0022876018
1067,30,5.1572905,0.7188774,"(365, 359)",0,0,True,0.122337796,0.011676717
1068,30,13.729198,2.193075,"(272, 306)",0,0,True,0.13773629,9.770594e-06
1069,30,7.9156084,2.077526,"(198, 330)",0,0,True,0.20789534,0.002905957
1070,30,3.6068597,1.942729,"(202, 203)",1,0,False,0.3500672,0.15920827
1071,30,4.3824606,2.1792347,"(202, 204)",0,0,True,0.3321146,0.09946118
1072,30,5.9218645,2.0332804,"(280, 275)",0,0,True,0.25559312,0.020063527
1073,30,6.8852034,1.0038295,"(211, 303)",0,0,True,0.12724367,0.0027831807
1074,30,12.733549,0.8387162,"(282, 283)",1,0,False,0.061796334,6.8255354e-06
1075,30,9.671122,3.16922,"(302, 308)",0,0,True,0.24681742,0.0014983346
1076,30,2.263583,2.1920636,"(235, 237)",0,0,True,0.4919743,0.4821278
1077,30,6.9561296,2.332564,"(248, 249)",1,0,False,0.25111866,0.0097222775
1078,30,3.7148333,2.0128574,"(242, 243)",1,0,False,0.35142565,0.1542074
1079,30,3.426298,1.473695,"(242, 244)",0,0,True,0.30075452,0.12426982
1080,30,5.138289,4.3516445,"(259, 267)",0,0,True,0.45855373,0.31288964
1081,30,7.387519,3.5810802,"(267, 268)",1,0,False,0.32648474,0.02174389
1082,30,7.5899525,3.8277447,"(274, 276)",0,0,True,0.33524665,0.022704903
1083,30,9.176154,1.8977528,"(286, 340)",0,0,True,0.17137156,0.0006898122
1084,30,7.63674,3.451914,"(297, 307)",0,0,True,0.31130144,0.014996532
1085,30,8.64899,3.9501033,"(307, 308)",1,0,False,0.31352285,0.00902325
1086,30,3.5073495,2.4589055,"(334, 366)",0,0,True,0.41213548,0.259524
1087,30,3.450457,2.9230409,"(368, 367)",1,0,False,0.45862427,0.3711197
1088,30,1.6326429,10.496036,"(2, 3)",1,1,True,0.8653898,0.99985856
1089,30,1.8279365,9.184729,"(2, 216)",0,1,False,0.834015,0.9993622
1090,30,4.0344105,9.461298,"(260, 87)",0,1,False,0.70105976,0.99562246
1091,30,8.512719,8.46191,"(10, 36)",0,0,True,0.4985034,0.48730052
1092,30,2.8821623,3.7194912,"(18, 309)",0,1,False,0.56341815,0.6979023
1093,30,3.2272885,7.1148148,"(318, 194)",0,1,False,0.6879466,0.9799157
1094,30,2.877779,6.6662955,"(363, 288)",0,1,False,0.69847476,0.9778716
1095,30,9.499029,10.498503,"(57, 103)",0,1,False,0.5249899,0.7309551
1096,30,9.179434,8.68794,"(57, 333)",0,0,True,0.48624605,0.37954167
1097,30,5.4746914,9.944685,"(103, 84)",0,1,False,0.6449473,0.9886821
1098,30,5.042881,7.200637,"(62, 64)",0,1,False,0.58811826,0.89639133
1099,30,2.2864785,6.710173,"(284, 285)",1,1,True,0.7458523,0.9881522
1100,30,4.7591276,9.286103,"(82, 84)",0,1,False,0.6611571,0.98930234
1101,30,3.2686439,8.430474,"(193, 194)",1,1,True,0.72060764,0.99430144
1102,30,10.452482,7.813097,"(85, 86)",1,0,False,0.42774975,0.06664627
1103,30,4.4141684,8.412118,"(85, 87)",0,1,False,0.6558499,0.9819776
1104,30,10.011945,7.921266,"(86, 189)",0,0,True,0.4417093,0.11000613
1105,30,2.5204074,4.8276124,"(92, 116)",0,1,False,0.65699506,0.909472
1106,30,10.294476,12.694842,"(96, 97)",1,1,True,0.5522061,0.9168553
1107,30,10.313379,12.803544,"(97, 111)",0,1,False,0.55386025,0.9234494
1108,30,2.291413,10.344336,"(208, 207)",1,1,True,0.81865627,0.99968195
1109,30,2.8632853,8.631001,"(327, 317)",0,1,False,0.7508949,0.99688286
1110,30,2.2928007,7.9721828,"(149, 220)",0,1,False,0.7766386,0.996596
1111,30,2.1253495,8.270576,"(150, 217)",0,1,False,0.79555935,0.9978609
1112,30,2.8746014,7.1152053,"(129, 255)",0,1,False,0.71224654,0.9858055
1113,30,3.629645,8.831756,"(153, 317)",0,1,False,0.70872897,0.9945252
1114,30,1.9115922,7.2592115,"(217, 218)",1,1,True,0.7915568,0.9952631
1115,30,3.7975214,6.955905,"(266, 259)",0,1,False,0.64685476,0.9592378
1116,30,2.1026993,9.157649,"(190, 207)",0,1,False,0.8132652,0.99913764
1117,30,3.2896087,6.937373,"(194, 356)",0,1,False,0.67834026,0.974612
1118,30,8.786785,9.872368,"(196, 254)",0,1,False,0.52908987,0.747549
1119,30,2.8551233,6.2176766,"(285, 288)",0,1,False,0.6853096,0.9665135
