_UID,system,l1,l2,theta,accuracy,auroc,intercept,coef
0,arxiv,2,6,0.05,0.7216799949625339,0.545437460147645,0.9941821534662116,-1.4816223878514094
1,arxiv,2,6,0.05,0.7193710691823899,0.5445556468995326,0.9944671627336479,-1.0661096520599165
2,arxiv,2,6,0.05,0.7222292191435769,0.5389605620724423,0.849770000568869,-1.378522370007891
3,arxiv,2,6,0.05,0.7234216655126833,0.5553085998967318,0.871035501810164,-0.9945426628980562
4,arxiv,2,6,0.05,0.7213805242974791,0.5436477799628372,0.9768978079781473,-1.6513495095140214
5,arxiv,2,6,0.15,0.7420581813059097,0.5757415732741924,0.8852908025334629,-1.6790336234359284
6,arxiv,2,6,0.15,0.7383671742808798,0.5673711064449991,0.895245834920441,-1.6312907064485689
7,arxiv,2,6,0.15,0.7376237623762376,0.5825225821134231,0.8890370527718485,-1.2118832210846355
8,arxiv,2,6,0.15,0.7356175972927242,0.594093158704025,0.9478255240153152,-1.464609865113741
9,arxiv,2,6,0.15,0.74069355980184,0.5772130373768497,0.8895367856140809,-1.7072442596107849
10,arxiv,2,6,0.25,0.7464475668810034,0.6068680945600864,0.9427382645224179,-1.3708406924464493
11,arxiv,2,6,0.25,0.7449402390438247,0.6042727879483456,0.8922277578524904,-1.6308781479910492
12,arxiv,2,6,0.25,0.7448798580874053,0.5995934563958981,0.9187415442404836,-1.505507216992545
13,arxiv,2,6,0.25,0.7414750198255353,0.6020369638395409,0.9537079622891692,-1.605339986865552
14,arxiv,2,6,0.25,0.7503184713375797,0.608001043403732,0.9220817664923764,-1.648458058930338
15,arxiv,2,6,0.35,0.74937942447366,0.6130712060054607,0.9586162991394565,-1.4059561947840216
16,arxiv,2,6,0.35,0.7478284975050823,0.600162921021962,0.9174252467248427,-1.4537209555381416
17,arxiv,2,6,0.35,0.7537812815106792,0.6116089864183993,0.8799274113988999,-1.340182424374367
18,arxiv,2,6,0.35,0.7478944932901435,0.6110893009799776,0.9265283069658519,-1.230773662826728
19,arxiv,2,6,0.35,0.7509201324990799,0.6067772870860512,0.9362762782754999,-1.3581568589938218
20,arxiv,2,6,0.44999999999999996,0.7483595800524935,0.5946886616037648,0.9506095280000751,-1.1670261251062148
21,arxiv,2,6,0.44999999999999996,0.7512981393336218,0.6093774379510317,0.9439244594766047,-1.1835633315092364
22,arxiv,2,6,0.44999999999999996,0.7565498652291105,0.6115656183914882,0.9115435852512319,-1.1297826935094486
23,arxiv,2,6,0.44999999999999996,0.7486362644555967,0.5948372540853191,0.9302447043341951,-1.1826110640828116
24,arxiv,2,6,0.44999999999999996,0.7488038277511961,0.5909714469866375,0.9484112440185234,-1.104274526939291
25,arxiv,2,6,0.5499999999999999,0.7454763171899946,0.6012602746391404,0.9390012022818675,-0.8348142648438339
26,arxiv,2,6,0.5499999999999999,0.7472746609944164,0.6015482121076838,0.9217115932906508,-0.8627191662759552
27,arxiv,2,6,0.5499999999999999,0.738900920411478,0.5933558487288653,0.9438252042797926,-0.7703392917331142
28,arxiv,2,6,0.5499999999999999,0.7443809017156536,0.5942937317212198,0.9613035299437939,-0.852413724139461
29,arxiv,2,6,0.5499999999999999,0.7472746609944164,0.5956872383417522,0.9372840186674987,-0.8181312694528996
30,arxiv,2,6,0.65,0.7297953520638224,0.5496069636274814,0.9618859524952836,-0.5605382317073269
31,arxiv,2,6,0.65,0.7342456496029734,0.565781360887798,0.9547166638118652,-0.5611616961553467
32,arxiv,2,6,0.65,0.7338930774503084,0.554767986908625,0.9327613429824072,-0.5324399296515337
33,arxiv,2,6,0.65,0.73658789028808,0.5579246459940307,0.926921237592502,-0.563727099280768
34,arxiv,2,6,0.65,0.7427597955706985,0.5582143774386579,0.9226848629992316,-0.6345403962150098
35,arxiv,2,6,0.75,0.7172447013487476,0.512883519460713,0.915163450277941,-0.2914877345509772
36,arxiv,2,6,0.75,0.7144587067086462,0.5164049314664769,0.912370243486888,-0.28613506996065385
37,arxiv,2,6,0.75,0.7157794676806084,0.5144132746938996,0.9262532928023983,-0.3175205653268676
38,arxiv,2,6,0.75,0.7140484100616991,0.538915331463939,0.9175301097501725,-0.2805612186084987
39,arxiv,2,6,0.75,0.715429403202329,0.5364507222382665,0.9239742958590486,-0.3162539320595904
40,arxiv,2,6,0.85,0.7073863636363636,0.5522291265318855,0.9182134349325384,0.009038139208127658
41,arxiv,2,6,0.85,0.7199226305609284,0.5256085215279612,0.9077831945641635,0.0025766154462679176
42,arxiv,2,6,0.85,0.7080770807708077,0.525903853535715,0.9151085191189358,0.03185686897701574
43,arxiv,2,6,0.85,0.7072590241967474,0.4512271118224362,0.9214080738773204,-0.028127318764113014
44,arxiv,2,6,0.85,0.7048475371383893,0.4549261165166224,0.9228065522098903,-0.021835427031000214
45,arxiv,2,6,0.95,0.7161366313309776,0.6487144224676078,0.8583411248519717,0.38572163935188014
46,arxiv,2,6,0.95,0.7274909963985594,0.6784442637658405,0.8941600214645218,0.43187786503233955
47,arxiv,2,6,0.95,0.745920745920746,0.6709611494300489,0.8924618502848487,0.4131141333505324
48,arxiv,2,6,0.95,0.711340206185567,0.6558986302055945,0.8795992222314672,0.4047456571776623
49,arxiv,2,6,0.95,0.6992753623188406,0.6099539636200314,0.8905870811923959,0.41100782343481906
50,arxiv,2,7,0.05,0.9065180102915952,0.5711170417267174,2.0637541941500905,-1.3065472081574652
51,arxiv,2,7,0.05,0.903806474564212,0.5395820397455384,2.148129942113902,-0.7383322562522404
52,arxiv,2,7,0.05,0.9037295871068958,0.5462146134598986,2.455560924648567,-1.5448250317666934
53,arxiv,2,7,0.05,0.9025051745057455,0.5414586405311853,2.429883760894206,-0.7701925609941392
54,arxiv,2,7,0.05,0.9029285714285714,0.5438508226178537,2.361199626100558,-0.7721704652871444
55,arxiv,2,7,0.15,0.9083938982509384,0.6153829261253121,2.2202447908359666,-1.4876620668612948
56,arxiv,2,7,0.15,0.904746835443038,0.5859242238070287,2.214442563245357,-0.815468055114497
57,arxiv,2,7,0.15,0.9064444089966501,0.589575826675254,2.343676179415434,-1.43288844089714
58,arxiv,2,7,0.15,0.9059012444801284,0.6054538044546423,2.303829115612882,-1.2567076975093796
59,arxiv,2,7,0.15,0.9089104193138501,0.6062379498787837,2.215503433919103,-1.517096133201015
60,arxiv,2,7,0.25,0.9131461797038248,0.6799378894614792,2.112364996249684,-1.2582361021493247
61,arxiv,2,7,0.25,0.9093468979925515,0.6788957546104339,2.250450169196685,-1.6273822053078264
62,arxiv,2,7,0.25,0.9093297101449276,0.6303951555946623,2.2588361667226367,-1.3504112142691689
63,arxiv,2,7,0.25,0.9093693693693694,0.6343223845678913,2.257927839943667,-1.3432720420151798
64,arxiv,2,7,0.25,0.9094664990120352,0.642731390008811,2.259077075416427,-1.3444298149670457
65,arxiv,2,7,0.35,0.9094422393983705,0.6822542638962243,2.3108042927058046,-1.2806480802479296
66,arxiv,2,7,0.35,0.9082387251327987,0.6415493501800555,2.2289505923444484,-1.0656490599084592
67,arxiv,2,7,0.35,0.9136826630263573,0.6604286622058751,2.2076600616291726,-1.2571249365932637
68,arxiv,2,7,0.35,0.9080387205387206,0.6428834415513092,2.3068021493816153,-1.2247650993142591
69,arxiv,2,7,0.35,0.9107532467532468,0.6487682903533907,2.202685923475504,-1.2689692126573129
70,arxiv,2,7,0.44999999999999996,0.9043446062700568,0.6699986179447472,2.3572410790448837,-1.1477355079461329
71,arxiv,2,7,0.44999999999999996,0.9031668696711328,0.665763737534631,2.344426134899175,-1.0520539707594023
72,arxiv,2,7,0.44999999999999996,0.9026406712734452,0.6613147382331044,2.331809492492306,-1.055570561211769
73,arxiv,2,7,0.44999999999999996,0.9091695501730104,0.6567295641244534,2.2749198905236954,-1.0325818690462214
74,arxiv,2,7,0.44999999999999996,0.9095699056488176,0.684075643695278,2.22514311007742,-0.8748269192919251
75,arxiv,2,7,0.5499999999999999,0.9035795887281036,0.6484009618893849,2.331114669342624,-0.8765664928119079
76,arxiv,2,7,0.5499999999999999,0.9007770472205618,0.6540647497994111,2.325961525399151,-0.8407364283635418
77,arxiv,2,7,0.5499999999999999,0.9081617315496768,0.6651535270563773,2.2359149549770536,-0.7464065292011792
78,arxiv,2,7,0.5499999999999999,0.9077417380660955,0.629102367258041,2.2366184224650127,-0.7099564382984046
79,arxiv,2,7,0.5499999999999999,0.9058122205663189,0.6521691998499509,2.2769669661990832,-0.7853943607247501
80,arxiv,2,7,0.65,0.902632597754549,0.6320404828161633,2.3033362081064617,-0.573809817882484
81,arxiv,2,7,0.65,0.8991935483870968,0.617736290330781,2.3615658590289774,-0.6540224140070204
82,arxiv,2,7,0.65,0.9095340222265549,0.632733673356248,2.2572311886956804,-0.5933263814006308
83,arxiv,2,7,0.65,0.910762679055362,0.6410552303936597,2.274131500181441,-0.6025041457371285
84,arxiv,2,7,0.65,0.9102437091341391,0.6176734025857702,2.247206924327792,-0.5495239681725094
85,arxiv,2,7,0.75,0.9022293849046468,0.5809813883645382,2.3065170472401535,-0.35121045145363056
86,arxiv,2,7,0.75,0.8982863460475401,0.5734038461538461,2.3321278435048574,-0.37165138475568443
87,arxiv,2,7,0.75,0.9003739316239316,0.5894369496008774,2.2898722969846825,-0.3280139993870579
88,arxiv,2,7,0.75,0.9088427947598253,0.5869144593695492,2.2455474769509385,-0.2750944504596572
89,arxiv,2,7,0.75,0.9040799783842205,0.5581505771027842,2.3147321576372093,-0.3711720833555901
90,arxiv,2,7,0.85,0.8963800904977376,0.5187887551829719,2.2524897834363338,-0.0046387162973033835
91,arxiv,2,7,0.85,0.8981269986295112,0.49429539845535536,2.2760834036252224,-0.07872916018335419
92,arxiv,2,7,0.85,0.8966442953020134,0.546830581261719,2.2608122423558834,-0.03402888768279309
93,arxiv,2,7,0.85,0.907243816254417,0.4545880280057495,2.2530058083549753,-0.08407362281311233
94,arxiv,2,7,0.85,0.8894449499545041,0.5406902213381327,2.2742078534035874,-0.027221938977917817
95,arxiv,2,7,0.95,0.9138418079096046,0.5982973116781108,2.050952889621116,0.4442126340130997
96,arxiv,2,7,0.95,0.9083333333333333,0.6292975627838013,2.0472109375140066,0.4421107159952552
97,arxiv,2,7,0.95,0.8986975397973951,0.629445594662986,2.0587621459159453,0.45513682297383046
98,arxiv,2,7,0.95,0.8922237380627558,0.5168776371308016,2.0599879749557783,0.4203072661977261
99,arxiv,2,7,0.95,0.9159891598915989,0.6129032258064516,2.0869270915538287,0.478767777545112
100,arxiv,6,7,0.05,0.7732043873098243,0.5585932601501004,1.0327139815810071,-0.6462216487976222
101,arxiv,6,7,0.05,0.7656730541755382,0.5619209317728531,1.3018506503205363,-0.4768254186755079
102,arxiv,6,7,0.05,0.7730278696268305,0.5689859235112278,0.980645885970897,-0.8393346944958723
103,arxiv,6,7,0.05,0.7656046428994433,0.5523915406320824,1.3104481874256058,-0.19613525275371788
104,arxiv,6,7,0.05,0.7687219466099693,0.5338478302018215,1.1451684523552794,-0.590957077960099
105,arxiv,6,7,0.15,0.7712998542467205,0.6245171756481744,1.260076433386768,-0.7602695226478519
106,arxiv,6,7,0.15,0.774970545882969,0.6072276447234525,1.2555901598003687,-0.946521363893375
107,arxiv,6,7,0.15,0.7783154590635627,0.614134544992528,1.134816854482096,-0.8387060556560704
108,arxiv,6,7,0.15,0.7718209428231877,0.6054826204324878,1.1787217303658504,-0.6448827872835327
109,arxiv,6,7,0.15,0.7727034120734908,0.6135186904576829,1.3022189785430822,-1.158136172822206
110,arxiv,6,7,0.25,0.786855862584018,0.6853940803649918,1.1828281802415819,-1.0269901955597769
111,arxiv,6,7,0.25,0.7793963057516143,0.6444512009729402,1.3110211985155025,-1.1653940573364208
112,arxiv,6,7,0.25,0.7872054876230241,0.6367228652236955,1.235118661497504,-1.0741980679480188
113,arxiv,6,7,0.25,0.78888557806913,0.637823081282499,1.2452004007496453,-1.2842503927603892
114,arxiv,6,7,0.25,0.7833434835566383,0.6662420825368354,1.2156343676789312,-1.155061320969667
115,arxiv,6,7,0.35,0.7900803353126091,0.6782362020127128,1.196512457443645,-0.9395611203247111
116,arxiv,6,7,0.35,0.7814500778681432,0.6705011619132651,1.2276993521331796,-0.9071652681914167
117,arxiv,6,7,0.35,0.7871534355088686,0.6768571614904808,1.239053991259092,-1.0124884685264426
118,arxiv,6,7,0.35,0.7874261896491838,0.659074145263107,1.2095755390453418,-0.9175100688853665
119,arxiv,6,7,0.35,0.7903614457831325,0.6806070583509678,1.2307676577267126,-0.9732487913013187
120,arxiv,6,7,0.44999999999999996,0.7896360271437385,0.6850238777010695,1.2867707212301793,-0.9507561509565433
121,arxiv,6,7,0.44999999999999996,0.7804628302273193,0.656860377219344,1.349083990527319,-0.9385443009587268
122,arxiv,6,7,0.44999999999999996,0.7867047308319739,0.6561893999540789,1.2713370223970304,-0.8932189220213291
123,arxiv,6,7,0.44999999999999996,0.7929324240545568,0.6790778922895194,1.2674139115154424,-1.0076276109157112
124,arxiv,6,7,0.44999999999999996,0.7844616639477977,0.6569138918164206,1.2763071425023582,-0.8997318080981191
125,arxiv,6,7,0.5499999999999999,0.7838709677419354,0.6679384825700616,1.2725389077378555,-0.7376286626623033
126,arxiv,6,7,0.5499999999999999,0.7979287698913867,0.6856681145930292,1.1982772384821632,-0.7192245918946375
127,arxiv,6,7,0.5499999999999999,0.7843857072931962,0.6655870580625759,1.1964259572035618,-0.6268726201975456
128,arxiv,6,7,0.5499999999999999,0.7894468518990568,0.6756217927391142,1.3135101675658323,-0.8279599748140885
129,arxiv,6,7,0.5499999999999999,0.7802524127691166,0.6815194587616569,1.279798263129119,-0.6598405493454066
130,arxiv,6,7,0.65,0.7705022250476796,0.6629827114779099,1.3205928528809476,-0.5891740757713532
131,arxiv,6,7,0.65,0.7585335018963337,0.645877437552769,1.2880175344017428,-0.47936750811611056
132,arxiv,6,7,0.65,0.7755555555555556,0.6513273230942175,1.3246851243015563,-0.6312729805147778
133,arxiv,6,7,0.65,0.7652690656982503,0.6523010139325236,1.2958399544565,-0.4798006681797292
134,arxiv,6,7,0.65,0.7742244963223537,0.6551913635189067,1.2473361882390719,-0.4943932930538901
135,arxiv,6,7,0.75,0.7525589675122385,0.6128062659275301,1.2904326927650995,-0.29767377779643883
136,arxiv,6,7,0.75,0.7583955223880597,0.6218495775691347,1.2477742592015002,-0.2257460322102748
137,arxiv,6,7,0.75,0.7771929824561403,0.6133489450951813,1.2196891092250373,-0.2530601888195165
138,arxiv,6,7,0.75,0.7674418604651163,0.6186896969696969,1.247735945839603,-0.2580185627268911
139,arxiv,6,7,0.75,0.7569539443684451,0.6266845995614729,1.2616258634650475,-0.22669607449359824
140,arxiv,6,7,0.85,0.7726269315673289,0.5706457081214362,1.1867958271083061,-0.008780490122483277
141,arxiv,6,7,0.85,0.7727272727272727,0.5198562091503268,1.188325432901795,-0.014653688336680994
142,arxiv,6,7,0.85,0.7756024096385542,0.4420603375252493,1.1709675932682146,0.040322536956522784
143,arxiv,6,7,0.85,0.7691711851278079,0.4474002581831208,1.1758741154944725,0.03895004074951762
144,arxiv,6,7,0.85,0.7596223674655047,0.5844159595177717,1.210594589836544,-0.038384423756717384
145,arxiv,6,7,0.95,0.7432150313152401,0.4967060427078601,0.9938690055016149,0.34905282705121266
146,arxiv,6,7,0.95,0.7582159624413145,0.5483585858585859,0.9546567957803941,0.43056248275488423
147,arxiv,6,7,0.95,0.7272727272727273,0.5253025302530253,0.9535038117314982,0.43031350636610216
148,arxiv,6,7,0.95,0.76431718061674,0.5587853107344632,0.9956524643832448,0.40526725879880426
149,arxiv,6,7,0.95,0.7494505494505495,0.5250068027210885,0.9774406970175276,0.3734110352172461
150,drosophila,1,2,0.05,0.9264278403275332,0.36140280851614576,1.8269800182061644,-7.929093133050785
151,drosophila,1,2,0.05,0.9244928010471204,0.352483756766529,1.7910748506291325,-9.129882885407879
152,drosophila,1,2,0.05,0.9248398225726959,0.3203905116264996,1.881749069658742,-8.35565452902118
153,drosophila,1,2,0.05,0.9222494887525562,0.34065762216106343,1.6541589786739133,-10.501434016987352
154,drosophila,1,2,0.05,0.9238337296056407,0.3659351548918806,1.896666788088637,-8.360801531447777
155,drosophila,1,2,0.15,0.9158672602928352,0.2392166680596787,2.0851785013884387,-6.593444450525274
156,drosophila,1,2,0.15,0.9043478260869565,0.2084786049594033,1.9145904625426229,-8.704909389038557
157,drosophila,1,2,0.15,0.9136707121593771,0.22032531272706507,2.0557047136110014,-6.942923133031942
158,drosophila,1,2,0.15,0.9075160403299725,0.22294738092925007,2.0254121800823786,-8.465906030449394
159,drosophila,1,2,0.15,0.9003579952267303,0.23238159732351107,1.9897169990657282,-9.333332767089878
160,drosophila,1,2,0.25,0.8876527164023915,0.16770266968243935,2.1688721162059763,-7.4596497958214
161,drosophila,1,2,0.25,0.9080024878200477,0.16303151039993147,2.219055577179292,-5.923881298432603
162,drosophila,1,2,0.25,0.8891203583146711,0.15981661186622825,2.1751268252029394,-7.539759358302496
163,drosophila,1,2,0.25,0.9037187711886507,0.15615545010396445,2.241985648685373,-5.871241462574546
164,drosophila,1,2,0.25,0.9108782486901489,0.18916620707393716,2.3052238831463536,-5.3972822751358605
165,drosophila,1,2,0.35,0.9280368796024666,0.14105219195870605,2.5588274845471037,-1.371212325669796
166,drosophila,1,2,0.35,0.9172756679046364,0.1288724454578694,2.512682158206869,-3.0778105545601284
167,drosophila,1,2,0.35,0.9263689367073391,0.1395397542398814,2.5117962434106142,-1.7962618730612736
168,drosophila,1,2,0.35,0.9290330301579703,0.1274108089526016,2.527562140839348,-1.3652074498439941
169,drosophila,1,2,0.35,0.9193202146690519,0.13121149797361786,2.5028897227930385,-2.972100822829577
170,drosophila,1,2,0.44999999999999996,0.9290263232380414,0.10616563392437277,2.6289177659634073,-0.731375851682531
171,drosophila,1,2,0.44999999999999996,0.9295884394701424,0.11173425659093415,2.6194802698945345,-0.8186327060379899
172,drosophila,1,2,0.44999999999999996,0.931766704416761,0.12165505440092907,2.5752498951269858,-0.7853837235811039
173,drosophila,1,2,0.44999999999999996,0.9282242727336761,0.11841128737624533,2.6497123520599195,-0.6929782151963326
174,drosophila,1,2,0.44999999999999996,0.9289860265137944,0.11757678097010707,2.636237548422174,-0.6257474236557563
175,drosophila,1,2,0.5499999999999999,0.9279130434782609,0.10105780307811471,2.6454630760454223,-0.2816369897959463
176,drosophila,1,2,0.5499999999999999,0.9290938817657689,0.10144032727537586,2.63349340363337,-0.2901685320310277
177,drosophila,1,2,0.5499999999999999,0.9307659022068369,0.10167329149232915,2.603159177915043,-0.2261148027074259
178,drosophila,1,2,0.5499999999999999,0.9273858921161826,0.09929551285465714,2.661810232879141,-0.33978527225306054
179,drosophila,1,2,0.5499999999999999,0.9324475886463636,0.09474061595733921,2.5888401412175055,-0.29019643695895864
180,drosophila,1,2,0.65,0.9328918322295806,0.9263327389032805,2.4924410864587467,0.4251011203398245
181,drosophila,1,2,0.65,0.9304066130473637,0.9191813129665307,2.543935943430651,0.21459238442293257
182,drosophila,1,2,0.65,0.9307354431805384,0.919502455552145,2.532917711675206,0.2533652473024475
183,drosophila,1,2,0.65,0.9285872945357618,0.907784010894096,2.5428610746649283,0.305854998409919
184,drosophila,1,2,0.65,0.927613346635628,0.9159131702774956,2.556294857195432,0.2861349188616626
185,drosophila,1,2,0.75,0.9288729091761764,0.9280819191807359,2.0933806200676934,1.9271345635984038
186,drosophila,1,2,0.75,0.9326016385840161,0.9288662883188186,2.149208789409731,1.5550635196898737
187,drosophila,1,2,0.75,0.9302578440509475,0.934874219787173,2.1887966018385336,1.4026462814516698
188,drosophila,1,2,0.75,0.9353272784215472,0.9206541204250484,2.0845122572462715,1.7261807549227768
189,drosophila,1,2,0.75,0.9313846153846154,0.9278281323368397,2.163986688265716,1.4937125193519685
190,drosophila,1,2,0.85,0.9452495974235104,0.9491788150640128,1.4032238356197018,2.607084469582974
191,drosophila,1,2,0.85,0.9434656849855377,0.9292417747592274,1.3604258136637892,2.8432454242208594
192,drosophila,1,2,0.85,0.9458344080474593,0.9473104278321548,1.4101729385921402,2.634343357017817
193,drosophila,1,2,0.85,0.9442113058504074,0.9451798253891003,1.4747887782368292,2.5806191101160416
194,drosophila,1,2,0.85,0.9454824673662656,0.9583084553521967,1.4294988109371212,2.608882809692006
195,drosophila,1,2,0.95,0.9535928143712575,0.9332837209302326,0.6018838117210898,2.6265212061204672
196,drosophila,1,2,0.95,0.9541864139020537,0.9447923533289387,0.63026139797688,2.5487172871360997
197,drosophila,1,2,0.95,0.9497942386831276,0.9389588755856325,0.5426859556713627,2.6548756295873717
198,drosophila,1,2,0.95,0.9534510433386838,0.9756315921998714,0.6127779261159189,2.5117785151402274
199,drosophila,1,2,0.95,0.9505535055350554,0.9632080200501254,0.6284441217832171,2.579256096041102
200,drosophila,1,3,0.05,0.9438711824914704,0.33577825108839704,2.223103971802667,-5.695787601364229
201,drosophila,1,3,0.05,0.9389944691645528,0.3401421291252861,1.9392030784510053,-9.844775049426756
202,drosophila,1,3,0.05,0.9431586820127145,0.3555104360625463,2.0160235601568446,-6.730238468250667
203,drosophila,1,3,0.05,0.9398030825474638,0.3966337883208453,2.0709884473827613,-9.440009252557571
204,drosophila,1,3,0.05,0.9424971934638893,0.39345372388563854,2.128972589466162,-7.730419897003957
205,drosophila,1,3,0.15,0.9339161977398502,0.2584012297724824,2.2668288965116,-6.7949221655763585
206,drosophila,1,3,0.15,0.9325444889592844,0.2599708736781491,2.3555212594360686,-7.148129267854584
207,drosophila,1,3,0.15,0.9250405374102386,0.2638348286053605,2.2558498444832114,-9.539943568380398
208,drosophila,1,3,0.15,0.9308360024137771,0.24875195273866776,2.132651536474782,-7.981176953177278
209,drosophila,1,3,0.15,0.9346198558474773,0.22442278425108542,2.352294023775687,-6.468259069561388
210,drosophila,1,3,0.25,0.931909282700422,0.19171260175960902,2.5104773102260443,-4.994255629471277
211,drosophila,1,3,0.25,0.9328894525470303,0.19674612639962152,2.5304704911204303,-4.840288645876217
212,drosophila,1,3,0.25,0.9418017259524311,0.19861511610259525,2.671485662593825,-2.5838732808597387
213,drosophila,1,3,0.25,0.9349218011965992,0.18745068284030592,2.461680059254989,-4.736345118634361
214,drosophila,1,3,0.25,0.9238666877270574,0.20195957637661555,2.4922771198183105,-6.175494495577567
215,drosophila,1,3,0.35,0.9428554040895814,0.15394538649688383,2.880723226475981,-1.404717188095195
216,drosophila,1,3,0.35,0.9450529500756429,0.16069360888762463,2.733461249338811,-1.5714811103924886
217,drosophila,1,3,0.35,0.9370379347957823,0.15552892572625293,2.7865279894990342,-3.0776899247583835
218,drosophila,1,3,0.35,0.9403245192307692,0.15424970964401782,2.746937568532776,-2.57145987794768
219,drosophila,1,3,0.35,0.9404017721672635,0.18234268748426777,2.7460232780149787,-2.568898314011238
220,drosophila,1,3,0.44999999999999996,0.9472925228927824,0.13256301256638203,2.854898308877777,-0.6528247720493601
221,drosophila,1,3,0.44999999999999996,0.9444845509673694,0.13220502725844974,2.9071734934089326,-0.9936722877670581
222,drosophila,1,3,0.44999999999999996,0.9452369005806035,0.15330116483908277,2.8930383150401138,-0.6801987751596696
223,drosophila,1,3,0.44999999999999996,0.9457753550423181,0.14085696550052684,2.884673033458632,-0.7756250305357549
224,drosophila,1,3,0.44999999999999996,0.9468963042698242,0.1406632323873703,2.853276698773642,-0.6689623754778531
225,drosophila,1,3,0.5499999999999999,0.9463010316550569,0.13014291467226294,2.89412179442773,-0.3792011188431361
226,drosophila,1,3,0.5499999999999999,0.9471562527385856,0.13225868866867244,2.8762954378890657,-0.36078986165566984
227,drosophila,1,3,0.5499999999999999,0.9464980544747081,0.11539932806357682,2.8984410492400747,-0.42043237220612717
228,drosophila,1,3,0.5499999999999999,0.9476708750544188,0.14166561182789186,2.881408203699635,-0.4898779299580166
229,drosophila,1,3,0.5499999999999999,0.9457438483610121,0.12274061593152337,2.8984029175649924,-0.3786723873205486
230,drosophila,1,3,0.65,0.9478747203579418,0.11421252181629038,2.835202525278293,-0.014653099524801056
231,drosophila,1,3,0.65,0.9446560609455523,0.11476570842520109,2.867217434160308,-0.0049301346141988325
232,drosophila,1,3,0.65,0.9409547738693468,0.8866234634867474,2.8983031903737757,0.029063773543827356
233,drosophila,1,3,0.65,0.9455690508322088,0.8816201462990776,2.846591101471708,0.04743810826526644
234,drosophila,1,3,0.65,0.9437611806797853,0.8923417203213604,2.8592707484952937,0.07891529210137424
235,drosophila,1,3,0.75,0.9463786136151694,0.8928678705482207,2.6170797947985847,0.7418544245705637
236,drosophila,1,3,0.75,0.9505745317172989,0.8916738650997815,2.5380215813801636,0.9075453317576331
237,drosophila,1,3,0.75,0.9448617548345852,0.8874387225541096,2.565806203771315,0.925019613512134
238,drosophila,1,3,0.75,0.9480869979361803,0.9067885532104358,2.4740217581970754,1.195152045324819
239,drosophila,1,3,0.75,0.9480416929879975,0.9122693610763556,2.5839948626575504,0.8239276874354465
240,drosophila,1,3,0.85,0.9478168264110756,0.9169687696170747,1.751428789946782,2.2775352159965596
241,drosophila,1,3,0.85,0.9495840685656668,0.9231238851342864,1.8782981804678982,2.0448667995723957
242,drosophila,1,3,0.85,0.9475524475524476,0.9112655824089582,1.7767016628317578,2.2172131735421736
243,drosophila,1,3,0.85,0.947095718571039,0.9022144734297319,1.7102027127351336,2.342481563373773
244,drosophila,1,3,0.85,0.9468864468864469,0.9222457288584084,1.8601663657168368,2.069953320493212
245,drosophila,1,3,0.95,0.9471191791633781,0.9473106593359758,0.9125157338200992,2.3420902190430155
246,drosophila,1,3,0.95,0.946219797349961,0.944202266782912,0.959010426608066,2.2459030621716543
247,drosophila,1,3,0.95,0.9459459459459459,0.9615281859471013,0.9212505885480663,2.2420686214574888
248,drosophila,1,3,0.95,0.9598108747044918,0.9512477563545828,0.916249388584248,2.3028597729428815
249,drosophila,1,3,0.95,0.9554087530966143,0.9339023421992856,0.919186473842825,2.2826720466694552
250,drosophila,1,4,0.05,0.3967639612373774,0.44822262078016495,-0.04787296091513484,-13.541537499779816
251,drosophila,1,4,0.05,0.4083826056563656,0.48707384852364843,-0.12101573954402262,-15.823249320509822
252,drosophila,1,4,0.05,0.4057194443635517,0.4218716750452623,0.07750705160877774,-12.525292206967745
253,drosophila,1,4,0.05,0.3973610021216613,0.4437405607182846,-0.037875835095954546,-15.416230896230813
254,drosophila,1,4,0.05,0.39268940167449456,0.4333422170852949,-0.002432379008997248,-15.285913548623704
255,drosophila,1,4,0.15,0.3489493402834338,0.40276295566696685,0.3706908713699282,-20.841205230028716
256,drosophila,1,4,0.15,0.3440895192245137,0.3853334872025047,0.33646920970116373,-17.69045448017804
257,drosophila,1,4,0.15,0.3343691733996271,0.38088776731429025,0.3786447085694611,-21.351657522982343
258,drosophila,1,4,0.15,0.34418996950626096,0.38604281280113006,0.33055117186478883,-16.365480614219948
259,drosophila,1,4,0.15,0.3714017420587378,0.40494149743870467,0.40058558730013344,-17.91880645581581
260,drosophila,1,4,0.25,0.330832321894884,0.33209769832498365,0.9106037476813815,-14.362635800139973
261,drosophila,1,4,0.25,0.3363465990519237,0.33842261666094625,0.7675102064747513,-13.1998053454749
262,drosophila,1,4,0.25,0.3183592311657707,0.3264414416090109,0.877108467497393,-16.196728454465234
263,drosophila,1,4,0.25,0.31654676258992803,0.3345101074590635,0.8275618903355387,-15.602844928023496
264,drosophila,1,4,0.25,0.33187821390255634,0.3269318151123176,0.8703954716865475,-13.399283321290318
265,drosophila,1,4,0.35,0.32462590850790934,0.30366226551668524,1.3101402003824985,-11.752447644961856
266,drosophila,1,4,0.35,0.30393707519343394,0.2808426808754508,1.3379183760941769,-12.35690427623799
267,drosophila,1,4,0.35,0.3073664591011141,0.2924027553016834,1.353591376644502,-12.589513104296232
268,drosophila,1,4,0.35,0.3239941915093534,0.2850106151694527,1.3029332246003358,-10.7912938902026
269,drosophila,1,4,0.35,0.31038162725177154,0.30240043080554546,1.3252685468268957,-12.139356567448221
270,drosophila,1,4,0.44999999999999996,0.3250931426845232,0.2508078499552875,1.4398671846575255,-7.573945522085772
271,drosophila,1,4,0.44999999999999996,0.32326740147969196,0.2611562688583913,1.478718257875796,-7.880070262988193
272,drosophila,1,4,0.44999999999999996,0.3120321527254459,0.25510936438951365,1.558313628613915,-8.585286322525116
273,drosophila,1,4,0.44999999999999996,0.328684755697034,0.2526479610219302,1.36693766153596,-7.177513595087166
274,drosophila,1,4,0.44999999999999996,0.318812683618681,0.25068928469105145,1.4405960489155458,-7.5242452354905245
275,drosophila,1,4,0.5499999999999999,0.3851892958441238,0.20683163868877175,1.3183467153370036,-3.7412254576791866
276,drosophila,1,4,0.5499999999999999,0.38633852952006875,0.20464579116561493,1.3145475680734302,-3.7795732444882275
277,drosophila,1,4,0.5499999999999999,0.3843686385787428,0.1976654883477787,1.325550764905743,-3.7325408607026236
278,drosophila,1,4,0.5499999999999999,0.3787796158274253,0.21005842375895195,1.316825405150177,-3.9599375057022606
279,drosophila,1,4,0.5499999999999999,0.3977411477411477,0.21636201535682767,1.2667896373830816,-3.6568491395852347
280,drosophila,1,4,0.65,0.5398404801389876,0.16868315080739912,1.0426663126035036,-1.5440019700267893
281,drosophila,1,4,0.65,0.5701664431647866,0.1690359395376398,0.9874227803288105,-1.3578362765197909
282,drosophila,1,4,0.65,0.6109965090447477,0.16724468273024512,0.8925389795042497,-0.9753797975481012
283,drosophila,1,4,0.65,0.610615947795639,0.17147932333474394,0.899964959867926,-0.9492789529108273
284,drosophila,1,4,0.65,0.6113863332546985,0.16704754068421418,0.8927759286421474,-0.9574461933166958
285,drosophila,1,4,0.75,0.6537785588752196,0.132560430568064,0.6541776180484319,-0.03920509640202771
286,drosophila,1,4,0.75,0.6497560975609756,0.1312954861391878,0.6659837527071155,-0.0540994210046139
287,drosophila,1,4,0.75,0.6449465182274613,0.13271930873707735,0.6733117029494213,-0.05329469788842688
288,drosophila,1,4,0.75,0.6555543249529294,0.12685824547793934,0.6554376745086197,-0.04847119856125121
289,drosophila,1,4,0.75,0.6602986385595081,0.12805366448336775,0.6845572913646343,-0.14173213625427486
290,drosophila,1,4,0.85,0.6584513518484458,0.8980163901766851,0.3441878423990879,0.5472245959419104
291,drosophila,1,4,0.85,0.6749220326545587,0.9031893239534151,0.30366990965956825,0.6158590566510129
292,drosophila,1,4,0.85,0.6655518394648829,0.8947371655504692,0.2982899713494223,0.6278085390403813
293,drosophila,1,4,0.85,0.6630614115490375,0.9003967093392928,0.3322048879232587,0.5698084633913177
294,drosophila,1,4,0.85,0.6705496905715326,0.9066387833203413,0.33862954730977246,0.5579399848956501
295,drosophila,1,4,0.95,0.8594005449591281,0.9257250135927735,-0.33567288645849686,1.320578213141018
296,drosophila,1,4,0.95,0.8443213296398892,0.9208124792565548,-0.37870608807375494,1.361961457439183
297,drosophila,1,4,0.95,0.871319520174482,0.9306762962567415,-0.3575745272322758,1.3649713566901038
298,drosophila,1,4,0.95,0.870463428252373,0.9305552012019673,-0.35818744829864524,1.3459088517321243
299,drosophila,1,4,0.95,0.8401751505199782,0.9125252525252526,-0.3370061469069959,1.3118427826078767
300,drosophila,2,3,0.05,0.5874157303370786,0.5128124347135754,0.536473809179397,-3.3376618798197026
301,drosophila,2,3,0.05,0.5891891891891892,0.5066664198401405,0.3851957901768189,-2.506691671094654
302,drosophila,2,3,0.05,0.5911949685534591,0.5236500036766427,0.4499297408089512,-1.741550757133731
303,drosophila,2,3,0.05,0.5898472596585804,0.5105403960229202,0.6618105916906152,-1.0335599606471337
304,drosophila,2,3,0.05,0.5881294964028777,0.5185120247801058,0.6472698345919866,-2.0223403386642143
305,drosophila,2,3,0.15,0.5814185814185814,0.5064254802209156,0.3928522242744702,-2.213648297501914
306,drosophila,2,3,0.15,0.572568578553616,0.5193053223371276,0.27723319534989466,-3.7246336146528187
307,drosophila,2,3,0.15,0.596,0.5122924648786717,0.3338013651497974,-0.8139970349605874
308,drosophila,2,3,0.15,0.5742871435717859,0.4946299683606882,0.6062740698680458,-3.552456042975171
309,drosophila,2,3,0.15,0.5828743114672008,0.5261883315214577,0.48338425984568084,-2.110498707882972
310,drosophila,2,3,0.25,0.5580736543909348,0.5116265839699201,0.4609832947764072,-3.632021069652099
311,drosophila,2,3,0.25,0.5692481628038439,0.5053303432810075,0.3283142584976714,-3.405958402968514
312,drosophila,2,3,0.25,0.5695627484383873,0.5151026659954371,0.3700271283366096,-3.142428226686712
313,drosophila,2,3,0.25,0.5932960893854748,0.49203164411832145,0.23590634426648094,-0.8844212004393586
314,drosophila,2,3,0.25,0.5862646566164154,0.49143577349321277,0.3121196101234489,-1.0920223648401057
315,drosophila,2,3,0.35,0.5708687132593077,0.5022597007624496,0.38622762836353625,-2.085234964348473
316,drosophila,2,3,0.35,0.56,0.5045171881826125,0.5144280902644213,-2.588279030824471
317,drosophila,2,3,0.35,0.5846456692913385,0.4944091223841941,0.29057237553230775,-1.1941310427704495
318,drosophila,2,3,0.35,0.5770470664087686,0.5104300357650119,0.4594758639769001,-1.7667018677089288
319,drosophila,2,3,0.35,0.5772303595206392,0.5146671894696725,0.40424895713392284,-1.2848213563717275
320,drosophila,2,3,0.44999999999999996,0.5760441292356187,0.4959053333676701,0.3820001621283773,-1.204083980140183
321,drosophila,2,3,0.44999999999999996,0.5874015748031496,0.4695838995664272,0.33902016616117253,-1.0461957565066546
322,drosophila,2,3,0.44999999999999996,0.6010479041916168,0.47586559781681737,0.34293232886450353,-0.4285572026241788
323,drosophila,2,3,0.44999999999999996,0.5915822291504287,0.5127805000628219,0.4035315154962447,-1.0550487185408688
324,drosophila,2,3,0.44999999999999996,0.5965177895533686,0.510062893081761,0.3176411808929679,-0.9946582517754063
325,drosophila,2,3,0.5499999999999999,0.5718446601941748,0.5068087763595251,0.4282433704547312,-0.6245456432714241
326,drosophila,2,3,0.5499999999999999,0.5598831548198637,0.4751307151000511,0.3997983112739101,-1.1974296496582104
327,drosophila,2,3,0.5499999999999999,0.5634075508228461,0.4883921161021091,0.4277917956624861,-1.2672454441555072
328,drosophila,2,3,0.5499999999999999,0.5775862068965517,0.46813788127057626,0.4499003891800743,-0.5399056524686121
329,drosophila,2,3,0.5499999999999999,0.585820895522388,0.4954725258918297,0.39464558339352446,-0.6009455797519933
330,drosophila,2,3,0.65,0.5540704738760632,0.48029974720115565,0.4844726476222387,-0.84371516650308
331,drosophila,2,3,0.65,0.592800899887514,0.4714557262791066,0.3807246968594066,-0.4274144615323211
332,drosophila,2,3,0.65,0.5698393077873919,0.4670184361093452,0.3951396724098485,-0.650262531423886
333,drosophila,2,3,0.65,0.6071428571428571,0.4762566844919786,0.3539641280842059,-0.3427421135160559
334,drosophila,2,3,0.65,0.5705445544554455,0.5112929623567921,0.42837494657413433,-0.40205633644806327
335,drosophila,2,3,0.75,0.5537918871252204,0.4459435379171652,0.4399853572275092,-0.5750178472478136
336,drosophila,2,3,0.75,0.5772357723577236,0.5134121687716018,0.41437180972680393,-0.2641425762664218
337,drosophila,2,3,0.75,0.6003344481605352,0.43211951447245567,0.3955999894376687,-0.4536961833375637
338,drosophila,2,3,0.75,0.5864527629233511,0.4215552164991845,0.4055520830630986,-0.24374693839026784
339,drosophila,2,3,0.75,0.5620567375886525,0.4236341919401745,0.4282751585266292,-0.575578552979829
340,drosophila,2,3,0.85,0.5835411471321695,0.44654281181227284,0.41035781435051705,-0.18112336197919507
341,drosophila,2,3,0.85,0.6286549707602339,0.45061344076176524,0.37015019558523005,-0.1618784746615245
342,drosophila,2,3,0.85,0.6361256544502618,0.44222399857891465,0.3589981836969639,-0.12797005772814035
343,drosophila,2,3,0.85,0.5561959654178674,0.42624991588722155,0.4222565347112873,-0.1115143179483784
344,drosophila,2,3,0.85,0.5549738219895288,0.4507769145394007,0.44042498351344966,-0.25050055860242987
345,drosophila,2,3,0.95,0.584,0.45073761854583777,0.37286709890104824,0.03666367623176676
346,drosophila,2,3,0.95,0.616822429906542,0.6175166297117517,0.3655510801168244,0.038528682750759914
347,drosophila,2,3,0.95,0.64,0.6208333333333332,0.3560079999205636,0.05282039436137952
348,drosophila,2,3,0.95,0.5730337078651685,0.565015479876161,0.3766951562496016,0.02012064690583318
349,drosophila,2,3,0.95,0.5916666666666667,0.39321644150617996,0.3800499301941378,-0.009460866831158665
350,drosophila,2,4,0.05,0.8756709705498331,0.5269355640600341,-1.8912363172349895,-3.4957039906665326
351,drosophila,2,4,0.05,0.8751361161524501,0.504964681349199,-2.030056407025059,-3.12558259112599
352,drosophila,2,4,0.05,0.8761158284345744,0.5510862032095958,-2.084586040414949,-1.980771194744046
353,drosophila,2,4,0.05,0.8771306303039095,0.5311656537048601,-1.9391466033897105,-0.872487981043783
354,drosophila,2,4,0.05,0.8752438055334826,0.5351767479460303,-1.9634584339794794,-2.766004910172982
355,drosophila,2,4,0.15,0.8753350117761716,0.47512226898739335,-1.959234776549277,-1.6764547011117104
356,drosophila,2,4,0.15,0.874267578125,0.49320886999524716,-1.8900513107436048,-2.1890001957810177
357,drosophila,2,4,0.15,0.8752239778465548,0.4877893560799039,-1.9438739179283613,-1.7078993085550607
358,drosophila,2,4,0.15,0.8775197548782454,0.45086647603455343,-1.8602093151317163,-1.3735658850159898
359,drosophila,2,4,0.15,0.868914766294679,0.5100870675482031,-1.888636299317073,-4.0852315577446
360,drosophila,2,4,0.25,0.8749540610069827,0.5015529933269988,-1.9599674984331135,-0.9686420622289004
361,drosophila,2,4,0.25,0.8727023319615912,0.46218473482359745,-1.9032598394326612,-1.546434976595458
362,drosophila,2,4,0.25,0.8707703717437656,0.47430364015843895,-1.8252105775777419,-2.7980596383326835
363,drosophila,2,4,0.25,0.8707885631032599,0.47324028466398604,-1.9692152626714998,-1.7400310937467365
364,drosophila,2,4,0.25,0.8752542999815055,0.46151510160179865,-1.8842008283173979,-1.399307554927997
365,drosophila,2,4,0.35,0.8751714677640604,0.4061640470494583,-1.876112401470082,-0.9665676430602642
366,drosophila,2,4,0.35,0.8798066820760664,0.4168156395839299,-1.8376034713805682,-0.7652833747807506
367,drosophila,2,4,0.35,0.8769443852546346,0.3970427787124691,-1.7909090204149174,-1.3057809885321294
368,drosophila,2,4,0.35,0.874605512308016,0.4079256842691562,-1.9385924615150243,-0.7998880691857856
369,drosophila,2,4,0.35,0.873019249175795,0.4006620525838578,-1.9703571567618952,-0.7568001703757948
370,drosophila,2,4,0.44999999999999996,0.8750470928042196,0.37114402679546704,-1.908381975127866,-0.6908127186207482
371,drosophila,2,4,0.44999999999999996,0.8762834961182069,0.3569112574674314,-1.9204576409239118,-0.42755420877371536
372,drosophila,2,4,0.44999999999999996,0.8731567108222944,0.39346529807649966,-1.940914864084653,-0.6207892845882357
373,drosophila,2,4,0.44999999999999996,0.8777862208713273,0.3640578522714275,-1.9065156801642713,-0.4422177141450803
374,drosophila,2,4,0.44999999999999996,0.8732621648460774,0.39723404284965835,-1.9253324824071263,-0.7204344845481359
375,drosophila,2,4,0.5499999999999999,0.874826147426982,0.33548930193810367,-1.9259931165756556,-0.37127942507830686
376,drosophila,2,4,0.5499999999999999,0.8794031687432703,0.32397747230779667,-1.8955233854297127,-0.38552346162707346
377,drosophila,2,4,0.5499999999999999,0.8774339622641509,0.313875643093152,-1.9132928028447191,-0.3135528898488573
378,drosophila,2,4,0.5499999999999999,0.8738252965644739,0.3429180422304541,-1.9507657083252719,-0.28136497334555366
379,drosophila,2,4,0.5499999999999999,0.8751900273639404,0.34399090912360675,-1.9381717223275308,-0.29507696292161884
380,drosophila,2,4,0.65,0.8810927672955975,0.250164902118748,-1.9296833294896107,-0.08739928574164642
381,drosophila,2,4,0.65,0.8819851504493943,0.7317453500074824,-1.9417572822702143,0.001054988903214124
382,drosophila,2,4,0.65,0.8768072885719944,0.2882396606035603,-1.964957468805868,-0.0122318982200268
383,drosophila,2,4,0.65,0.8786993769470405,0.29418917847104087,-1.9512150515214988,-0.03845156171369081
384,drosophila,2,4,0.65,0.8759280969128566,0.282887408424828,-1.949886197936801,-0.1333282280547318
385,drosophila,2,4,0.75,0.8859097127222982,0.8303820192764874,-1.9971301698573125,0.2502368204707893
386,drosophila,2,4,0.75,0.8809194129050124,0.7963332431661829,-2.049779216817019,0.37702903788596137
387,drosophila,2,4,0.75,0.8805928411633109,0.8239781708330142,-2.0236353691089413,0.29016469294916386
388,drosophila,2,4,0.75,0.8810916179337231,0.8351414626491828,-2.008043849430686,0.2575870229804833
389,drosophila,2,4,0.75,0.8688259109311741,0.7677546639871033,-2.0542612018805375,0.26423075746379876
390,drosophila,2,4,0.85,0.8765320018157059,0.887803655003343,-2.147170842173297,0.7274003910174791
391,drosophila,2,4,0.85,0.8808490110950313,0.9094055312904469,-2.1447134853529466,0.7538236330987983
392,drosophila,2,4,0.85,0.8799814643188137,0.877793910594861,-2.1391119378138064,0.7450294520789046
393,drosophila,2,4,0.85,0.8838797814207651,0.8808625061224009,-2.1613857571529773,0.7783979051902888
394,drosophila,2,4,0.85,0.8708765315739868,0.8947627549847508,-2.147887121814001,0.7500389221679371
395,drosophila,2,4,0.95,0.9144736842105263,0.9590266504329004,-2.08675247458067,1.4850170470996393
396,drosophila,2,4,0.95,0.8825136612021858,0.9476901230185067,-2.0501651174108475,1.4311685531637133
397,drosophila,2,4,0.95,0.9108187134502924,0.9649449410772932,-2.016790041020129,1.5766681341889452
398,drosophila,2,4,0.95,0.9156626506024096,0.9448463268365818,-2.0696027891756668,1.5158079523223673
399,drosophila,2,4,0.95,0.9208173690932312,0.9540055386873978,-2.086943696853201,1.3981758982447037
400,drosophila,3,4,0.05,0.9021828205319228,0.4493484391070083,-1.9902288069249467,-2.571010527727942
401,drosophila,3,4,0.05,0.9023501413059646,0.4799501011437801,-2.206584564759992,-1.3689251495529473
402,drosophila,3,4,0.05,0.9015432556759163,0.49187505662090447,-2.2353384510663945,-2.0456048469944563
403,drosophila,3,4,0.05,0.9004528245861481,0.4933156262524886,-2.127389986263875,-3.1883480985781327
404,drosophila,3,4,0.05,0.9017757634296754,0.4854617788586033,-2.116832186658004,-2.947567150845894
405,drosophila,3,4,0.15,0.8995091922469013,0.4580426565789014,-2.046810837854199,-3.16986317097554
406,drosophila,3,4,0.15,0.9003815527538155,0.4461573530571809,-2.2809608877477547,-1.283847903030984
407,drosophila,3,4,0.15,0.9013141581948921,0.4653037124626474,-2.10277448121401,-2.425531184401972
408,drosophila,3,4,0.15,0.9014107883817427,0.49123041180047716,-2.1873222801188974,-1.6630004009608887
409,drosophila,3,4,0.15,0.9022744313921519,0.47317751158870425,-2.146715693796866,-1.2493240012366078
410,drosophila,3,4,0.25,0.9015578078078078,0.40057785122685496,-2.1101196459059235,-1.2638777274961344
411,drosophila,3,4,0.25,0.903581782474516,0.3861890181483531,-2.0948806428205695,-1.028840756968859
412,drosophila,3,4,0.25,0.9002446828533786,0.42509402599189267,-2.1596102779139983,-1.2363270114708744
413,drosophila,3,4,0.25,0.898176291793313,0.4566988715722625,-2.2154627641336178,-1.4454451340542847
414,drosophila,3,4,0.25,0.9023264575680512,0.3931044751940274,-2.1892438251706405,-0.7347891874613164
415,drosophila,3,4,0.35,0.8997168989547039,0.38417299923047327,-2.1396917278769227,-1.1386784527387295
416,drosophila,3,4,0.35,0.9055729222809098,0.35084622902752893,-2.0934581309726363,-0.7812667189247613
417,drosophila,3,4,0.35,0.902127659574468,0.37053031603401554,-2.0983797423521495,-1.0408678196374428
418,drosophila,3,4,0.35,0.9033905672679852,0.42734680460414093,-2.134905877443519,-0.8296401751650612
419,drosophila,3,4,0.35,0.9042645778938208,0.3737918473293266,-2.1351083017084647,-0.5869240272840864
420,drosophila,3,4,0.44999999999999996,0.9049623676489348,0.3218080124426919,-2.133753064325466,-0.44912809851406954
421,drosophila,3,4,0.44999999999999996,0.8990589145288127,0.35208575337515163,-2.167343083294149,-0.7768351347149924
422,drosophila,3,4,0.44999999999999996,0.9014612698823226,0.3360022455233549,-2.172960533373028,-0.5562471983269672
423,drosophila,3,4,0.44999999999999996,0.9042140641158222,0.3196266081710572,-2.1278227681933464,-0.5585561618989497
424,drosophila,3,4,0.44999999999999996,0.9044229791560753,0.3401435433285805,-2.1096158951550805,-0.6614236531937018
425,drosophila,3,4,0.5499999999999999,0.8970099667774086,0.31705367132914497,-2.2209192736539585,-0.37323550387078114
426,drosophila,3,4,0.5499999999999999,0.9017885158456228,0.2796408140850769,-2.1905401588972055,-0.255016204135072
427,drosophila,3,4,0.5499999999999999,0.9030885597226599,0.2985747177311243,-2.175587792682527,-0.2811167190434051
428,drosophila,3,4,0.5499999999999999,0.906747294716741,0.30852526543652825,-2.1279026539180834,-0.34665257045427933
429,drosophila,3,4,0.5499999999999999,0.9020356234096693,0.3142232635136373,-2.1851990319884314,-0.3002571942736831
430,drosophila,3,4,0.65,0.9051302931596091,0.2658139929994459,-2.1869919072832094,-0.1296771982491659
431,drosophila,3,4,0.65,0.903390522875817,0.25585840687660455,-2.2083991652734785,-0.06368866763368417
432,drosophila,3,4,0.65,0.9016459253311923,0.7388727352027187,-2.2320296717527075,0.0024504377357901955
433,drosophila,3,4,0.65,0.9014486839420527,0.26614911518566525,-2.207973032676684,-0.15187918937623623
434,drosophila,3,4,0.65,0.9043442790128493,0.7526363927511102,-2.215489043272375,0.0020037493728905847
435,drosophila,3,4,0.75,0.9071146245059288,0.8107498318476326,-2.2914216738053654,0.32249184343921833
436,drosophila,3,4,0.75,0.897841726618705,0.7998356807511736,-2.2892331494168556,0.21528494003793616
437,drosophila,3,4,0.75,0.899803536345776,0.8220519648907597,-2.3053823750959097,0.2885834113490081
438,drosophila,3,4,0.75,0.9025883662677429,0.7772547464869389,-2.273061990438578,0.19889989749131268
439,drosophila,3,4,0.75,0.9019497033060186,0.7779011650162871,-2.306697578723984,0.31969242796866537
440,drosophila,3,4,0.85,0.9023809523809524,0.823584119369003,-2.3833107826818583,0.6965538693707294
441,drosophila,3,4,0.85,0.9058597502401537,0.8918129287770251,-2.3643513594796093,0.634322189005981
442,drosophila,3,4,0.85,0.9009227780475959,0.8483356823623722,-2.3651236155813455,0.659229451496101
443,drosophila,3,4,0.85,0.9005602240896359,0.8678217568761455,-2.3765628030690005,0.6192905143387408
444,drosophila,3,4,0.85,0.9073451752280365,0.8744350282485875,-2.3641790112226904,0.6255545587977998
445,drosophila,3,4,0.95,0.9208731241473397,0.9531168150864326,-2.2461551959218764,1.1930238417976458
446,drosophila,3,4,0.95,0.9209431345353676,0.9482073397598513,-2.234845914775951,1.1865978068735548
447,drosophila,3,4,0.95,0.9045020463847203,0.9467735067549259,-2.2297535593015034,1.1618748302944801
448,drosophila,3,4,0.95,0.9197622585438335,0.947546958228203,-2.222386103451752,1.2484317606724418
449,drosophila,3,4,0.95,0.9191176470588235,0.946583044982699,-2.2048955320111454,1.2452193337085775
